# MX01 simplified boundary surface generated by simplify_mx01_surfaces.py
o MX01_BoundarySurface_Simplified
usemtl MX01_BoundarySimplified
v -18.500000 -5.000000 -35.500000
v -18.500000 -4.500000 -35.500000
v -18.500000 -4.500000 -36.000000
v -18.500000 -5.000000 -36.000000
v -18.500000 -4.500000 -39.000000
v -18.500000 -4.000000 -39.000000
v -18.500000 -4.000000 -40.000000
v -18.500000 -4.500000 -40.000000
v -18.500000 -4.500000 -33.500000
v -18.500000 -4.000000 -33.500000
v -18.500000 -4.000000 -37.500000
v -18.500000 -4.500000 -37.500000
v -18.500000 -2.000000 -39.000000
v -18.500000 -2.000000 -40.500000
v -18.500000 -4.000000 -40.500000
v -18.500000 -4.000000 -34.500000
v -18.500000 -2.000000 -34.500000
v -18.500000 -2.000000 -38.000000
v -18.500000 -4.000000 -38.000000
v -18.500000 -1.500000 -39.000000
v -18.500000 -1.500000 -40.000000
v -18.500000 -2.000000 -40.000000
v -18.500000 -2.000000 -33.500000
v -18.500000 -1.500000 -33.500000
v -18.500000 -1.500000 -37.500000
v -18.500000 -2.000000 -37.500000
v -18.500000 -1.500000 -35.500000
v -18.500000 -1.000000 -35.500000
v -18.500000 -1.000000 -36.000000
v -18.500000 -1.500000 -36.000000
v -18.000000 -6.000000 -38.500000
v -18.000000 -5.500000 -38.500000
v -18.000000 -5.500000 -41.000000
v -18.000000 -6.000000 -41.000000
v -18.000000 -5.500000 -40.000000
v -18.000000 -5.000000 -40.000000
v -18.000000 -5.000000 -42.000000
v -18.000000 -5.500000 -42.000000
v -18.000000 -5.500000 -35.500000
v -18.000000 -5.000000 -35.500000
v -18.000000 -5.000000 -39.500000
v -18.000000 -5.500000 -39.500000
v -18.000000 -5.000000 -41.500000
v -18.000000 -4.500000 -41.500000
v -18.000000 -4.500000 -42.500000
v -18.000000 -5.000000 -42.500000
v -18.000000 -5.000000 -38.000000
v -18.000000 -2.500000 -38.000000
v -18.000000 -2.500000 -39.000000
v -18.000000 -5.000000 -39.000000
v -18.000000 -5.000000 -37.500000
v -18.000000 -4.000000 -37.500000
v -18.000000 -4.000000 -38.000000
v -18.000000 -5.000000 -36.000000
v -18.000000 -4.500000 -36.000000
v -18.000000 -4.500000 -37.500000
v -18.000000 -5.000000 -33.500000
v -18.000000 -4.500000 -33.500000
v -18.000000 -4.500000 -35.500000
v -18.000000 -3.500000 -42.500000
v -18.000000 -3.500000 -43.000000
v -18.000000 -4.500000 -43.000000
v -18.000000 -4.500000 -40.500000
v -18.000000 -4.000000 -40.500000
v -18.000000 -4.000000 -41.500000
v -18.000000 -3.500000 -40.500000
v -18.000000 -4.000000 -42.500000
v -18.000000 -2.500000 -40.500000
v -18.000000 -2.500000 -43.500000
v -18.000000 -3.500000 -43.500000
v -18.000000 -2.500000 -42.500000
v -18.000000 -1.500000 -42.500000
v -18.000000 -1.500000 -43.000000
v -18.000000 -2.500000 -43.000000
v -18.000000 -2.500000 -42.000000
v -18.000000 -2.000000 -42.000000
v -18.000000 -2.000000 -42.500000
v -18.000000 -1.500000 -40.500000
v -18.000000 -1.500000 -41.500000
v -18.000000 -2.500000 -41.500000
v -18.000000 -2.000000 -38.000000
v -18.000000 -2.000000 -38.500000
v -18.000000 -2.500000 -38.500000
v -18.000000 -2.000000 -37.500000
v -18.000000 -1.000000 -37.500000
v -18.000000 -1.000000 -39.000000
v -18.000000 -2.000000 -39.000000
v -18.000000 -1.000000 -41.500000
v -18.000000 -1.000000 -42.500000
v -18.000000 -1.500000 -36.000000
v -18.000000 -1.000000 -36.000000
v -18.000000 -1.500000 -37.500000
v -18.000000 -1.500000 -33.500000
v -18.000000 -1.000000 -33.500000
v -18.000000 -1.000000 -35.500000
v -18.000000 -1.500000 -35.500000
v -18.000000 -0.500000 -35.500000
v -18.000000 -0.500000 -42.000000
v -18.000000 -1.000000 -42.000000
v -18.000000 -0.500000 -38.500000
v -18.000000 0.000000 -38.500000
v -18.000000 0.000000 -41.000000
v -18.000000 -0.500000 -41.000000
v -17.500000 -6.000000 -41.000000
v -17.500000 -5.500000 -41.000000
v -17.500000 -5.500000 -43.000000
v -17.500000 -6.000000 -43.000000
v -17.500000 -6.000000 -37.500000
v -17.500000 -5.500000 -37.500000
v -17.500000 -5.500000 -38.500000
v -17.500000 -6.000000 -38.500000
v -17.500000 -5.500000 -42.000000
v -17.500000 -5.000000 -42.000000
v -17.500000 -5.000000 -45.500000
v -17.500000 -5.500000 -45.500000
v -17.500000 -5.500000 -35.000000
v -17.500000 -5.000000 -35.000000
v -17.500000 -5.000000 -35.500000
v -17.500000 -5.500000 -35.500000
v -17.500000 -5.000000 -47.500000
v -17.500000 -1.000000 -47.500000
v -17.500000 -1.000000 -48.000000
v -17.500000 -5.000000 -48.000000
v -17.500000 -5.000000 -44.000000
v -17.500000 -4.500000 -44.000000
v -17.500000 -4.500000 -46.500000
v -17.500000 -5.000000 -46.500000
v -17.500000 -5.000000 -43.000000
v -17.500000 -3.500000 -43.000000
v -17.500000 -3.500000 -43.500000
v -17.500000 -5.000000 -43.500000
v -17.500000 -5.000000 -42.500000
v -17.500000 -4.500000 -42.500000
v -17.500000 -4.500000 -43.000000
v -17.500000 -2.500000 -44.000000
v -17.500000 -2.500000 -47.000000
v -17.500000 -4.500000 -47.000000
v -17.500000 -4.500000 -41.500000
v -17.500000 -4.000000 -41.500000
v -17.500000 -4.000000 -42.000000
v -17.500000 -4.500000 -42.000000
v -17.500000 -4.000000 -43.500000
v -17.500000 -2.500000 -43.500000
v -17.500000 -4.000000 -44.000000
v -17.500000 -2.500000 -43.000000
v -17.500000 -2.000000 -43.000000
v -17.500000 -2.000000 -46.500000
v -17.500000 -2.500000 -46.500000
v -17.500000 -2.500000 -41.500000
v -17.500000 -1.500000 -41.500000
v -17.500000 -1.500000 -42.000000
v -17.500000 -2.500000 -42.000000
v -17.500000 -2.500000 -38.500000
v -17.500000 -2.000000 -38.500000
v -17.500000 -2.000000 -39.000000
v -17.500000 -2.500000 -39.000000
v -17.500000 -1.500000 -43.000000
v -17.500000 -1.500000 -47.000000
v -17.500000 -2.000000 -47.000000
v -17.500000 -1.500000 -42.500000
v -17.500000 -1.000000 -42.500000
v -17.500000 -1.000000 -46.500000
v -17.500000 -1.500000 -46.500000
v -17.500000 -1.000000 -42.000000
v -17.500000 -0.500000 -42.000000
v -17.500000 -0.500000 -45.500000
v -17.500000 -1.000000 -45.500000
v -17.500000 -1.000000 -35.000000
v -17.500000 -0.500000 -35.000000
v -17.500000 -0.500000 -35.500000
v -17.500000 -1.000000 -35.500000
v -17.500000 -0.500000 -41.000000
v -17.500000 0.000000 -41.000000
v -17.500000 0.000000 -43.000000
v -17.500000 -0.500000 -43.000000
v -17.500000 -0.500000 -37.500000
v -17.500000 0.000000 -37.500000
v -17.500000 0.000000 -38.500000
v -17.500000 -0.500000 -38.500000
v -17.000000 -6.000000 -43.000000
v -17.000000 -5.500000 -43.000000
v -17.000000 -5.500000 -44.000000
v -17.000000 -6.000000 -44.000000
v -17.000000 -5.500000 -45.500000
v -17.000000 -5.000000 -45.500000
v -17.000000 -5.000000 -49.500000
v -17.000000 -5.500000 -49.500000
v -17.000000 -5.000000 -48.000000
v -17.000000 -1.000000 -48.000000
v -17.000000 -1.000000 -50.500000
v -17.000000 -5.000000 -50.500000
v -17.000000 -5.000000 -47.000000
v -17.000000 -1.000000 -47.000000
v -17.000000 -1.000000 -47.500000
v -17.000000 -5.000000 -47.500000
v -17.000000 -5.000000 -46.500000
v -17.000000 -4.500000 -46.500000
v -17.000000 -4.500000 -47.000000
v -17.000000 -1.500000 -46.500000
v -17.000000 -1.000000 -46.500000
v -17.000000 -1.500000 -47.000000
v -17.000000 -1.000000 -45.500000
v -17.000000 -0.500000 -45.500000
v -17.000000 -0.500000 -49.500000
v -17.000000 -1.000000 -49.500000
v -17.000000 -0.500000 -43.000000
v -17.000000 0.000000 -43.000000
v -17.000000 0.000000 -44.000000
v -17.000000 -0.500000 -44.000000
v -16.500000 -5.500000 -49.500000
v -16.500000 -5.000000 -49.500000
v -16.500000 -5.000000 -51.500000
v -16.500000 -5.500000 -51.500000
v -16.500000 -5.000000 -50.500000
v -16.500000 -4.500000 -50.500000
v -16.500000 -4.500000 -51.000000
v -16.500000 -5.000000 -51.000000
v -16.500000 -4.000000 -50.500000
v -16.500000 -4.000000 -51.500000
v -16.500000 -4.500000 -51.500000
v -16.500000 -4.500000 -33.000000
v -16.500000 -4.000000 -33.000000
v -16.500000 -4.000000 -40.000000
v -16.500000 -4.500000 -40.000000
v -16.500000 -2.000000 -50.500000
v -16.500000 -2.000000 -52.000000
v -16.500000 -4.000000 -52.000000
v -16.500000 -3.500000 -33.000000
v -16.500000 -3.500000 -37.000000
v -16.500000 -4.000000 -37.000000
v -16.500000 -2.500000 -33.000000
v -16.500000 -2.500000 -36.500000
v -16.500000 -3.500000 -36.500000
v -16.500000 -2.000000 -33.000000
v -16.500000 -2.000000 -37.000000
v -16.500000 -2.500000 -37.000000
v -16.500000 -0.500000 -50.500000
v -16.500000 -0.500000 -51.500000
v -16.500000 -2.000000 -51.500000
v -16.500000 -1.500000 -33.000000
v -16.500000 -1.500000 -40.000000
v -16.500000 -2.000000 -40.000000
v -16.500000 -1.000000 -49.500000
v -16.500000 -0.500000 -49.500000
v -16.500000 -1.000000 -50.500000
v -16.000000 -7.000000 -39.000000
v -16.000000 -6.500000 -39.000000
v -16.000000 -6.500000 -40.500000
v -16.000000 -7.000000 -40.500000
v -16.000000 -6.500000 -35.500000
v -16.000000 -6.000000 -35.500000
v -16.000000 -6.000000 -49.000000
v -16.000000 -6.500000 -49.000000
v -16.000000 -6.000000 -52.500000
v -16.000000 0.000000 -52.500000
v -16.000000 0.000000 -53.000000
v -16.000000 -6.000000 -53.000000
v -16.000000 -6.000000 -52.000000
v -16.000000 -1.000000 -52.000000
v -16.000000 -1.000000 -52.500000
v -16.000000 -6.000000 -51.500000
v -16.000000 -5.000000 -51.500000
v -16.000000 -5.000000 -52.000000
v -16.000000 -6.000000 -44.000000
v -16.000000 -5.500000 -44.000000
v -16.000000 -5.500000 -51.500000
v -16.000000 -6.000000 -33.500000
v -16.000000 -5.500000 -33.500000
v -16.000000 -5.500000 -37.500000
v -16.000000 -6.000000 -37.500000
v -16.000000 -5.500000 -33.000000
v -16.000000 -5.000000 -33.000000
v -16.000000 -5.000000 -35.000000
v -16.000000 -5.500000 -35.000000
v -16.000000 -5.500000 -31.500000
v -16.000000 -5.000000 -31.500000
v -16.000000 -5.000000 -32.500000
v -16.000000 -5.500000 -32.500000
v -16.000000 -4.500000 -31.500000
v -16.000000 -4.500000 -33.500000
v -16.000000 -5.000000 -33.500000
v -16.000000 -5.000000 -30.000000
v -16.000000 -4.500000 -30.000000
v -16.000000 -4.500000 -31.000000
v -16.000000 -5.000000 -31.000000
v -16.000000 -4.500000 -51.500000
v -16.000000 -4.000000 -51.500000
v -16.000000 -4.000000 -52.000000
v -16.000000 -4.500000 -52.000000
v -16.000000 -4.500000 -30.500000
v -16.000000 -1.500000 -30.500000
v -16.000000 -1.500000 -33.000000
v -16.000000 -4.500000 -33.000000
v -16.000000 -4.500000 -29.500000
v -16.000000 -4.000000 -29.500000
v -16.000000 -4.000000 -30.000000
v -16.000000 -4.000000 -37.000000
v -16.000000 -3.500000 -37.000000
v -16.000000 -3.500000 -43.000000
v -16.000000 -4.000000 -43.000000
v -16.000000 -2.000000 -30.000000
v -16.000000 -2.000000 -30.500000
v -16.000000 -4.000000 -30.500000
v -16.000000 -3.500000 -36.500000
v -16.000000 -2.500000 -36.500000
v -16.000000 -2.500000 -43.500000
v -16.000000 -3.500000 -43.500000
v -16.000000 -3.500000 -29.500000
v -16.000000 -2.500000 -29.500000
v -16.000000 -2.500000 -30.000000
v -16.000000 -3.500000 -30.000000
v -16.000000 -3.500000 -27.500000
v -16.000000 -2.500000 -27.500000
v -16.000000 -2.500000 -28.000000
v -16.000000 -3.500000 -28.000000
v -16.000000 -2.500000 -39.000000
v -16.000000 -2.000000 -39.000000
v -16.000000 -2.000000 -43.000000
v -16.000000 -2.500000 -43.000000
v -16.000000 -2.500000 -37.000000
v -16.000000 -2.000000 -37.000000
v -16.000000 -2.000000 -38.500000
v -16.000000 -2.500000 -38.500000
v -16.000000 -2.000000 -51.500000
v -16.000000 -1.500000 -51.500000
v -16.000000 -1.500000 -52.000000
v -16.000000 -2.000000 -52.000000
v -16.000000 -2.000000 -29.500000
v -16.000000 -1.500000 -29.500000
v -16.000000 -1.500000 -30.000000
v -16.000000 -1.500000 -32.000000
v -16.000000 -1.000000 -32.000000
v -16.000000 -1.000000 -33.500000
v -16.000000 -1.500000 -33.500000
v -16.000000 -1.000000 -30.000000
v -16.000000 -1.000000 -31.000000
v -16.000000 -1.500000 -31.000000
v -16.000000 -1.000000 -31.500000
v -16.000000 -0.500000 -31.500000
v -16.000000 -0.500000 -35.000000
v -16.000000 -1.000000 -35.000000
v -16.000000 -0.500000 -44.000000
v -16.000000 0.000000 -44.000000
v -16.000000 -0.500000 -52.500000
v -16.000000 -0.500000 -33.500000
v -16.000000 0.000000 -33.500000
v -16.000000 0.000000 -37.500000
v -16.000000 -0.500000 -37.500000
v -16.000000 0.000000 -35.500000
v -16.000000 0.500000 -35.500000
v -16.000000 0.500000 -46.500000
v -16.000000 0.000000 -46.500000
v -16.000000 0.500000 -39.000000
v -16.000000 1.000000 -39.000000
v -16.000000 1.000000 -39.500000
v -16.000000 0.500000 -39.500000
v -15.500000 -7.000000 -42.000000
v -15.500000 -6.500000 -42.000000
v -15.500000 -6.500000 -47.500000
v -15.500000 -7.000000 -47.500000
v -15.500000 -7.000000 -40.500000
v -15.500000 -6.500000 -40.500000
v -15.500000 -6.500000 -41.500000
v -15.500000 -7.000000 -41.500000
v -15.500000 -7.000000 -35.500000
v -15.500000 -6.500000 -35.500000
v -15.500000 -6.500000 -39.000000
v -15.500000 -7.000000 -39.000000
v -15.500000 -6.500000 -49.000000
v -15.500000 -6.000000 -49.000000
v -15.500000 -6.000000 -53.000000
v -15.500000 -6.500000 -53.000000
v -15.500000 -6.500000 -33.500000
v -15.500000 -6.000000 -33.500000
v -15.500000 -6.000000 -35.500000
v -15.500000 -6.000000 -31.500000
v -15.500000 -5.500000 -31.500000
v -15.500000 -5.500000 -33.500000
v -15.500000 -5.500000 -29.000000
v -15.500000 -5.000000 -29.000000
v -15.500000 -5.000000 -31.500000
v -15.500000 -5.000000 -53.000000
v -15.500000 -1.000000 -53.000000
v -15.500000 -1.000000 -53.500000
v -15.500000 -5.000000 -53.500000
v -15.500000 -5.000000 -28.500000
v -15.500000 -4.500000 -28.500000
v -15.500000 -4.500000 -30.000000
v -15.500000 -5.000000 -30.000000
v -15.500000 -5.000000 -27.500000
v -15.500000 -4.500000 -27.500000
v -15.500000 -4.500000 -28.000000
v -15.500000 -5.000000 -28.000000
v -15.500000 -4.000000 -30.000000
v -15.500000 -4.000000 -30.500000
v -15.500000 -4.500000 -30.500000
v -15.500000 -4.000000 -27.500000
v -15.500000 -4.000000 -29.500000
v -15.500000 -4.500000 -29.500000
v -15.500000 -2.000000 -30.000000
v -15.500000 -1.500000 -30.000000
v -15.500000 -1.500000 -30.500000
v -15.500000 -2.000000 -30.500000
v -15.500000 -2.000000 -27.500000
v -15.500000 -1.500000 -27.500000
v -15.500000 -1.500000 -29.500000
v -15.500000 -2.000000 -29.500000
v -15.500000 -1.500000 -28.500000
v -15.500000 -1.000000 -28.500000
v -15.500000 -1.000000 -30.000000
v -15.500000 -1.000000 -27.500000
v -15.500000 -1.000000 -28.000000
v -15.500000 -1.500000 -28.000000
v -15.500000 -1.000000 -29.000000
v -15.500000 -0.500000 -29.000000
v -15.500000 -0.500000 -31.500000
v -15.500000 -1.000000 -31.500000
v -15.500000 0.000000 -31.500000
v -15.500000 0.000000 -33.500000
v -15.500000 -0.500000 -33.500000
v -15.500000 0.000000 -46.500000
v -15.500000 0.500000 -46.500000
v -15.500000 0.500000 -53.000000
v -15.500000 0.000000 -53.000000
v -15.500000 0.500000 -33.500000
v -15.500000 0.500000 -35.500000
v -15.500000 0.000000 -35.500000
v -15.500000 0.500000 -39.500000
v -15.500000 1.000000 -39.500000
v -15.500000 1.000000 -45.500000
v -15.500000 0.500000 -45.500000
v -15.500000 0.500000 -35.000000
v -15.500000 1.000000 -35.000000
v -15.500000 1.000000 -39.000000
v -15.500000 0.500000 -39.000000
v -15.000000 -8.000000 -38.000000
v -15.000000 -7.500000 -38.000000
v -15.000000 -7.500000 -42.500000
v -15.000000 -8.000000 -42.500000
v -15.000000 -7.500000 -35.500000
v -15.000000 -7.000000 -35.500000
v -15.000000 -7.000000 -49.500000
v -15.000000 -7.500000 -49.500000
v -15.000000 -7.000000 -47.500000
v -15.000000 -6.500000 -47.500000
v -15.000000 -6.500000 -51.000000
v -15.000000 -7.000000 -51.000000
v -15.000000 -7.000000 -33.500000
v -15.000000 -6.500000 -33.500000
v -15.000000 -6.500000 -35.500000
v -15.000000 -6.500000 -32.000000
v -15.000000 -6.000000 -32.000000
v -15.000000 -6.000000 -33.500000
v -15.000000 -6.000000 -30.500000
v -15.000000 -5.500000 -30.500000
v -15.000000 -5.500000 -31.500000
v -15.000000 -6.000000 -31.500000
v -15.000000 -5.000000 -51.000000
v -15.000000 -4.500000 -51.000000
v -15.000000 -4.500000 -52.000000
v -15.000000 -5.000000 -52.000000
v -15.000000 -5.000000 -28.000000
v -15.000000 -4.500000 -28.000000
v -15.000000 -4.500000 -28.500000
v -15.000000 -5.000000 -28.500000
v -15.000000 -1.500000 -51.500000
v -15.000000 -1.000000 -51.500000
v -15.000000 -1.000000 -52.000000
v -15.000000 -1.500000 -52.000000
v -15.000000 -1.500000 -28.000000
v -15.000000 -1.000000 -28.000000
v -15.000000 -1.000000 -28.500000
v -15.000000 -1.500000 -28.500000
v -15.000000 -0.500000 -51.500000
v -15.000000 -0.500000 -52.500000
v -15.000000 -1.000000 -52.500000
v -15.000000 -0.500000 -30.500000
v -15.000000 0.000000 -30.500000
v -15.000000 0.000000 -31.500000
v -15.000000 -0.500000 -31.500000
v -15.000000 0.000000 -32.000000
v -15.000000 0.500000 -32.000000
v -15.000000 0.500000 -33.500000
v -15.000000 0.000000 -33.500000
v -15.000000 0.500000 -45.500000
v -15.000000 1.000000 -45.500000
v -15.000000 1.000000 -51.000000
v -15.000000 0.500000 -51.000000
v -15.000000 1.000000 -33.500000
v -15.000000 1.000000 -35.000000
v -15.000000 0.500000 -35.000000
v -15.000000 1.000000 -35.500000
v -15.000000 1.500000 -35.500000
v -15.000000 1.500000 -49.500000
v -15.000000 1.000000 -49.500000
v -15.000000 1.500000 -38.000000
v -15.000000 2.000000 -38.000000
v -15.000000 2.000000 -42.500000
v -15.000000 1.500000 -42.500000
v -14.500000 -4.000000 -38.000000
v -14.500000 -3.500000 -38.000000
v -14.500000 -3.500000 -38.500000
v -14.500000 -4.000000 -38.500000
v -14.500000 -2.500000 -46.500000
v -14.500000 -2.000000 -46.500000
v -14.500000 -2.000000 -47.000000
v -14.500000 -2.500000 -47.000000
v -14.500000 -2.500000 -38.000000
v -14.500000 -2.000000 -38.000000
v -14.500000 -2.000000 -38.500000
v -14.500000 -2.500000 -38.500000
v -14.000000 -7.000000 -46.000000
v -14.000000 -6.500000 -46.000000
v -14.000000 -6.500000 -47.500000
v -14.000000 -7.000000 -47.500000
v -14.000000 -6.000000 -52.500000
v -14.000000 -5.500000 -52.500000
v -14.000000 -5.500000 -53.500000
v -14.000000 -6.000000 -53.500000
v -14.000000 -5.500000 -49.000000
v -14.000000 -5.000000 -49.000000
v -14.000000 -5.000000 -50.500000
v -14.000000 -5.500000 -50.500000
v -14.000000 -5.500000 -29.000000
v -14.000000 -5.000000 -29.000000
v -14.000000 -5.000000 -29.500000
v -14.000000 -5.500000 -29.500000
v -14.000000 -5.000000 -47.000000
v -14.000000 -4.500000 -47.000000
v -14.000000 -4.500000 -48.000000
v -14.000000 -5.000000 -48.000000
v -14.000000 -4.500000 -46.000000
v -14.000000 -4.000000 -46.000000
v -14.000000 -4.000000 -46.500000
v -14.000000 -4.500000 -46.500000
v -14.000000 -4.500000 -27.500000
v -14.000000 -4.000000 -27.500000
v -14.000000 -4.000000 -37.000000
v -14.000000 -4.500000 -37.000000
v -14.000000 -4.000000 -45.500000
v -14.000000 -3.500000 -45.500000
v -14.000000 -3.500000 -46.000000
v -14.000000 -3.500000 -27.500000
v -14.000000 -3.500000 -38.000000
v -14.000000 -4.000000 -38.000000
v -14.000000 -3.500000 -29.000000
v -14.000000 -2.500000 -29.000000
v -14.000000 -2.500000 -38.500000
v -14.000000 -3.500000 -38.500000
v -14.000000 -2.500000 -45.500000
v -14.000000 -2.000000 -45.500000
v -14.000000 -2.000000 -46.000000
v -14.000000 -2.500000 -46.000000
v -14.000000 -2.500000 -27.500000
v -14.000000 -2.000000 -27.500000
v -14.000000 -2.000000 -38.000000
v -14.000000 -2.500000 -38.000000
v -14.000000 -1.500000 -46.000000
v -14.000000 -1.500000 -46.500000
v -14.000000 -2.000000 -46.500000
v -14.000000 -1.500000 -27.500000
v -14.000000 -1.500000 -37.000000
v -14.000000 -2.000000 -37.000000
v -14.000000 -1.000000 -46.500000
v -14.000000 -1.000000 -48.000000
v -14.000000 -1.500000 -48.000000
v -14.000000 -1.000000 -49.000000
v -14.000000 -0.500000 -49.000000
v -14.000000 -0.500000 -50.500000
v -14.000000 -1.000000 -50.500000
v -14.000000 -1.000000 -29.000000
v -14.000000 -0.500000 -29.000000
v -14.000000 -0.500000 -29.500000
v -14.000000 -1.000000 -29.500000
v -14.000000 -0.500000 -52.500000
v -14.000000 0.000000 -52.500000
v -14.000000 0.000000 -53.500000
v -14.000000 -0.500000 -53.500000
v -14.000000 0.500000 -35.000000
v -14.000000 1.000000 -35.000000
v -14.000000 1.000000 -35.500000
v -14.000000 0.500000 -35.500000
v -13.500000 -5.500000 -50.500000
v -13.500000 -5.000000 -50.500000
v -13.500000 -5.000000 -53.500000
v -13.500000 -5.500000 -53.500000
v -13.500000 -5.000000 -48.000000
v -13.500000 -4.500000 -48.000000
v -13.500000 -4.500000 -51.000000
v -13.500000 -5.000000 -51.000000
v -13.500000 -4.500000 -46.500000
v -13.500000 -4.000000 -46.500000
v -13.500000 -4.000000 -49.500000
v -13.500000 -4.500000 -49.500000
v -13.500000 -4.000000 -47.000000
v -13.500000 -2.000000 -47.000000
v -13.500000 -2.000000 -48.500000
v -13.500000 -4.000000 -48.500000
v -13.500000 -4.000000 -46.000000
v -13.500000 -2.500000 -46.000000
v -13.500000 -2.500000 -47.000000
v -13.500000 -3.500000 -45.500000
v -13.500000 -2.500000 -45.500000
v -13.500000 -3.500000 -46.000000
v -13.500000 -3.500000 -28.500000
v -13.500000 -2.500000 -28.500000
v -13.500000 -2.500000 -29.000000
v -13.500000 -3.500000 -29.000000
v -13.500000 -2.000000 -46.000000
v -13.500000 -2.000000 -46.500000
v -13.500000 -2.500000 -46.500000
v -13.500000 -1.500000 -46.500000
v -13.500000 -1.500000 -49.500000
v -13.500000 -2.000000 -49.500000
v -13.500000 -1.500000 -48.000000
v -13.500000 -1.000000 -48.000000
v -13.500000 -1.000000 -51.000000
v -13.500000 -1.500000 -51.000000
v -13.500000 -1.000000 -52.500000
v -13.500000 -0.500000 -52.500000
v -13.500000 -0.500000 -53.500000
v -13.500000 -1.000000 -53.500000
v -13.500000 -1.000000 -50.500000
v -13.500000 -0.500000 -50.500000
v -13.500000 -0.500000 -51.500000
v -13.500000 -1.000000 -51.500000
v -13.500000 1.000000 -40.000000
v -13.500000 1.500000 -40.000000
v -13.500000 1.500000 -40.500000
v -13.500000 1.000000 -40.500000
v -13.000000 -7.500000 -42.000000
v -13.000000 -7.000000 -42.000000
v -13.000000 -7.000000 -43.500000
v -13.000000 -7.500000 -43.500000
v -13.000000 -7.000000 -47.500000
v -13.000000 -6.500000 -47.500000
v -13.000000 -6.500000 -50.000000
v -13.000000 -7.000000 -50.000000
v -13.000000 -7.000000 -45.500000
v -13.000000 -6.500000 -45.500000
v -13.000000 -6.500000 -46.000000
v -13.000000 -7.000000 -46.000000
v -13.000000 -7.000000 -44.000000
v -13.000000 -6.500000 -44.000000
v -13.000000 -6.500000 -45.000000
v -13.000000 -7.000000 -45.000000
v -13.000000 -5.000000 -52.000000
v -13.000000 -4.500000 -52.000000
v -13.000000 -4.500000 -52.500000
v -13.000000 -5.000000 -52.500000
v -13.000000 -4.500000 -49.500000
v -13.000000 -4.000000 -49.500000
v -13.000000 -4.000000 -53.000000
v -13.000000 -4.500000 -53.000000
v -13.000000 -4.000000 -48.500000
v -13.000000 -2.000000 -48.500000
v -13.000000 -2.000000 -52.000000
v -13.000000 -4.000000 -52.000000
v -13.000000 -2.000000 -49.500000
v -13.000000 -1.500000 -49.500000
v -13.000000 -1.500000 -53.000000
v -13.000000 -2.000000 -53.000000
v -13.000000 -1.500000 -52.000000
v -13.000000 -1.000000 -52.000000
v -13.000000 -1.000000 -52.500000
v -13.000000 -1.500000 -52.500000
v -13.000000 -1.500000 -51.000000
v -13.000000 -1.000000 -51.000000
v -13.000000 -1.000000 -51.500000
v -13.000000 -1.500000 -51.500000
v -13.000000 0.500000 -45.500000
v -13.000000 1.000000 -45.500000
v -13.000000 1.000000 -49.500000
v -13.000000 0.500000 -49.500000
v -13.000000 0.500000 -44.500000
v -13.000000 1.000000 -44.500000
v -13.000000 1.000000 -45.000000
v -13.000000 0.500000 -45.000000
v -13.000000 1.000000 -42.000000
v -13.000000 1.500000 -42.000000
v -13.000000 1.500000 -43.500000
v -13.000000 1.000000 -43.500000
v -12.500000 -5.000000 -52.500000
v -12.500000 -4.500000 -52.500000
v -12.500000 -4.500000 -53.000000
v -12.500000 -5.000000 -53.000000
v -12.500000 -5.000000 -39.000000
v -12.500000 -4.500000 -39.000000
v -12.500000 -4.500000 -40.000000
v -12.500000 -5.000000 -40.000000
v -12.500000 -4.000000 -40.000000
v -12.500000 -4.000000 -40.500000
v -12.500000 -4.500000 -40.500000
v -12.500000 -4.000000 -52.000000
v -12.500000 -2.000000 -52.000000
v -12.500000 -2.000000 -52.500000
v -12.500000 -4.000000 -52.500000
v -12.500000 -2.000000 -40.000000
v -12.500000 -1.500000 -40.000000
v -12.500000 -1.500000 -40.500000
v -12.500000 -2.000000 -40.500000
v -12.500000 -1.500000 -52.500000
v -12.500000 -1.000000 -52.500000
v -12.500000 -1.000000 -53.000000
v -12.500000 -1.500000 -53.000000
v -12.500000 -1.500000 -39.000000
v -12.500000 -1.000000 -39.000000
v -12.500000 -1.000000 -40.000000
v -12.500000 0.500000 -49.500000
v -12.500000 1.000000 -49.500000
v -12.500000 1.000000 -50.000000
v -12.500000 0.500000 -50.000000
v -12.000000 -7.000000 -46.000000
v -12.000000 -6.500000 -46.000000
v -12.000000 -6.500000 -47.500000
v -12.000000 -7.000000 -47.500000
v -12.000000 -5.500000 -33.000000
v -12.000000 -5.000000 -33.000000
v -12.000000 -5.000000 -33.500000
v -12.000000 -5.500000 -33.500000
v -12.000000 -5.000000 -35.000000
v -12.000000 -4.500000 -35.000000
v -12.000000 -4.500000 -35.500000
v -12.000000 -5.000000 -35.500000
v -12.000000 -5.000000 -31.000000
v -12.000000 -4.500000 -31.000000
v -12.000000 -4.500000 -31.500000
v -12.000000 -5.000000 -31.500000
v -12.000000 -4.500000 -37.000000
v -12.000000 -4.000000 -37.000000
v -12.000000 -4.000000 -37.500000
v -12.000000 -4.500000 -37.500000
v -12.000000 -4.000000 -39.000000
v -12.000000 -3.500000 -39.000000
v -12.000000 -3.500000 -39.500000
v -12.000000 -4.000000 -39.500000
v -12.000000 -3.500000 -41.000000
v -12.000000 -2.500000 -41.000000
v -12.000000 -2.500000 -41.500000
v -12.000000 -3.500000 -41.500000
v -12.000000 -2.500000 -39.000000
v -12.000000 -2.000000 -39.000000
v -12.000000 -2.000000 -39.500000
v -12.000000 -2.500000 -39.500000
v -12.000000 -2.000000 -37.000000
v -12.000000 -1.500000 -37.000000
v -12.000000 -1.500000 -37.500000
v -12.000000 -2.000000 -37.500000
v -12.000000 -1.500000 -35.000000
v -12.000000 -1.000000 -35.000000
v -12.000000 -1.000000 -35.500000
v -12.000000 -1.500000 -35.500000
v -12.000000 -1.500000 -31.000000
v -12.000000 -1.000000 -31.000000
v -12.000000 -1.000000 -31.500000
v -12.000000 -1.500000 -31.500000
v -12.000000 -1.000000 -33.000000
v -12.000000 -0.500000 -33.000000
v -12.000000 -0.500000 -33.500000
v -12.000000 -1.000000 -33.500000
v -12.000000 1.000000 -41.500000
v -12.000000 1.500000 -41.500000
v -12.000000 1.500000 -42.000000
v -12.000000 1.000000 -42.000000
v -11.500000 -7.000000 -45.000000
v -11.500000 -6.500000 -45.000000
v -11.500000 -6.500000 -45.500000
v -11.500000 -7.000000 -45.500000
v -11.500000 -6.000000 -36.500000
v -11.500000 -5.500000 -36.500000
v -11.500000 -5.500000 -38.000000
v -11.500000 -6.000000 -38.000000
v -11.500000 -5.500000 -35.500000
v -11.500000 -4.500000 -35.500000
v -11.500000 -4.500000 -39.000000
v -11.500000 -5.500000 -39.000000
v -11.500000 -5.500000 -34.000000
v -11.500000 -5.000000 -34.000000
v -11.500000 -5.000000 -35.500000
v -11.500000 -5.500000 -32.500000
v -11.500000 -5.000000 -32.500000
v -11.500000 -5.000000 -33.000000
v -11.500000 -5.500000 -33.000000
v -11.500000 -4.500000 -50.500000
v -11.500000 -4.000000 -50.500000
v -11.500000 -4.000000 -52.500000
v -11.500000 -4.500000 -52.500000
v -11.500000 -4.500000 -40.500000
v -11.500000 -4.000000 -40.500000
v -11.500000 -4.000000 -41.000000
v -11.500000 -4.500000 -41.000000
v -11.500000 -4.500000 -37.500000
v -11.500000 -4.000000 -37.500000
v -11.500000 -4.000000 -40.000000
v -11.500000 -4.500000 -40.000000
v -11.500000 -4.000000 -48.500000
v -11.500000 -3.500000 -48.500000
v -11.500000 -3.500000 -50.000000
v -11.500000 -4.000000 -50.000000
v -11.500000 -4.000000 -39.500000
v -11.500000 -3.500000 -39.500000
v -11.500000 -3.500000 -42.000000
v -11.500000 -4.000000 -42.000000
v -11.500000 -3.500000 -48.000000
v -11.500000 -2.500000 -48.000000
v -11.500000 -2.500000 -49.500000
v -11.500000 -3.500000 -49.500000
v -11.500000 -3.500000 -41.500000
v -11.500000 -2.500000 -41.500000
v -11.500000 -2.500000 -43.500000
v -11.500000 -3.500000 -43.500000
v -11.500000 -2.500000 -48.500000
v -11.500000 -2.000000 -48.500000
v -11.500000 -2.000000 -50.000000
v -11.500000 -2.500000 -50.000000
v -11.500000 -2.500000 -39.500000
v -11.500000 -2.000000 -39.500000
v -11.500000 -2.000000 -42.000000
v -11.500000 -2.500000 -42.000000
v -11.500000 -2.000000 -50.500000
v -11.500000 -1.500000 -50.500000
v -11.500000 -1.500000 -52.500000
v -11.500000 -2.000000 -52.500000
v -11.500000 -2.000000 -40.500000
v -11.500000 -1.500000 -40.500000
v -11.500000 -1.500000 -41.000000
v -11.500000 -2.000000 -41.000000
v -11.500000 -2.000000 -37.500000
v -11.500000 -1.500000 -37.500000
v -11.500000 -1.500000 -40.000000
v -11.500000 -2.000000 -40.000000
v -11.500000 -1.500000 -35.500000
v -11.500000 -0.500000 -35.500000
v -11.500000 -0.500000 -39.000000
v -11.500000 -1.500000 -39.000000
v -11.500000 -1.500000 -31.500000
v -11.500000 -1.000000 -31.500000
v -11.500000 -1.000000 -32.000000
v -11.500000 -1.500000 -32.000000
v -11.500000 -1.000000 -51.500000
v -11.500000 -0.500000 -51.500000
v -11.500000 -0.500000 -52.500000
v -11.500000 -1.000000 -52.500000
v -11.500000 -1.000000 -34.000000
v -11.500000 -0.500000 -34.000000
v -11.500000 -1.000000 -35.500000
v -11.500000 -0.500000 -36.500000
v -11.500000 0.000000 -36.500000
v -11.500000 0.000000 -38.000000
v -11.500000 -0.500000 -38.000000
v -11.500000 0.500000 -45.000000
v -11.500000 1.000000 -45.000000
v -11.500000 1.000000 -45.500000
v -11.500000 0.500000 -45.500000
v -11.000000 -7.000000 -41.500000
v -11.000000 -6.500000 -41.500000
v -11.000000 -6.500000 -42.000000
v -11.000000 -7.000000 -42.000000
v -11.000000 -5.000000 -51.000000
v -11.000000 -4.500000 -51.000000
v -11.000000 -4.500000 -52.000000
v -11.000000 -5.000000 -52.000000
v -11.000000 -4.000000 -50.000000
v -11.000000 -2.000000 -50.000000
v -11.000000 -2.000000 -52.500000
v -11.000000 -4.000000 -52.500000
v -11.000000 -3.500000 -49.500000
v -11.000000 -2.500000 -49.500000
v -11.000000 -2.500000 -50.000000
v -11.000000 -3.500000 -50.000000
v -11.000000 -1.500000 -51.500000
v -11.000000 -1.000000 -51.500000
v -11.000000 -1.000000 -52.000000
v -11.000000 -1.500000 -52.000000
v -9.000000 -2.500000 -46.500000
v -9.000000 -2.000000 -46.500000
v -9.000000 -2.000000 -47.000000
v -9.000000 -2.500000 -47.000000
v -7.000000 -5.500000 -37.500000
v -7.000000 -5.000000 -37.500000
v -7.000000 -5.000000 -38.000000
v -7.000000 -5.500000 -38.000000
v -6.000000 -2.000000 24.000000
v -6.000000 -1.500000 24.000000
v -6.000000 -1.500000 -23.500000
v -6.000000 -2.000000 -23.500000
v -6.000000 -1.500000 -44.500000
v -6.000000 -1.000000 -44.500000
v -6.000000 -1.000000 -45.000000
v -6.000000 -1.500000 -45.000000
v -6.000000 -1.500000 -24.500000
v -6.000000 -1.000000 -24.500000
v -6.000000 -1.000000 -25.000000
v -6.000000 -1.500000 -25.000000
v -6.000000 -1.500000 24.500000
v -6.000000 -1.000000 24.500000
v -6.000000 -1.000000 -24.000000
v -6.000000 -1.500000 -24.000000
v -6.000000 -1.500000 25.500000
v -6.000000 -1.000000 25.500000
v -6.000000 -1.000000 25.000000
v -6.000000 -1.500000 25.000000
v -6.000000 1.000000 -25.000000
v -6.000000 1.000000 -25.500000
v -6.000000 -1.000000 -25.500000
v -6.000000 0.000000 25.000000
v -6.000000 0.000000 -24.500000
v -6.000000 -1.000000 26.000000
v -6.000000 0.000000 26.000000
v -6.000000 0.000000 25.500000
v -6.000000 0.500000 26.000000
v -6.000000 0.500000 -25.000000
v -6.000000 0.000000 -25.000000
v -6.000000 0.500000 25.000000
v -6.000000 1.000000 25.000000
v -6.000000 1.000000 -24.500000
v -6.000000 0.500000 -24.500000
v -6.000000 1.000000 26.000000
v -6.000000 1.000000 25.500000
v -6.000000 0.500000 25.500000
v -6.000000 1.500000 -24.500000
v -6.000000 1.500000 -25.000000
v -6.000000 1.000000 24.500000
v -6.000000 1.500000 24.500000
v -6.000000 1.500000 -24.000000
v -6.000000 1.000000 -24.000000
v -6.000000 1.500000 25.500000
v -6.000000 1.500000 25.000000
v -6.000000 1.500000 -23.000000
v -6.000000 2.000000 -23.000000
v -6.000000 2.000000 -24.500000
v -6.000000 2.000000 25.000000
v -6.000000 2.000000 23.500000
v -6.000000 1.500000 23.500000
v -6.000000 2.000000 23.000000
v -6.000000 2.500000 23.000000
v -6.000000 2.500000 -22.500000
v -6.000000 2.000000 -22.500000
v -5.500000 -5.500000 -37.000000
v -5.500000 -5.000000 -37.000000
v -5.500000 -5.000000 -37.500000
v -5.500000 -5.500000 -37.500000
v -5.500000 -4.000000 -34.500000
v -5.500000 -3.500000 -34.500000
v -5.500000 -3.500000 -35.000000
v -5.500000 -4.000000 -35.000000
v -5.500000 -3.500000 50.500000
v -5.500000 -2.500000 50.500000
v -5.500000 -2.500000 49.500000
v -5.500000 -3.500000 49.500000
v -5.500000 -3.000000 -46.000000
v -5.500000 -2.500000 -46.000000
v -5.500000 -2.500000 -46.500000
v -5.500000 -3.000000 -46.500000
v -5.500000 -3.000000 -34.500000
v -5.500000 -2.500000 -34.500000
v -5.500000 -2.500000 -35.000000
v -5.500000 -3.000000 -35.000000
v -5.500000 -2.000000 -23.500000
v -5.500000 -1.500000 -23.500000
v -5.500000 -1.500000 -24.000000
v -5.500000 -2.000000 -24.000000
v -5.500000 -2.000000 25.000000
v -5.500000 -1.500000 25.000000
v -5.500000 -1.500000 24.000000
v -5.500000 -2.000000 24.000000
v -5.500000 -1.500000 -25.000000
v -5.500000 -1.000000 -25.000000
v -5.500000 -1.000000 -25.500000
v -5.500000 -1.500000 -25.500000
v -5.500000 -1.000000 -24.000000
v -5.500000 -1.000000 -24.500000
v -5.500000 -1.500000 -24.500000
v -5.500000 -1.000000 25.000000
v -5.500000 -1.000000 24.500000
v -5.500000 -1.500000 24.500000
v -5.500000 -1.500000 26.000000
v -5.500000 -1.000000 26.000000
v -5.500000 -1.000000 25.500000
v -5.500000 -1.500000 25.500000
v -5.500000 1.000000 -25.500000
v -5.500000 1.000000 -26.500000
v -5.500000 -1.000000 -26.500000
v -5.500000 0.000000 -24.500000
v -5.500000 0.000000 -25.000000
v -5.500000 0.000000 25.500000
v -5.500000 0.000000 25.000000
v -5.500000 -1.000000 26.500000
v -5.500000 1.000000 26.500000
v -5.500000 1.000000 26.000000
v -5.500000 -0.500000 27.000000
v -5.500000 0.500000 27.000000
v -5.500000 0.500000 26.500000
v -5.500000 -0.500000 26.500000
v -5.500000 0.500000 -24.500000
v -5.500000 1.000000 -24.500000
v -5.500000 1.000000 -25.000000
v -5.500000 0.500000 -25.000000
v -5.500000 0.500000 25.500000
v -5.500000 1.000000 25.500000
v -5.500000 1.000000 25.000000
v -5.500000 0.500000 25.000000
v -5.500000 1.500000 -25.000000
v -5.500000 1.500000 -26.000000
v -5.500000 1.000000 -26.000000
v -5.500000 1.000000 -24.000000
v -5.500000 1.500000 -24.000000
v -5.500000 1.500000 -24.500000
v -5.500000 1.500000 25.000000
v -5.500000 1.500000 24.500000
v -5.500000 1.000000 24.500000
v -5.500000 1.500000 26.000000
v -5.500000 1.500000 25.500000
v -5.500000 2.000000 -24.500000
v -5.500000 2.000000 -25.000000
v -5.500000 1.500000 23.500000
v -5.500000 2.000000 23.500000
v -5.500000 2.000000 -23.000000
v -5.500000 1.500000 -23.000000
v -5.500000 2.000000 25.500000
v -5.500000 2.000000 25.000000
v -5.500000 2.000000 -22.500000
v -5.500000 2.500000 -22.500000
v -5.500000 2.500000 -24.000000
v -5.500000 2.000000 -24.000000
v -5.500000 2.000000 24.500000
v -5.500000 2.500000 24.500000
v -5.500000 2.500000 23.000000
v -5.500000 2.000000 23.000000
v -5.500000 3.000000 23.000000
v -5.500000 3.000000 -22.500000
v -5.500000 3.000000 21.500000
v -5.500000 3.500000 21.500000
v -5.500000 3.500000 -21.000000
v -5.500000 3.000000 -21.000000
v -5.000000 -5.500000 50.500000
v -5.000000 -5.000000 50.500000
v -5.000000 -5.000000 50.000000
v -5.000000 -5.500000 50.000000
v -5.000000 -5.000000 -35.500000
v -5.000000 -4.500000 -35.500000
v -5.000000 -4.500000 -36.000000
v -5.000000 -5.000000 -36.000000
v -5.000000 -5.000000 51.000000
v -5.000000 -4.000000 51.000000
v -5.000000 -4.000000 49.500000
v -5.000000 -5.000000 49.500000
v -5.000000 -4.500000 49.000000
v -5.000000 -4.000000 49.000000
v -5.000000 -4.000000 48.500000
v -5.000000 -4.500000 48.500000
v -5.000000 -4.500000 51.500000
v -5.000000 -4.000000 51.500000
v -5.000000 -4.500000 51.000000
v -5.000000 -3.500000 51.500000
v -5.000000 -3.500000 47.500000
v -5.000000 -4.000000 47.500000
v -5.000000 -3.500000 49.500000
v -5.000000 -3.000000 49.500000
v -5.000000 -3.000000 46.500000
v -5.000000 -3.500000 46.500000
v -5.000000 -2.500000 51.500000
v -5.000000 -2.500000 50.500000
v -5.000000 -3.500000 50.500000
v -5.000000 -2.500000 49.500000
v -5.000000 -2.500000 45.000000
v -5.000000 -3.000000 45.000000
v -5.000000 -2.500000 51.000000
v -5.000000 -2.000000 51.000000
v -5.000000 -2.000000 44.000000
v -5.000000 -2.500000 44.000000
v -5.000000 -2.000000 -45.500000
v -5.000000 -1.500000 -45.500000
v -5.000000 -1.500000 -46.000000
v -5.000000 -2.000000 -46.000000
v -5.000000 -2.000000 -35.500000
v -5.000000 -1.500000 -35.500000
v -5.000000 -1.500000 -36.000000
v -5.000000 -2.000000 -36.000000
v -5.000000 -2.000000 -24.000000
v -5.000000 -1.500000 -24.000000
v -5.000000 -1.500000 -25.000000
v -5.000000 -2.000000 -25.000000
v -5.000000 -2.000000 25.500000
v -5.000000 -1.500000 25.500000
v -5.000000 -1.500000 25.000000
v -5.000000 -2.000000 25.000000
v -5.000000 -2.000000 49.500000
v -5.000000 -1.000000 49.500000
v -5.000000 -1.000000 43.000000
v -5.000000 -2.000000 43.000000
v -5.000000 -1.500000 -25.500000
v -5.000000 -1.000000 -25.500000
v -5.000000 -1.000000 -26.500000
v -5.000000 -1.500000 -26.500000
v -5.000000 -1.500000 27.000000
v -5.000000 -1.000000 27.000000
v -5.000000 -1.000000 26.000000
v -5.000000 -1.500000 26.000000
v -5.000000 -1.000000 -40.500000
v -5.000000 -0.500000 -40.500000
v -5.000000 -0.500000 -43.500000
v -5.000000 -1.000000 -43.500000
v -5.000000 -0.500000 -26.500000
v -5.000000 -0.500000 -27.500000
v -5.000000 -1.000000 -27.500000
v -5.000000 -1.000000 27.500000
v -5.000000 -0.500000 27.500000
v -5.000000 -0.500000 26.500000
v -5.000000 -1.000000 26.500000
v -5.000000 -0.500000 49.500000
v -5.000000 -0.500000 42.500000
v -5.000000 -1.000000 42.500000
v -5.000000 0.500000 -26.500000
v -5.000000 0.500000 -28.000000
v -5.000000 -0.500000 -28.000000
v -5.000000 0.500000 27.500000
v -5.000000 0.500000 27.000000
v -5.000000 -0.500000 27.000000
v -5.000000 -0.500000 44.500000
v -5.000000 3.500000 44.500000
v -5.000000 3.500000 42.000000
v -5.000000 -0.500000 42.000000
v -5.000000 -0.500000 45.500000
v -5.000000 3.000000 45.500000
v -5.000000 3.000000 44.500000
v -5.000000 -0.500000 46.000000
v -5.000000 2.500000 46.000000
v -5.000000 2.500000 45.500000
v -5.000000 -0.500000 47.000000
v -5.000000 2.000000 47.000000
v -5.000000 2.000000 46.000000
v -5.000000 -0.500000 47.500000
v -5.000000 1.500000 47.500000
v -5.000000 1.500000 47.000000
v -5.000000 -0.500000 48.500000
v -5.000000 1.000000 48.500000
v -5.000000 1.000000 47.500000
v -5.000000 -0.500000 49.000000
v -5.000000 0.500000 49.000000
v -5.000000 0.500000 48.500000
v -5.000000 0.000000 49.500000
v -5.000000 0.000000 49.000000
v -5.000000 1.000000 -26.500000
v -5.000000 1.000000 -27.500000
v -5.000000 0.500000 -27.500000
v -5.000000 1.000000 27.500000
v -5.000000 1.000000 26.500000
v -5.000000 0.500000 26.500000
v -5.000000 1.000000 -26.000000
v -5.000000 1.500000 -26.000000
v -5.000000 1.500000 -27.000000
v -5.000000 1.000000 -27.000000
v -5.000000 1.000000 27.000000
v -5.000000 1.500000 27.000000
v -5.000000 1.500000 26.000000
v -5.000000 1.000000 26.000000
v -5.000000 1.500000 -25.000000
v -5.000000 2.000000 -25.000000
v -5.000000 2.000000 -26.000000
v -5.000000 1.500000 26.500000
v -5.000000 2.000000 26.500000
v -5.000000 2.000000 25.500000
v -5.000000 1.500000 25.500000
v -5.000000 2.000000 -24.500000
v -5.000000 2.500000 -24.500000
v -5.000000 2.500000 -25.000000
v -5.000000 2.500000 25.500000
v -5.000000 2.500000 24.500000
v -5.000000 2.000000 24.500000
v -5.000000 2.500000 -22.500000
v -5.000000 3.000000 -22.500000
v -5.000000 3.000000 -24.000000
v -5.000000 2.500000 -24.000000
v -5.000000 2.500000 24.000000
v -5.000000 3.000000 24.000000
v -5.000000 3.000000 23.000000
v -5.000000 2.500000 23.000000
v -5.000000 3.000000 -21.000000
v -5.000000 3.500000 -21.000000
v -5.000000 3.500000 -22.500000
v -5.000000 3.000000 22.500000
v -5.000000 3.500000 22.500000
v -5.000000 3.500000 21.500000
v -5.000000 3.000000 21.500000
v -5.000000 3.500000 21.000000
v -5.000000 4.000000 21.000000
v -5.000000 4.000000 -20.500000
v -5.000000 3.500000 -20.500000
v -5.000000 3.500000 44.000000
v -5.000000 4.000000 44.000000
v -5.000000 4.000000 42.500000
v -5.000000 3.500000 42.500000
v -5.000000 4.000000 19.000000
v -5.000000 4.500000 19.000000
v -5.000000 4.500000 -18.500000
v -5.000000 4.000000 -18.500000
v -5.000000 4.500000 16.500000
v -5.000000 5.000000 16.500000
v -5.000000 5.000000 -16.000000
v -5.000000 4.500000 -16.000000
v -4.500000 -6.500000 51.000000
v -4.500000 -5.500000 51.000000
v -4.500000 -5.500000 50.000000
v -4.500000 -6.500000 50.000000
v -4.500000 -6.000000 50.000000
v -4.500000 -5.000000 50.000000
v -4.500000 -5.000000 49.500000
v -4.500000 -6.000000 49.500000
v -4.500000 -6.000000 51.500000
v -4.500000 -5.500000 51.500000
v -4.500000 -6.000000 51.000000
v -4.500000 -5.500000 49.000000
v -4.500000 -5.000000 49.000000
v -4.500000 -5.000000 48.000000
v -4.500000 -5.500000 48.000000
v -4.500000 -5.500000 52.000000
v -4.500000 -5.000000 52.000000
v -4.500000 -5.000000 50.500000
v -4.500000 -5.500000 50.500000
v -4.500000 -4.500000 49.500000
v -4.500000 -4.500000 46.500000
v -4.500000 -5.000000 46.500000
v -4.500000 -4.500000 52.000000
v -4.500000 -4.500000 51.000000
v -4.500000 -5.000000 51.000000
v -4.500000 -4.500000 48.500000
v -4.500000 -4.000000 48.500000
v -4.500000 -4.000000 45.500000
v -4.500000 -4.500000 45.500000
v -4.500000 -4.000000 49.500000
v -4.500000 -4.000000 49.000000
v -4.500000 -4.500000 49.000000
v -4.500000 -2.500000 52.000000
v -4.500000 -2.500000 51.500000
v -4.500000 -4.500000 51.500000
v -4.500000 -4.500000 52.500000
v -4.500000 -3.000000 52.500000
v -4.500000 -3.000000 52.000000
v -4.500000 -4.000000 47.500000
v -4.500000 -3.500000 47.500000
v -4.500000 -3.500000 44.000000
v -4.500000 -4.000000 44.000000
v -4.500000 -3.500000 46.500000
v -4.500000 -3.000000 46.500000
v -4.500000 -3.000000 43.500000
v -4.500000 -3.500000 43.500000
v -4.500000 -3.000000 44.000000
v -4.500000 -2.000000 44.000000
v -4.500000 -2.000000 43.000000
v -4.500000 -3.000000 43.000000
v -4.500000 -3.000000 45.000000
v -4.500000 -2.500000 45.000000
v -4.500000 -2.500000 44.000000
v -4.500000 -2.000000 51.500000
v -4.500000 -2.000000 51.000000
v -4.500000 -2.500000 51.000000
v -4.500000 -2.000000 -25.000000
v -4.500000 -1.500000 -25.000000
v -4.500000 -1.500000 -25.500000
v -4.500000 -2.000000 -25.500000
v -4.500000 -1.000000 43.000000
v -4.500000 -1.000000 42.500000
v -4.500000 -2.000000 42.500000
v -4.500000 -2.000000 50.000000
v -4.500000 0.000000 50.000000
v -4.500000 0.000000 49.500000
v -4.500000 -2.000000 49.500000
v -4.500000 -2.000000 50.500000
v -4.500000 -0.500000 50.500000
v -4.500000 -0.500000 50.000000
v -4.500000 -1.000000 51.000000
v -4.500000 -1.000000 50.500000
v -4.500000 -1.500000 -45.000000
v -4.500000 -1.000000 -45.000000
v -4.500000 -1.000000 -45.500000
v -4.500000 -1.500000 -45.500000
v -4.500000 -1.500000 -37.000000
v -4.500000 -1.000000 -37.000000
v -4.500000 -1.000000 -37.500000
v -4.500000 -1.500000 -37.500000
v -4.500000 -1.500000 -26.500000
v -4.500000 -1.000000 -26.500000
v -4.500000 -1.000000 -27.500000
v -4.500000 -1.500000 -27.500000
v -4.500000 -1.500000 28.000000
v -4.500000 -1.000000 28.000000
v -4.500000 -1.000000 27.000000
v -4.500000 -1.500000 27.000000
v -4.500000 -1.500000 42.500000
v -4.500000 -0.500000 42.500000
v -4.500000 -0.500000 42.000000
v -4.500000 -1.500000 42.000000
v -4.500000 -1.000000 -43.500000
v -4.500000 -0.500000 -43.500000
v -4.500000 -0.500000 -44.000000
v -4.500000 -1.000000 -44.000000
v -4.500000 -1.000000 -39.500000
v -4.500000 -0.500000 -39.500000
v -4.500000 -0.500000 -40.500000
v -4.500000 -1.000000 -40.500000
v -4.500000 -0.500000 -27.500000
v -4.500000 -0.500000 -29.000000
v -4.500000 -1.000000 -29.000000
v -4.500000 -1.000000 28.500000
v -4.500000 1.000000 28.500000
v -4.500000 1.000000 27.500000
v -4.500000 -1.000000 27.500000
v -4.500000 -0.500000 -28.000000
v -4.500000 0.500000 -28.000000
v -4.500000 0.500000 -29.500000
v -4.500000 -0.500000 -29.500000
v -4.500000 0.000000 42.000000
v -4.500000 0.000000 41.500000
v -4.500000 -0.500000 41.500000
v -4.500000 3.000000 42.000000
v -4.500000 3.000000 41.000000
v -4.500000 0.000000 41.000000
v -4.500000 0.500000 49.500000
v -4.500000 0.500000 49.000000
v -4.500000 0.000000 49.000000
v -4.500000 0.500000 -27.500000
v -4.500000 1.000000 -27.500000
v -4.500000 1.000000 -29.000000
v -4.500000 0.500000 -29.000000
v -4.500000 1.000000 49.000000
v -4.500000 1.000000 48.500000
v -4.500000 0.500000 48.500000
v -4.500000 1.000000 -27.000000
v -4.500000 1.500000 -27.000000
v -4.500000 1.500000 -28.500000
v -4.500000 1.000000 -28.500000
v -4.500000 1.000000 28.000000
v -4.500000 1.500000 28.000000
v -4.500000 1.500000 27.000000
v -4.500000 1.000000 27.000000
v -4.500000 1.500000 49.000000
v -4.500000 1.500000 47.500000
v -4.500000 1.000000 47.500000
v -4.500000 1.500000 -26.000000
v -4.500000 2.000000 -26.000000
v -4.500000 2.000000 -27.500000
v -4.500000 1.500000 -27.500000
v -4.500000 1.500000 27.500000
v -4.500000 2.000000 27.500000
v -4.500000 2.000000 26.500000
v -4.500000 1.500000 26.500000
v -4.500000 1.500000 48.500000
v -4.500000 2.000000 48.500000
v -4.500000 2.000000 47.000000
v -4.500000 1.500000 47.000000
v -4.500000 2.000000 -25.000000
v -4.500000 2.500000 -25.000000
v -4.500000 2.500000 -27.000000
v -4.500000 2.000000 -27.000000
v -4.500000 2.500000 26.500000
v -4.500000 2.500000 25.500000
v -4.500000 2.000000 25.500000
v -4.500000 2.000000 47.500000
v -4.500000 2.500000 47.500000
v -4.500000 2.500000 46.000000
v -4.500000 2.000000 46.000000
v -4.500000 2.500000 -24.000000
v -4.500000 3.000000 -24.000000
v -4.500000 3.000000 -25.500000
v -4.500000 2.500000 -25.500000
v -4.500000 3.000000 25.500000
v -4.500000 3.000000 24.000000
v -4.500000 2.500000 24.000000
v -4.500000 2.500000 47.000000
v -4.500000 3.000000 47.000000
v -4.500000 3.000000 45.500000
v -4.500000 2.500000 45.500000
v -4.500000 3.000000 -22.500000
v -4.500000 3.500000 -22.500000
v -4.500000 3.500000 -24.000000
v -4.500000 3.500000 24.000000
v -4.500000 3.500000 22.500000
v -4.500000 3.000000 22.500000
v -4.500000 3.500000 42.000000
v -4.500000 3.500000 41.500000
v -4.500000 3.000000 41.500000
v -4.500000 3.000000 46.000000
v -4.500000 3.500000 46.000000
v -4.500000 3.500000 44.500000
v -4.500000 3.000000 44.500000
v -4.500000 3.500000 -20.500000
v -4.500000 4.000000 -20.500000
v -4.500000 4.000000 -22.000000
v -4.500000 3.500000 -22.000000
v -4.500000 3.500000 22.000000
v -4.500000 4.000000 22.000000
v -4.500000 4.000000 21.000000
v -4.500000 3.500000 21.000000
v -4.500000 3.500000 42.500000
v -4.500000 4.500000 42.500000
v -4.500000 4.500000 42.000000
v -4.500000 3.500000 45.000000
v -4.500000 4.000000 45.000000
v -4.500000 4.000000 44.000000
v -4.500000 3.500000 44.000000
v -4.500000 4.000000 -18.500000
v -4.500000 4.500000 -18.500000
v -4.500000 4.500000 -20.000000
v -4.500000 4.000000 -20.000000
v -4.500000 4.000000 20.000000
v -4.500000 4.500000 20.000000
v -4.500000 4.500000 19.000000
v -4.500000 4.000000 19.000000
v -4.500000 4.500000 44.000000
v -4.500000 4.000000 42.500000
v -4.500000 4.500000 -16.000000
v -4.500000 5.000000 -16.000000
v -4.500000 5.000000 -18.000000
v -4.500000 4.500000 -18.000000
v -4.500000 4.500000 18.500000
v -4.500000 5.000000 18.500000
v -4.500000 5.000000 16.500000
v -4.500000 4.500000 16.500000
v -4.500000 5.500000 16.500000
v -4.500000 5.500000 -16.000000
v -4.000000 -7.500000 51.000000
v -4.000000 -7.000000 51.000000
v -4.000000 -7.000000 50.000000
v -4.000000 -7.500000 50.000000
v -4.000000 -7.000000 51.500000
v -4.000000 -6.500000 51.500000
v -4.000000 -6.500000 49.500000
v -4.000000 -7.000000 49.500000
v -4.000000 -6.500000 50.000000
v -4.000000 -6.000000 50.000000
v -4.000000 -6.000000 48.000000
v -4.000000 -6.500000 48.000000
v -4.000000 -6.500000 52.000000
v -4.000000 -6.000000 52.000000
v -4.000000 -6.000000 51.000000
v -4.000000 -6.500000 51.000000
v -4.000000 -6.000000 49.500000
v -4.000000 -5.500000 49.500000
v -4.000000 -5.500000 46.500000
v -4.000000 -6.000000 46.500000
v -4.000000 -6.000000 52.500000
v -4.000000 -5.500000 52.500000
v -4.000000 -5.500000 51.500000
v -4.000000 -6.000000 51.500000
v -4.000000 -5.500000 48.000000
v -4.000000 -5.000000 48.000000
v -4.000000 -5.000000 45.000000
v -4.000000 -5.500000 45.000000
v -4.000000 -5.000000 49.500000
v -4.000000 -5.000000 49.000000
v -4.000000 -5.500000 49.000000
v -4.000000 -4.500000 52.500000
v -4.000000 -4.500000 52.000000
v -4.000000 -5.500000 52.000000
v -4.000000 -5.000000 46.500000
v -4.000000 -4.500000 46.500000
v -4.000000 -4.500000 44.500000
v -4.000000 -5.000000 44.500000
v -4.000000 -5.000000 53.000000
v -4.000000 -3.500000 53.000000
v -4.000000 -3.500000 52.500000
v -4.000000 -5.000000 52.500000
v -4.000000 -4.500000 45.500000
v -4.000000 -4.000000 45.500000
v -4.000000 -4.000000 44.000000
v -4.000000 -4.500000 44.000000
v -4.000000 -3.500000 44.000000
v -4.000000 -3.500000 43.500000
v -4.000000 -4.000000 43.500000
v -4.000000 -2.500000 -34.500000
v -4.000000 -2.000000 -34.500000
v -4.000000 -2.000000 -35.000000
v -4.000000 -2.500000 -35.000000
v -4.000000 -2.500000 43.000000
v -4.000000 -2.000000 43.000000
v -4.000000 -2.000000 42.500000
v -4.000000 -2.500000 42.500000
v -4.000000 -2.500000 52.000000
v -4.000000 -2.000000 52.000000
v -4.000000 -2.000000 51.500000
v -4.000000 -2.500000 51.500000
v -4.000000 -1.500000 -35.000000
v -4.000000 -1.500000 -35.500000
v -4.000000 -2.000000 -35.500000
v -4.000000 -2.000000 -25.500000
v -4.000000 -1.500000 -25.500000
v -4.000000 -1.500000 -26.000000
v -4.000000 -2.000000 -26.000000
v -4.000000 -2.000000 26.500000
v -4.000000 -1.500000 26.500000
v -4.000000 -1.500000 25.500000
v -4.000000 -2.000000 25.500000
v -4.000000 -1.500000 42.500000
v -4.000000 -1.500000 42.000000
v -4.000000 -2.000000 42.000000
v -4.000000 -1.500000 51.500000
v -4.000000 -1.500000 51.000000
v -4.000000 -2.000000 51.000000
v -4.000000 -1.500000 -36.000000
v -4.000000 -1.000000 -36.000000
v -4.000000 -1.000000 -37.000000
v -4.000000 -1.500000 -37.000000
v -4.000000 -1.500000 -27.500000
v -4.000000 -1.000000 -27.500000
v -4.000000 -1.000000 -29.000000
v -4.000000 -1.500000 -29.000000
v -4.000000 -1.500000 29.000000
v -4.000000 -1.000000 29.000000
v -4.000000 -1.000000 28.000000
v -4.000000 -1.500000 28.000000
v -4.000000 -0.500000 42.000000
v -4.000000 -0.500000 41.500000
v -4.000000 -1.500000 41.500000
v -4.000000 -1.000000 -44.000000
v -4.000000 -0.500000 -44.000000
v -4.000000 -0.500000 -44.500000
v -4.000000 -1.000000 -44.500000
v -4.000000 -1.000000 -37.500000
v -4.000000 -0.500000 -37.500000
v -4.000000 -0.500000 -39.500000
v -4.000000 -1.000000 -39.500000
v -4.000000 -0.500000 -29.000000
v -4.000000 -0.500000 -30.500000
v -4.000000 -1.000000 -30.500000
v -4.000000 -1.000000 29.500000
v -4.000000 1.000000 29.500000
v -4.000000 1.000000 28.500000
v -4.000000 -1.000000 28.500000
v -4.000000 -1.000000 41.500000
v -4.000000 0.000000 41.500000
v -4.000000 0.000000 41.000000
v -4.000000 -1.000000 41.000000
v -4.000000 -0.500000 -29.500000
v -4.000000 1.000000 -29.500000
v -4.000000 1.000000 -31.500000
v -4.000000 -0.500000 -31.500000
v -4.000000 -0.500000 30.000000
v -4.000000 0.500000 30.000000
v -4.000000 0.500000 29.500000
v -4.000000 -0.500000 29.500000
v -4.000000 -0.500000 41.000000
v -4.000000 0.500000 41.000000
v -4.000000 0.500000 40.500000
v -4.000000 -0.500000 40.500000
v -4.000000 0.500000 -29.000000
v -4.000000 1.000000 -29.000000
v -4.000000 0.500000 -29.500000
v -4.000000 3.000000 41.000000
v -4.000000 3.000000 40.000000
v -4.000000 0.500000 40.000000
v -4.000000 0.500000 49.500000
v -4.000000 1.000000 49.500000
v -4.000000 1.000000 49.000000
v -4.000000 0.500000 49.000000
v -4.000000 1.000000 -28.500000
v -4.000000 1.500000 -28.500000
v -4.000000 1.500000 -31.000000
v -4.000000 1.000000 -31.000000
v -4.000000 1.500000 29.500000
v -4.000000 1.500000 28.000000
v -4.000000 1.000000 28.000000
v -4.000000 1.500000 -27.500000
v -4.000000 2.000000 -27.500000
v -4.000000 2.000000 -30.000000
v -4.000000 1.500000 -30.000000
v -4.000000 1.500000 29.000000
v -4.000000 2.000000 29.000000
v -4.000000 2.000000 27.500000
v -4.000000 1.500000 27.500000
v -4.000000 1.500000 49.500000
v -4.000000 2.000000 49.500000
v -4.000000 2.000000 48.500000
v -4.000000 1.500000 48.500000
v -4.000000 2.000000 -27.000000
v -4.000000 2.500000 -27.000000
v -4.000000 2.500000 -29.500000
v -4.000000 2.000000 -29.500000
v -4.000000 2.000000 28.000000
v -4.000000 2.500000 28.000000
v -4.000000 2.500000 26.500000
v -4.000000 2.000000 26.500000
v -4.000000 2.000000 49.000000
v -4.000000 2.500000 49.000000
v -4.000000 2.500000 47.500000
v -4.000000 2.000000 47.500000
v -4.000000 2.500000 -25.500000
v -4.000000 3.000000 -25.500000
v -4.000000 3.000000 -28.000000
v -4.000000 2.500000 -28.000000
v -4.000000 2.500000 27.000000
v -4.000000 3.000000 27.000000
v -4.000000 3.000000 25.500000
v -4.000000 2.500000 25.500000
v -4.000000 3.000000 47.500000
v -4.000000 3.000000 47.000000
v -4.000000 2.500000 47.000000
v -4.000000 3.000000 -24.000000
v -4.000000 3.500000 -24.000000
v -4.000000 3.500000 -26.500000
v -4.000000 3.000000 -26.500000
v -4.000000 3.500000 25.500000
v -4.000000 3.500000 24.000000
v -4.000000 3.000000 24.000000
v -4.000000 3.000000 41.500000
v -4.000000 3.500000 41.500000
v -4.000000 3.500000 40.500000
v -4.000000 3.000000 40.500000
v -4.000000 3.000000 46.500000
v -4.000000 3.500000 46.500000
v -4.000000 3.500000 46.000000
v -4.000000 3.000000 46.000000
v -4.000000 3.500000 -22.000000
v -4.000000 4.000000 -22.000000
v -4.000000 4.000000 -24.500000
v -4.000000 3.500000 -24.500000
v -4.000000 4.000000 24.000000
v -4.000000 4.000000 22.000000
v -4.000000 3.500000 22.000000
v -4.000000 3.500000 42.000000
v -4.000000 4.000000 42.000000
v -4.000000 4.000000 41.000000
v -4.000000 3.500000 41.000000
v -4.000000 3.500000 45.500000
v -4.000000 4.000000 45.500000
v -4.000000 4.000000 45.000000
v -4.000000 3.500000 45.000000
v -4.000000 4.000000 -20.000000
v -4.000000 4.500000 -20.000000
v -4.000000 4.500000 -22.000000
v -4.000000 4.500000 22.000000
v -4.000000 4.500000 20.000000
v -4.000000 4.000000 20.000000
v -4.000000 4.500000 42.000000
v -4.000000 4.500000 41.500000
v -4.000000 4.000000 41.500000
v -4.000000 4.000000 44.500000
v -4.000000 4.500000 44.500000
v -4.000000 4.500000 44.000000
v -4.000000 4.000000 44.000000
v -4.000000 4.500000 -18.000000
v -4.000000 5.000000 -18.000000
v -4.000000 5.000000 -20.000000
v -4.000000 5.000000 20.000000
v -4.000000 5.000000 18.500000
v -4.000000 4.500000 18.500000
v -4.000000 4.500000 43.500000
v -4.000000 5.000000 43.500000
v -4.000000 5.000000 43.000000
v -4.000000 4.500000 43.000000
v -4.000000 5.000000 -16.000000
v -4.000000 5.500000 -16.000000
v -4.000000 5.500000 -17.500000
v -4.000000 5.000000 -17.500000
v -4.000000 5.000000 18.000000
v -4.000000 5.500000 18.000000
v -4.000000 5.500000 16.500000
v -4.000000 5.000000 16.500000
v -4.000000 5.500000 14.500000
v -4.000000 6.000000 14.500000
v -4.000000 6.000000 -14.500000
v -4.000000 5.500000 -14.500000
v -4.000000 6.000000 10.000000
v -4.000000 6.500000 10.000000
v -4.000000 6.500000 -13.500000
v -4.000000 6.000000 -13.500000
v -4.000000 6.500000 4.000000
v -4.000000 7.000000 4.000000
v -4.000000 7.000000 -11.000000
v -4.000000 6.500000 -11.000000
v -4.000000 7.000000 0.500000
v -4.000000 7.500000 0.500000
v -4.000000 7.500000 -6.500000
v -4.000000 7.000000 -6.500000
v -4.000000 7.500000 -26.500000
v -4.000000 8.000000 -26.500000
v -4.000000 8.000000 -27.000000
v -4.000000 7.500000 -27.000000
v -4.000000 8.000000 -24.000000
v -4.000000 8.500000 -24.000000
v -4.000000 8.500000 -27.500000
v -4.000000 8.000000 -27.500000
v -4.000000 8.500000 -23.500000
v -4.000000 9.000000 -23.500000
v -4.000000 9.000000 -28.500000
v -4.000000 8.500000 -28.500000
v -4.000000 9.000000 -23.000000
v -4.000000 9.500000 -23.000000
v -4.000000 9.500000 -29.000000
v -4.000000 9.000000 -29.000000
v -4.000000 9.500000 -23.500000
v -4.000000 10.000000 -23.500000
v -4.000000 10.000000 -28.500000
v -4.000000 9.500000 -28.500000
v -3.500000 -8.000000 51.500000
v -3.500000 -7.500000 51.500000
v -3.500000 -7.500000 50.000000
v -3.500000 -8.000000 50.000000
v -3.500000 -7.000000 50.000000
v -3.500000 -7.000000 48.500000
v -3.500000 -7.500000 48.500000
v -3.500000 -7.500000 52.000000
v -3.500000 -7.000000 52.000000
v -3.500000 -7.000000 51.000000
v -3.500000 -7.500000 51.000000
v -3.500000 -7.000000 49.500000
v -3.500000 -6.500000 49.500000
v -3.500000 -6.500000 47.000000
v -3.500000 -7.000000 47.000000
v -3.500000 -6.500000 52.000000
v -3.500000 -6.500000 51.500000
v -3.500000 -7.000000 51.500000
v -3.500000 -6.500000 48.000000
v -3.500000 -6.000000 48.000000
v -3.500000 -6.000000 45.500000
v -3.500000 -6.500000 45.500000
v -3.500000 -6.500000 52.500000
v -3.500000 -6.000000 52.500000
v -3.500000 -6.000000 52.000000
v -3.500000 -6.000000 46.500000
v -3.500000 -5.500000 46.500000
v -3.500000 -5.500000 45.000000
v -3.500000 -6.000000 45.000000
v -3.500000 -5.000000 45.000000
v -3.500000 -5.000000 44.500000
v -3.500000 -5.500000 44.500000
v -3.500000 -5.500000 53.000000
v -3.500000 -5.000000 53.000000
v -3.500000 -5.000000 52.500000
v -3.500000 -5.500000 52.500000
v -3.500000 -4.500000 -34.500000
v -3.500000 -4.000000 -34.500000
v -3.500000 -4.000000 -35.000000
v -3.500000 -4.500000 -35.000000
v -3.500000 -4.000000 -46.000000
v -3.500000 -3.500000 -46.000000
v -3.500000 -3.500000 -46.500000
v -3.500000 -4.000000 -46.500000
v -3.500000 -3.500000 -34.000000
v -3.500000 -2.500000 -34.000000
v -3.500000 -2.500000 -34.500000
v -3.500000 -3.500000 -34.500000
v -3.500000 -3.500000 43.500000
v -3.500000 -3.000000 43.500000
v -3.500000 -3.000000 43.000000
v -3.500000 -3.500000 43.000000
v -3.500000 -3.500000 53.000000
v -3.500000 -3.000000 53.000000
v -3.500000 -3.000000 52.500000
v -3.500000 -3.500000 52.500000
v -3.500000 -2.500000 43.000000
v -3.500000 -2.500000 42.500000
v -3.500000 -3.000000 42.500000
v -3.500000 -2.000000 52.500000
v -3.500000 -2.000000 52.000000
v -3.500000 -3.000000 52.000000
v -3.500000 -2.000000 42.500000
v -3.500000 -2.000000 42.000000
v -3.500000 -2.500000 42.000000
v -3.500000 -2.000000 -34.500000
v -3.500000 -1.500000 -34.500000
v -3.500000 -1.500000 -35.000000
v -3.500000 -2.000000 -35.000000
v -3.500000 -2.000000 -26.000000
v -3.500000 -1.500000 -26.000000
v -3.500000 -1.500000 -27.000000
v -3.500000 -2.000000 -27.000000
v -3.500000 -2.000000 27.500000
v -3.500000 -1.500000 27.500000
v -3.500000 -1.500000 26.500000
v -3.500000 -2.000000 26.500000
v -3.500000 -1.500000 42.000000
v -3.500000 -1.500000 41.500000
v -3.500000 -2.000000 41.500000
v -3.500000 -1.500000 -34.000000
v -3.500000 -1.000000 -34.000000
v -3.500000 -1.000000 -36.000000
v -3.500000 -1.500000 -36.000000
v -3.500000 -1.500000 -29.000000
v -3.500000 -1.000000 -29.000000
v -3.500000 -1.000000 -31.000000
v -3.500000 -1.500000 -31.000000
v -3.500000 -1.500000 30.000000
v -3.500000 -1.000000 30.000000
v -3.500000 -1.000000 29.000000
v -3.500000 -1.500000 29.000000
v -3.500000 -1.000000 41.500000
v -3.500000 -1.000000 40.500000
v -3.500000 -1.500000 40.500000
v -3.500000 -1.000000 -44.500000
v -3.500000 -0.500000 -44.500000
v -3.500000 -0.500000 -45.500000
v -3.500000 -1.000000 -45.500000
v -3.500000 -1.000000 -30.500000
v -3.500000 -0.500000 -30.500000
v -3.500000 -0.500000 -37.500000
v -3.500000 -1.000000 -37.500000
v -3.500000 -1.000000 30.500000
v -3.500000 -0.500000 30.500000
v -3.500000 -0.500000 29.500000
v -3.500000 -1.000000 29.500000
v -3.500000 -1.000000 41.000000
v -3.500000 -0.500000 41.000000
v -3.500000 -0.500000 40.000000
v -3.500000 -1.000000 40.000000
v -3.500000 -0.500000 -38.500000
v -3.500000 0.000000 -38.500000
v -3.500000 0.000000 -43.500000
v -3.500000 -0.500000 -43.500000
v -3.500000 -0.500000 -31.500000
v -3.500000 0.500000 -31.500000
v -3.500000 0.500000 -35.000000
v -3.500000 -0.500000 -35.000000
v -3.500000 -0.500000 31.000000
v -3.500000 0.500000 31.000000
v -3.500000 0.500000 30.000000
v -3.500000 -0.500000 30.000000
v -3.500000 -0.500000 40.500000
v -3.500000 0.500000 40.500000
v -3.500000 0.500000 39.500000
v -3.500000 -0.500000 39.500000
v -3.500000 0.000000 50.000000
v -3.500000 0.500000 50.000000
v -3.500000 0.500000 49.500000
v -3.500000 0.000000 49.500000
v -3.500000 1.000000 -31.500000
v -3.500000 1.000000 -34.500000
v -3.500000 0.500000 -34.500000
v -3.500000 1.500000 31.000000
v -3.500000 1.500000 29.500000
v -3.500000 0.500000 29.500000
v -3.500000 0.500000 31.500000
v -3.500000 1.000000 31.500000
v -3.500000 1.000000 31.000000
v -3.500000 0.500000 40.000000
v -3.500000 3.000000 40.000000
v -3.500000 3.000000 39.000000
v -3.500000 0.500000 39.000000
v -3.500000 1.000000 -31.000000
v -3.500000 1.500000 -31.000000
v -3.500000 1.500000 -34.000000
v -3.500000 1.000000 -34.000000
v -3.500000 1.500000 -30.000000
v -3.500000 2.000000 -30.000000
v -3.500000 2.000000 -33.500000
v -3.500000 1.500000 -33.500000
v -3.500000 2.000000 31.000000
v -3.500000 2.000000 29.000000
v -3.500000 1.500000 29.000000
v -3.500000 2.000000 -29.500000
v -3.500000 3.000000 -29.500000
v -3.500000 3.000000 -33.000000
v -3.500000 2.000000 -33.000000
v -3.500000 2.000000 30.500000
v -3.500000 2.500000 30.500000
v -3.500000 2.500000 28.000000
v -3.500000 2.000000 28.000000
v -3.500000 2.000000 50.000000
v -3.500000 2.500000 50.000000
v -3.500000 2.500000 49.000000
v -3.500000 2.000000 49.000000
v -3.500000 2.500000 -28.000000
v -3.500000 3.000000 -28.000000
v -3.500000 2.500000 -29.500000
v -3.500000 2.500000 29.500000
v -3.500000 3.000000 29.500000
v -3.500000 3.000000 27.000000
v -3.500000 2.500000 27.000000
v -3.500000 2.500000 48.500000
v -3.500000 3.000000 48.500000
v -3.500000 3.000000 47.500000
v -3.500000 2.500000 47.500000
v -3.500000 3.000000 -26.500000
v -3.500000 7.000000 -26.500000
v -3.500000 7.000000 -32.500000
v -3.500000 3.000000 -32.500000
v -3.500000 3.000000 28.500000
v -3.500000 3.500000 28.500000
v -3.500000 3.500000 25.500000
v -3.500000 3.000000 25.500000
v -3.500000 3.000000 40.500000
v -3.500000 3.500000 40.500000
v -3.500000 3.500000 39.500000
v -3.500000 3.000000 39.500000
v -3.500000 3.500000 47.500000
v -3.500000 3.500000 46.500000
v -3.500000 3.000000 46.500000
v -3.500000 3.500000 -24.500000
v -3.500000 7.000000 -24.500000
v -3.500000 3.500000 -26.500000
v -3.500000 3.500000 26.500000
v -3.500000 4.000000 26.500000
v -3.500000 4.000000 24.000000
v -3.500000 3.500000 24.000000
v -3.500000 3.500000 41.000000
v -3.500000 4.000000 41.000000
v -3.500000 4.000000 40.000000
v -3.500000 3.500000 40.000000
v -3.500000 3.500000 46.000000
v -3.500000 4.000000 46.000000
v -3.500000 4.000000 45.500000
v -3.500000 3.500000 45.500000
v -3.500000 4.000000 -22.000000
v -3.500000 7.000000 -22.000000
v -3.500000 4.000000 -24.500000
v -3.500000 4.000000 24.500000
v -3.500000 4.500000 24.500000
v -3.500000 4.500000 22.000000
v -3.500000 4.000000 22.000000
v -3.500000 4.000000 41.500000
v -3.500000 4.500000 41.500000
v -3.500000 4.500000 40.500000
v -3.500000 4.000000 40.500000
v -3.500000 4.000000 45.000000
v -3.500000 4.500000 45.000000
v -3.500000 4.500000 44.500000
v -3.500000 4.000000 44.500000
v -3.500000 4.500000 -20.000000
v -3.500000 7.000000 -20.000000
v -3.500000 4.500000 -22.000000
v -3.500000 5.000000 22.000000
v -3.500000 5.000000 20.000000
v -3.500000 4.500000 20.000000
v -3.500000 4.500000 43.000000
v -3.500000 5.000000 43.000000
v -3.500000 5.000000 42.500000
v -3.500000 4.500000 42.500000
v -3.500000 5.000000 -19.500000
v -3.500000 6.500000 -19.500000
v -3.500000 6.500000 -20.000000
v -3.500000 5.000000 -20.000000
v -3.500000 5.000000 -17.500000
v -3.500000 5.500000 -17.500000
v -3.500000 5.500000 -19.500000
v -3.500000 5.000000 19.500000
v -3.500000 5.500000 19.500000
v -3.500000 5.500000 18.000000
v -3.500000 5.000000 18.000000
v -3.500000 5.500000 -14.500000
v -3.500000 6.000000 -14.500000
v -3.500000 6.000000 -15.500000
v -3.500000 5.500000 -15.500000
v -3.500000 5.500000 16.000000
v -3.500000 6.000000 16.000000
v -3.500000 6.000000 14.500000
v -3.500000 5.500000 14.500000
v -3.500000 6.000000 -13.500000
v -3.500000 6.500000 -13.500000
v -3.500000 6.500000 -15.000000
v -3.500000 6.000000 -15.000000
v -3.500000 6.000000 13.500000
v -3.500000 6.500000 13.500000
v -3.500000 6.500000 10.000000
v -3.500000 6.000000 10.000000
v -3.500000 6.500000 -11.000000
v -3.500000 7.000000 -11.000000
v -3.500000 7.000000 -13.000000
v -3.500000 6.500000 -13.000000
v -3.500000 6.500000 6.000000
v -3.500000 7.000000 6.000000
v -3.500000 7.000000 4.000000
v -3.500000 6.500000 4.000000
v -3.500000 7.000000 -27.000000
v -3.500000 8.000000 -27.000000
v -3.500000 8.000000 -32.000000
v -3.500000 7.000000 -32.000000
v -3.500000 7.500000 -20.000000
v -3.500000 7.500000 -27.000000
v -3.500000 7.000000 -6.500000
v -3.500000 7.500000 -6.500000
v -3.500000 7.500000 -10.000000
v -3.500000 7.000000 -10.000000
v -3.500000 7.000000 3.000000
v -3.500000 7.500000 3.000000
v -3.500000 7.500000 0.500000
v -3.500000 7.000000 0.500000
v -3.500000 7.500000 -20.500000
v -3.500000 8.000000 -20.500000
v -3.500000 8.000000 -26.500000
v -3.500000 7.500000 -26.500000
v -3.500000 7.500000 0.000000
v -3.500000 8.000000 0.000000
v -3.500000 8.000000 -6.000000
v -3.500000 7.500000 -6.000000
v -3.500000 8.000000 -28.500000
v -3.500000 9.000000 -28.500000
v -3.500000 9.000000 -31.500000
v -3.500000 8.000000 -31.500000
v -3.500000 8.000000 -27.500000
v -3.500000 8.500000 -27.500000
v -3.500000 8.500000 -28.500000
v -3.500000 8.500000 -20.500000
v -3.500000 8.500000 -24.000000
v -3.500000 8.000000 -24.000000
v -3.500000 9.000000 -20.500000
v -3.500000 9.000000 -23.500000
v -3.500000 8.500000 -23.500000
v -3.500000 9.000000 -29.000000
v -3.500000 10.000000 -29.000000
v -3.500000 10.000000 -31.000000
v -3.500000 9.000000 -31.000000
v -3.500000 9.000000 -21.500000
v -3.500000 9.500000 -21.500000
v -3.500000 9.500000 -23.000000
v -3.500000 9.000000 -23.000000
v -3.500000 9.500000 -28.500000
v -3.500000 10.000000 -28.500000
v -3.500000 9.500000 -29.000000
v -3.500000 9.500000 -21.000000
v -3.500000 10.000000 -21.000000
v -3.500000 10.000000 -23.500000
v -3.500000 9.500000 -23.500000
v -3.000000 -9.000000 51.000000
v -3.000000 -8.000000 51.000000
v -3.000000 -8.000000 50.000000
v -3.000000 -9.000000 50.000000
v -3.000000 -8.500000 49.500000
v -3.000000 -8.000000 49.500000
v -3.000000 -8.000000 49.000000
v -3.000000 -8.500000 49.000000
v -3.000000 -8.500000 51.500000
v -3.000000 -8.000000 51.500000
v -3.000000 -8.500000 51.000000
v -3.000000 -7.500000 50.000000
v -3.000000 -7.500000 47.500000
v -3.000000 -8.000000 47.500000
v -3.000000 -7.500000 48.500000
v -3.000000 -7.000000 48.500000
v -3.000000 -7.000000 46.500000
v -3.000000 -7.500000 46.500000
v -3.000000 -7.000000 47.000000
v -3.000000 -6.500000 47.000000
v -3.000000 -6.500000 46.000000
v -3.000000 -7.000000 46.000000
v -3.000000 -6.000000 53.000000
v -3.000000 -5.500000 53.000000
v -3.000000 -5.500000 52.500000
v -3.000000 -6.000000 52.500000
v -3.000000 -5.000000 44.500000
v -3.000000 -4.500000 44.500000
v -3.000000 -4.500000 44.000000
v -3.000000 -5.000000 44.000000
v -3.000000 -4.500000 53.500000
v -3.000000 -4.000000 53.500000
v -3.000000 -4.000000 53.000000
v -3.000000 -4.500000 53.000000
v -3.000000 -4.000000 -34.000000
v -3.000000 -3.500000 -34.000000
v -3.000000 -3.500000 -34.500000
v -3.000000 -4.000000 -34.500000
v -3.000000 -3.000000 53.000000
v -3.000000 -2.500000 53.000000
v -3.000000 -2.500000 52.500000
v -3.000000 -3.000000 52.500000
v -3.000000 -2.500000 -46.000000
v -3.000000 -2.000000 -46.000000
v -3.000000 -2.000000 -46.500000
v -3.000000 -2.500000 -46.500000
v -3.000000 -2.500000 -34.000000
v -3.000000 -1.500000 -34.000000
v -3.000000 -1.500000 -34.500000
v -3.000000 -2.500000 -34.500000
v -3.000000 -2.500000 42.000000
v -3.000000 -2.000000 42.000000
v -3.000000 -2.000000 41.500000
v -3.000000 -2.500000 41.500000
v -3.000000 -2.000000 -33.000000
v -3.000000 -1.000000 -33.000000
v -3.000000 -1.000000 -34.000000
v -3.000000 -2.000000 -34.000000
v -3.000000 -2.000000 -27.000000
v -3.000000 -1.500000 -27.000000
v -3.000000 -1.500000 -28.000000
v -3.000000 -2.000000 -28.000000
v -3.000000 -2.000000 28.500000
v -3.000000 -1.500000 28.500000
v -3.000000 -1.500000 27.500000
v -3.000000 -2.000000 27.500000
v -3.000000 -1.500000 41.500000
v -3.000000 -1.500000 40.500000
v -3.000000 -2.000000 40.500000
v -3.000000 -2.000000 52.000000
v -3.000000 -1.500000 52.000000
v -3.000000 -1.500000 51.500000
v -3.000000 -2.000000 51.500000
v -3.000000 -1.500000 -45.500000
v -3.000000 -0.500000 -45.500000
v -3.000000 -0.500000 -46.000000
v -3.000000 -1.500000 -46.000000
v -3.000000 -1.500000 -32.000000
v -3.000000 -1.000000 -32.000000
v -3.000000 -1.500000 -33.000000
v -3.000000 -1.500000 31.000000
v -3.000000 -1.000000 31.000000
v -3.000000 -1.000000 30.000000
v -3.000000 -1.500000 30.000000
v -3.000000 -1.500000 40.000000
v -3.000000 -0.500000 40.000000
v -3.000000 -0.500000 39.500000
v -3.000000 -1.500000 39.500000
v -3.000000 -1.000000 40.500000
v -3.000000 -1.000000 40.000000
v -3.000000 -1.000000 51.500000
v -3.000000 -1.000000 51.000000
v -3.000000 -1.500000 51.000000
v -3.000000 -1.000000 32.000000
v -3.000000 -0.500000 32.000000
v -3.000000 -0.500000 30.500000
v -3.000000 -1.000000 30.500000
v -3.000000 -1.000000 39.500000
v -3.000000 0.000000 39.500000
v -3.000000 0.000000 38.500000
v -3.000000 -1.000000 38.500000
v -3.000000 0.000000 51.000000
v -3.000000 0.000000 50.500000
v -3.000000 -1.000000 50.500000
v -3.000000 -0.500000 -43.500000
v -3.000000 0.000000 -43.500000
v -3.000000 0.000000 -45.000000
v -3.000000 -0.500000 -45.000000
v -3.000000 -0.500000 -35.000000
v -3.000000 0.000000 -35.000000
v -3.000000 0.000000 -38.500000
v -3.000000 -0.500000 -38.500000
v -3.000000 -0.500000 33.000000
v -3.000000 0.500000 33.000000
v -3.000000 0.500000 31.000000
v -3.000000 -0.500000 31.000000
v -3.000000 -0.500000 50.500000
v -3.000000 0.500000 50.500000
v -3.000000 0.500000 50.000000
v -3.000000 -0.500000 50.000000
v -3.000000 0.000000 -38.000000
v -3.000000 0.500000 -38.000000
v -3.000000 0.500000 -42.500000
v -3.000000 0.000000 -42.500000
v -3.000000 0.500000 -35.000000
v -3.000000 0.500000 -37.500000
v -3.000000 0.000000 -37.500000
v -3.000000 0.000000 33.500000
v -3.000000 0.500000 33.500000
v -3.000000 0.000000 33.000000
v -3.000000 0.000000 39.000000
v -3.000000 1.000000 39.000000
v -3.000000 1.000000 37.500000
v -3.000000 0.000000 37.500000
v -3.000000 0.500000 39.500000
v -3.000000 0.500000 39.000000
v -3.000000 0.500000 -35.500000
v -3.000000 1.000000 -35.500000
v -3.000000 1.000000 -38.500000
v -3.000000 0.500000 -38.500000
v -3.000000 0.500000 -34.500000
v -3.000000 1.000000 -34.500000
v -3.000000 1.000000 -35.000000
v -3.000000 0.500000 34.000000
v -3.000000 1.000000 34.000000
v -3.000000 1.000000 31.500000
v -3.000000 0.500000 31.500000
v -3.000000 1.000000 50.000000
v -3.000000 1.000000 49.500000
v -3.000000 0.500000 49.500000
v -3.000000 1.000000 -34.000000
v -3.000000 1.500000 -34.000000
v -3.000000 1.500000 -38.000000
v -3.000000 1.000000 -38.000000
v -3.000000 2.000000 34.000000
v -3.000000 2.000000 31.000000
v -3.000000 1.000000 31.000000
v -3.000000 3.000000 39.000000
v -3.000000 3.000000 37.000000
v -3.000000 1.000000 37.000000
v -3.000000 1.500000 50.000000
v -3.000000 1.500000 49.000000
v -3.000000 1.000000 49.000000
v -3.000000 1.500000 -33.500000
v -3.000000 2.000000 -33.500000
v -3.000000 2.000000 -37.000000
v -3.000000 1.500000 -37.000000
v -3.000000 1.500000 34.500000
v -3.000000 2.000000 34.500000
v -3.000000 1.500000 34.000000
v -3.000000 2.000000 -33.000000
v -3.000000 3.000000 -33.000000
v -3.000000 3.000000 -36.500000
v -3.000000 2.000000 -36.500000
v -3.000000 2.500000 34.500000
v -3.000000 2.500000 30.500000
v -3.000000 2.000000 30.500000
v -3.000000 3.000000 34.500000
v -3.000000 3.000000 29.500000
v -3.000000 2.500000 29.500000
v -3.000000 3.000000 -32.500000
v -3.000000 4.000000 -32.500000
v -3.000000 4.000000 -36.000000
v -3.000000 3.000000 -36.000000
v -3.000000 3.500000 34.500000
v -3.000000 3.500000 28.500000
v -3.000000 3.000000 28.500000
v -3.000000 3.000000 39.500000
v -3.000000 3.500000 39.500000
v -3.000000 3.500000 37.500000
v -3.000000 3.000000 37.500000
v -3.000000 3.500000 33.000000
v -3.000000 4.000000 33.000000
v -3.000000 4.000000 26.500000
v -3.000000 3.500000 26.500000
v -3.000000 3.500000 40.000000
v -3.000000 4.000000 40.000000
v -3.000000 4.000000 38.000000
v -3.000000 3.500000 38.000000
v -3.000000 3.500000 46.500000
v -3.000000 4.000000 46.500000
v -3.000000 4.000000 46.000000
v -3.000000 3.500000 46.000000
v -3.000000 5.000000 -32.500000
v -3.000000 5.000000 -35.500000
v -3.000000 4.000000 -35.500000
v -3.000000 4.000000 30.500000
v -3.000000 4.500000 30.500000
v -3.000000 4.500000 24.500000
v -3.000000 4.000000 24.500000
v -3.000000 4.000000 40.500000
v -3.000000 4.500000 40.500000
v -3.000000 4.500000 38.500000
v -3.000000 4.000000 38.500000
v -3.000000 4.500000 28.000000
v -3.000000 5.000000 28.000000
v -3.000000 5.000000 22.000000
v -3.000000 4.500000 22.000000
v -3.000000 4.500000 42.500000
v -3.000000 5.000000 42.500000
v -3.000000 5.000000 41.000000
v -3.000000 4.500000 41.000000
v -3.000000 5.500000 -32.500000
v -3.000000 5.500000 -35.000000
v -3.000000 5.000000 -35.000000
v -3.000000 5.500000 22.000000
v -3.000000 5.500000 19.500000
v -3.000000 5.000000 19.500000
v -3.000000 6.500000 -32.500000
v -3.000000 6.500000 -34.500000
v -3.000000 5.500000 -34.500000
v -3.000000 5.500000 -19.000000
v -3.000000 6.500000 -19.000000
v -3.000000 6.500000 -19.500000
v -3.000000 5.500000 -19.500000
v -3.000000 5.500000 -17.000000
v -3.000000 6.000000 -17.000000
v -3.000000 6.000000 -19.000000
v -3.000000 5.500000 -15.500000
v -3.000000 6.000000 -15.500000
v -3.000000 6.000000 -16.500000
v -3.000000 5.500000 -16.500000
v -3.000000 5.500000 16.500000
v -3.000000 6.000000 16.500000
v -3.000000 6.000000 16.000000
v -3.000000 5.500000 16.000000
v -3.000000 6.000000 -15.000000
v -3.000000 6.500000 -15.000000
v -3.000000 6.500000 -15.500000
v -3.000000 6.000000 14.500000
v -3.000000 6.500000 14.500000
v -3.000000 6.500000 13.500000
v -3.000000 6.000000 13.500000
v -3.000000 7.000000 -32.500000
v -3.000000 7.000000 -34.000000
v -3.000000 6.500000 -34.000000
v -3.000000 6.500000 -13.000000
v -3.000000 7.000000 -13.000000
v -3.000000 7.000000 -14.000000
v -3.000000 6.500000 -14.000000
v -3.000000 6.500000 7.500000
v -3.000000 7.000000 7.500000
v -3.000000 7.000000 6.000000
v -3.000000 6.500000 6.000000
v -3.000000 7.000000 -32.000000
v -3.000000 7.500000 -32.000000
v -3.000000 7.500000 -33.500000
v -3.000000 7.000000 -33.500000
v -3.000000 7.000000 -10.000000
v -3.000000 7.500000 -10.000000
v -3.000000 7.500000 -11.000000
v -3.000000 7.000000 -11.000000
v -3.000000 7.000000 4.000000
v -3.000000 7.500000 4.000000
v -3.000000 7.500000 3.000000
v -3.000000 7.000000 3.000000
v -3.000000 8.500000 -32.000000
v -3.000000 8.500000 -33.000000
v -3.000000 7.500000 -33.000000
v -3.000000 7.500000 -6.000000
v -3.000000 8.000000 -6.000000
v -3.000000 8.000000 -8.000000
v -3.000000 7.500000 -8.000000
v -3.000000 7.500000 1.500000
v -3.000000 8.000000 1.500000
v -3.000000 8.000000 0.000000
v -3.000000 7.500000 0.000000
v -3.000000 8.000000 -31.500000
v -3.000000 8.500000 -31.500000
v -3.000000 8.000000 -32.000000
v -3.000000 9.000000 -31.500000
v -3.000000 9.000000 -32.500000
v -3.000000 8.500000 -32.500000
v -3.000000 9.000000 -31.000000
v -3.000000 9.500000 -31.000000
v -3.000000 9.500000 -32.000000
v -3.000000 9.000000 -32.000000
v -3.000000 10.000000 -31.000000
v -3.000000 10.000000 -31.500000
v -3.000000 9.500000 -31.500000
v -2.500000 -9.500000 51.000000
v -2.500000 -9.000000 51.000000
v -2.500000 -9.000000 50.000000
v -2.500000 -9.500000 50.000000
v -2.500000 -9.000000 49.500000
v -2.500000 -8.500000 49.500000
v -2.500000 -8.500000 48.000000
v -2.500000 -9.000000 48.000000
v -2.500000 -8.500000 47.500000
v -2.500000 -7.500000 47.500000
v -2.500000 -7.500000 47.000000
v -2.500000 -8.500000 47.000000
v -2.500000 -8.500000 49.000000
v -2.500000 -8.000000 49.000000
v -2.500000 -8.000000 47.500000
v -2.500000 -8.500000 50.000000
v -2.500000 -8.000000 50.000000
v -2.500000 -8.000000 49.500000
v -2.500000 -7.500000 52.500000
v -2.500000 -6.500000 52.500000
v -2.500000 -6.500000 52.000000
v -2.500000 -7.500000 52.000000
v -2.500000 -5.000000 -35.000000
v -2.500000 -4.500000 -35.000000
v -2.500000 -4.500000 -35.500000
v -2.500000 -5.000000 -35.500000
v -2.500000 -4.500000 44.000000
v -2.500000 -4.000000 44.000000
v -2.500000 -4.000000 43.500000
v -2.500000 -4.500000 43.500000
v -2.500000 -3.500000 43.500000
v -2.500000 -3.500000 43.000000
v -2.500000 -4.000000 43.000000
v -2.500000 -4.000000 53.500000
v -2.500000 -3.000000 53.500000
v -2.500000 -3.000000 53.000000
v -2.500000 -4.000000 53.000000
v -2.500000 -3.000000 43.000000
v -2.500000 -3.000000 42.500000
v -2.500000 -3.500000 42.500000
v -2.500000 -3.000000 -33.500000
v -2.500000 -2.000000 -33.500000
v -2.500000 -2.000000 -34.000000
v -2.500000 -3.000000 -34.000000
v -2.500000 -2.500000 42.500000
v -2.500000 -2.500000 42.000000
v -2.500000 -3.000000 42.000000
v -2.500000 -2.500000 -33.000000
v -2.500000 -2.000000 -33.000000
v -2.500000 -2.500000 -33.500000
v -2.500000 -2.000000 -46.000000
v -2.500000 -1.500000 -46.000000
v -2.500000 -1.500000 -46.500000
v -2.500000 -2.000000 -46.500000
v -2.500000 -2.000000 -31.000000
v -2.500000 -1.500000 -31.000000
v -2.500000 -1.500000 -33.000000
v -2.500000 -2.000000 -28.000000
v -2.500000 -1.500000 -28.000000
v -2.500000 -1.500000 -30.500000
v -2.500000 -2.000000 -30.500000
v -2.500000 -2.000000 30.000000
v -2.500000 -1.500000 30.000000
v -2.500000 -1.500000 28.500000
v -2.500000 -2.000000 28.500000
v -2.500000 -2.000000 40.500000
v -2.500000 -1.500000 40.500000
v -2.500000 -1.500000 40.000000
v -2.500000 -2.000000 40.000000
v -2.500000 -1.500000 33.000000
v -2.500000 -1.000000 33.000000
v -2.500000 -1.000000 31.000000
v -2.500000 -1.500000 31.000000
v -2.500000 -1.500000 39.500000
v -2.500000 -1.000000 39.500000
v -2.500000 -1.000000 38.000000
v -2.500000 -1.500000 38.000000
v -2.500000 -1.500000 52.000000
v -2.500000 -1.000000 52.000000
v -2.500000 -1.000000 51.500000
v -2.500000 -1.500000 51.500000
v -2.500000 -1.000000 38.500000
v -2.500000 -0.500000 38.500000
v -2.500000 -0.500000 32.000000
v -2.500000 -1.000000 32.000000
v -2.500000 0.000000 51.500000
v -2.500000 0.000000 51.000000
v -2.500000 -1.000000 51.000000
v -2.500000 -0.500000 -45.000000
v -2.500000 0.000000 -45.000000
v -2.500000 0.000000 -45.500000
v -2.500000 -0.500000 -45.500000
v -2.500000 0.000000 38.500000
v -2.500000 0.000000 33.000000
v -2.500000 -0.500000 33.000000
v -2.500000 0.000000 -42.500000
v -2.500000 0.500000 -42.500000
v -2.500000 0.500000 -45.000000
v -2.500000 0.000000 37.500000
v -2.500000 0.500000 37.500000
v -2.500000 0.500000 33.500000
v -2.500000 0.000000 33.500000
v -2.500000 1.000000 51.000000
v -2.500000 1.000000 50.500000
v -2.500000 0.000000 50.500000
v -2.500000 0.500000 -38.500000
v -2.500000 1.000000 -38.500000
v -2.500000 1.000000 -43.000000
v -2.500000 0.500000 -43.000000
v -2.500000 0.500000 37.000000
v -2.500000 1.500000 37.000000
v -2.500000 1.500000 34.000000
v -2.500000 0.500000 34.000000
v -2.500000 1.000000 37.500000
v -2.500000 1.000000 37.000000
v -2.500000 0.500000 50.500000
v -2.500000 1.500000 50.500000
v -2.500000 1.500000 50.000000
v -2.500000 0.500000 50.000000
v -2.500000 1.000000 -40.500000
v -2.500000 1.500000 -40.500000
v -2.500000 1.500000 -41.500000
v -2.500000 1.000000 -41.500000
v -2.500000 1.000000 -38.000000
v -2.500000 1.500000 -38.000000
v -2.500000 1.500000 -40.000000
v -2.500000 1.000000 -40.000000
v -2.500000 1.500000 -37.000000
v -2.500000 2.000000 -37.000000
v -2.500000 2.000000 -40.500000
v -2.500000 3.500000 37.000000
v -2.500000 3.500000 34.500000
v -2.500000 1.500000 34.500000
v -2.500000 1.500000 51.000000
v -2.500000 2.000000 51.000000
v -2.500000 2.000000 49.500000
v -2.500000 1.500000 49.500000
v -2.500000 2.000000 -36.500000
v -2.500000 2.500000 -36.500000
v -2.500000 2.500000 -39.500000
v -2.500000 2.000000 -39.500000
v -2.500000 3.000000 -36.500000
v -2.500000 3.000000 -39.000000
v -2.500000 2.500000 -39.000000
v -2.500000 2.500000 49.000000
v -2.500000 3.000000 49.000000
v -2.500000 3.000000 48.500000
v -2.500000 2.500000 48.500000
v -2.500000 3.000000 -36.000000
v -2.500000 3.500000 -36.000000
v -2.500000 3.500000 -38.500000
v -2.500000 3.000000 -38.500000
v -2.500000 3.000000 37.500000
v -2.500000 3.500000 37.500000
v -2.500000 3.000000 37.000000
v -2.500000 4.000000 -36.000000
v -2.500000 4.000000 -38.000000
v -2.500000 3.500000 -38.000000
v -2.500000 3.500000 38.000000
v -2.500000 4.000000 38.000000
v -2.500000 4.000000 33.000000
v -2.500000 3.500000 33.000000
v -2.500000 4.000000 -35.500000
v -2.500000 4.500000 -35.500000
v -2.500000 4.500000 -37.500000
v -2.500000 4.000000 -37.500000
v -2.500000 4.000000 38.500000
v -2.500000 4.500000 38.500000
v -2.500000 4.500000 30.500000
v -2.500000 4.000000 30.500000
v -2.500000 5.000000 -35.500000
v -2.500000 5.000000 -37.000000
v -2.500000 4.500000 -37.000000
v -2.500000 4.500000 41.000000
v -2.500000 5.000000 41.000000
v -2.500000 5.000000 28.000000
v -2.500000 4.500000 28.000000
v -2.500000 5.000000 -35.000000
v -2.500000 5.500000 -35.000000
v -2.500000 5.500000 -36.500000
v -2.500000 5.000000 -36.500000
v -2.500000 5.000000 32.500000
v -2.500000 5.500000 32.500000
v -2.500000 5.500000 22.000000
v -2.500000 5.000000 22.000000
v -2.500000 5.000000 37.000000
v -2.500000 5.500000 37.000000
v -2.500000 5.500000 36.000000
v -2.500000 5.000000 36.000000
v -2.500000 5.500000 -34.500000
v -2.500000 6.000000 -34.500000
v -2.500000 6.000000 -36.000000
v -2.500000 5.500000 -36.000000
v -2.500000 5.500000 -16.500000
v -2.500000 6.000000 -16.500000
v -2.500000 6.000000 -17.000000
v -2.500000 5.500000 -17.000000
v -2.500000 5.500000 17.500000
v -2.500000 6.000000 17.500000
v -2.500000 6.000000 16.500000
v -2.500000 5.500000 16.500000
v -2.500000 6.500000 -34.500000
v -2.500000 6.500000 -35.500000
v -2.500000 6.000000 -35.500000
v -2.500000 6.000000 -15.500000
v -2.500000 6.500000 -15.500000
v -2.500000 6.500000 -16.500000
v -2.500000 6.000000 15.500000
v -2.500000 6.500000 15.500000
v -2.500000 6.500000 14.500000
v -2.500000 6.000000 14.500000
v -2.500000 6.500000 -34.000000
v -2.500000 7.000000 -34.000000
v -2.500000 7.000000 -35.000000
v -2.500000 6.500000 -35.000000
v -2.500000 6.500000 8.000000
v -2.500000 7.000000 8.000000
v -2.500000 7.000000 7.500000
v -2.500000 6.500000 7.500000
v -2.500000 7.000000 -33.500000
v -2.500000 7.500000 -33.500000
v -2.500000 7.500000 -34.500000
v -2.500000 7.000000 -34.500000
v -2.500000 7.000000 -11.000000
v -2.500000 7.500000 -11.000000
v -2.500000 7.500000 -12.000000
v -2.500000 7.000000 -12.000000
v -2.500000 7.000000 4.500000
v -2.500000 7.500000 4.500000
v -2.500000 7.500000 4.000000
v -2.500000 7.000000 4.000000
v -2.500000 7.500000 -33.000000
v -2.500000 8.000000 -33.000000
v -2.500000 8.000000 -34.000000
v -2.500000 7.500000 -34.000000
v -2.500000 7.500000 -8.000000
v -2.500000 8.000000 -8.000000
v -2.500000 8.000000 -9.000000
v -2.500000 7.500000 -9.000000
v -2.500000 7.500000 2.000000
v -2.500000 8.000000 2.000000
v -2.500000 8.000000 1.500000
v -2.500000 7.500000 1.500000
v -2.500000 8.500000 -33.000000
v -2.500000 8.500000 -33.500000
v -2.500000 8.000000 -33.500000
v -2.500000 8.500000 -32.500000
v -2.500000 9.000000 -32.500000
v -2.500000 9.000000 -33.000000
v -2.500000 9.000000 -32.000000
v -2.500000 9.500000 -32.000000
v -2.500000 9.500000 -32.500000
v -2.500000 9.500000 -31.500000
v -2.500000 10.000000 -31.500000
v -2.500000 10.000000 -32.000000
v -2.000000 -10.000000 50.000000
v -2.000000 -9.500000 50.000000
v -2.000000 -9.500000 49.500000
v -2.000000 -10.000000 49.500000
v -2.000000 -9.000000 50.000000
v -2.000000 -9.000000 48.500000
v -2.000000 -9.500000 48.500000
v -2.000000 -9.000000 48.000000
v -2.000000 -8.500000 48.000000
v -2.000000 -8.500000 47.500000
v -2.000000 -9.000000 47.500000
v -2.000000 -8.500000 50.000000
v -2.000000 -8.500000 49.500000
v -2.000000 -9.000000 49.500000
v -2.000000 -9.000000 51.500000
v -2.000000 -8.500000 51.500000
v -2.000000 -8.500000 51.000000
v -2.000000 -9.000000 51.000000
v -2.000000 -8.500000 52.000000
v -2.000000 -7.500000 52.000000
v -2.000000 -7.500000 51.500000
v -2.000000 -3.500000 -33.500000
v -2.000000 -3.000000 -33.500000
v -2.000000 -3.000000 -34.000000
v -2.000000 -3.500000 -34.000000
v -2.000000 -3.000000 53.500000
v -2.000000 -2.500000 53.500000
v -2.000000 -2.500000 53.000000
v -2.000000 -3.000000 53.000000
v -2.000000 -2.500000 -32.500000
v -2.000000 -2.000000 -32.500000
v -2.000000 -2.000000 -33.000000
v -2.000000 -2.500000 -33.000000
v -2.000000 -2.500000 41.500000
v -2.000000 -2.000000 41.500000
v -2.000000 -2.000000 41.000000
v -2.000000 -2.500000 41.000000
v -2.000000 -2.000000 53.000000
v -2.000000 -2.000000 52.500000
v -2.000000 -2.500000 52.500000
v -2.000000 -2.000000 32.000000
v -2.000000 -1.500000 32.000000
v -2.000000 -1.500000 30.000000
v -2.000000 -2.000000 30.000000
v -2.000000 -2.000000 40.000000
v -2.000000 -1.500000 40.000000
v -2.000000 -1.500000 39.000000
v -2.000000 -2.000000 39.000000
v -2.000000 -1.000000 52.500000
v -2.000000 -1.000000 52.000000
v -2.000000 -2.000000 52.000000
v -2.000000 -1.500000 -46.000000
v -2.000000 -0.500000 -46.000000
v -2.000000 -0.500000 -46.500000
v -2.000000 -1.500000 -46.500000
v -2.000000 -1.500000 38.000000
v -2.000000 -1.000000 38.000000
v -2.000000 -1.000000 33.000000
v -2.000000 -1.500000 33.000000
v -2.000000 0.000000 52.000000
v -2.000000 0.000000 51.500000
v -2.000000 -1.000000 51.500000
v -2.000000 -0.500000 -45.500000
v -2.000000 0.000000 -45.500000
v -2.000000 0.000000 -46.000000
v -2.000000 0.000000 -45.000000
v -2.000000 0.500000 -45.000000
v -2.000000 0.500000 -45.500000
v -2.000000 1.000000 51.500000
v -2.000000 1.000000 51.000000
v -2.000000 0.000000 51.000000
v -2.000000 0.500000 -43.000000
v -2.000000 1.000000 -43.000000
v -2.000000 1.000000 -44.500000
v -2.000000 0.500000 -44.500000
v -2.000000 1.000000 -42.000000
v -2.000000 1.500000 -42.000000
v -2.000000 1.500000 -43.500000
v -2.000000 1.000000 -43.500000
v -2.000000 1.500000 51.000000
v -2.000000 1.500000 50.500000
v -2.000000 1.000000 50.500000
v -2.000000 1.500000 -40.500000
v -2.000000 2.000000 -40.500000
v -2.000000 2.000000 -42.500000
v -2.000000 1.500000 -42.500000
v -2.000000 2.000000 -39.500000
v -2.000000 2.500000 -39.500000
v -2.000000 2.500000 -41.500000
v -2.000000 2.000000 -41.500000
v -2.000000 2.500000 -39.000000
v -2.000000 3.000000 -39.000000
v -2.000000 3.000000 -40.500000
v -2.000000 2.500000 -40.500000
v -2.000000 3.000000 -38.500000
v -2.000000 3.500000 -38.500000
v -2.000000 3.500000 -40.000000
v -2.000000 3.000000 -40.000000
v -2.000000 3.000000 48.000000
v -2.000000 3.500000 48.000000
v -2.000000 3.500000 47.500000
v -2.000000 3.000000 47.500000
v -2.000000 3.500000 -38.000000
v -2.000000 4.000000 -38.000000
v -2.000000 4.000000 -39.000000
v -2.000000 3.500000 -39.000000
v -2.000000 4.000000 -37.500000
v -2.000000 4.500000 -37.500000
v -2.000000 4.500000 -38.500000
v -2.000000 4.000000 -38.500000
v -2.000000 4.500000 -37.000000
v -2.000000 5.000000 -37.000000
v -2.000000 5.000000 -38.000000
v -2.000000 4.500000 -38.000000
v -2.000000 5.000000 -36.500000
v -2.000000 5.500000 -36.500000
v -2.000000 5.500000 -37.000000
v -2.000000 5.000000 36.000000
v -2.000000 5.500000 36.000000
v -2.000000 5.500000 32.500000
v -2.000000 5.000000 32.500000
v -2.000000 5.000000 38.000000
v -2.000000 5.500000 38.000000
v -2.000000 5.500000 37.000000
v -2.000000 5.000000 37.000000
v -2.000000 5.500000 -36.000000
v -2.000000 6.000000 -36.000000
v -2.000000 6.000000 -36.500000
v -2.000000 5.500000 -17.000000
v -2.000000 6.000000 -17.000000
v -2.000000 6.000000 -17.500000
v -2.000000 5.500000 -17.500000
v -2.000000 5.500000 18.000000
v -2.000000 6.000000 18.000000
v -2.000000 6.000000 17.500000
v -2.000000 5.500000 17.500000
v -2.000000 6.000000 37.000000
v -2.000000 6.000000 25.000000
v -2.000000 5.500000 25.000000
v -2.000000 6.000000 -35.500000
v -2.000000 6.500000 -35.500000
v -2.000000 6.500000 -36.000000
v -2.000000 6.000000 -16.500000
v -2.000000 6.500000 -16.500000
v -2.000000 6.500000 -17.000000
v -2.000000 6.000000 36.500000
v -2.000000 6.500000 36.500000
v -2.000000 6.500000 25.500000
v -2.000000 6.000000 25.500000
v -2.000000 6.500000 -14.000000
v -2.000000 7.000000 -14.000000
v -2.000000 7.000000 -14.500000
v -2.000000 6.500000 -14.500000
v -2.000000 6.500000 8.500000
v -2.000000 7.000000 8.500000
v -2.000000 7.000000 8.000000
v -2.000000 6.500000 8.000000
v -2.000000 6.500000 37.000000
v -2.000000 7.000000 37.000000
v -2.000000 7.000000 27.000000
v -2.000000 6.500000 27.000000
v -2.000000 7.000000 5.000000
v -2.000000 7.500000 5.000000
v -2.000000 7.500000 4.500000
v -2.000000 7.000000 4.500000
v -2.000000 7.000000 36.500000
v -2.000000 7.500000 36.500000
v -2.000000 7.500000 29.500000
v -2.000000 7.000000 29.500000
v -2.000000 7.500000 -9.000000
v -2.000000 8.000000 -9.000000
v -2.000000 8.000000 -9.500000
v -2.000000 7.500000 -9.500000
v -2.000000 7.500000 2.500000
v -2.000000 8.000000 2.500000
v -2.000000 8.000000 2.000000
v -2.000000 7.500000 2.000000
v -2.000000 8.000000 36.500000
v -2.000000 8.000000 32.500000
v -2.000000 7.500000 32.500000
v -2.000000 8.000000 -0.500000
v -2.000000 8.500000 -0.500000
v -2.000000 8.500000 -6.000000
v -2.000000 8.000000 -6.000000
v -1.500000 -10.000000 51.000000
v -1.500000 -9.500000 51.000000
v -1.500000 -9.500000 50.000000
v -1.500000 -10.000000 50.000000
v -1.500000 -9.500000 51.500000
v -1.500000 -9.000000 51.500000
v -1.500000 -9.000000 50.500000
v -1.500000 -9.500000 50.500000
v -1.500000 -4.500000 -34.000000
v -1.500000 -4.000000 -34.000000
v -1.500000 -4.000000 -34.500000
v -1.500000 -4.500000 -34.500000
v -1.500000 -3.000000 -33.000000
v -1.500000 -2.500000 -33.000000
v -1.500000 -2.500000 -33.500000
v -1.500000 -3.000000 -33.500000
v -1.500000 -2.500000 -32.000000
v -1.500000 -2.000000 -32.000000
v -1.500000 -2.000000 -32.500000
v -1.500000 -2.500000 -32.500000
v -1.500000 -2.000000 39.000000
v -1.500000 -1.500000 39.000000
v -1.500000 -1.500000 32.000000
v -1.500000 -2.000000 32.000000
v -1.500000 -2.000000 53.000000
v -1.500000 -1.500000 53.000000
v -1.500000 -1.500000 52.500000
v -1.500000 -2.000000 52.500000
v -1.500000 -1.000000 52.500000
v -1.500000 -0.500000 52.500000
v -1.500000 -0.500000 52.000000
v -1.500000 -1.000000 52.000000
v -1.500000 -0.500000 -46.000000
v -1.500000 0.000000 -46.000000
v -1.500000 0.000000 -46.500000
v -1.500000 -0.500000 -46.500000
v -1.500000 0.000000 -45.500000
v -1.500000 0.500000 -45.500000
v -1.500000 0.500000 -46.000000
v -1.500000 0.000000 52.000000
v -1.500000 0.500000 52.000000
v -1.500000 0.500000 51.500000
v -1.500000 0.000000 51.500000
v -1.500000 0.500000 -44.500000
v -1.500000 1.000000 -44.500000
v -1.500000 1.000000 -45.000000
v -1.500000 0.500000 -45.000000
v -1.500000 1.000000 -43.500000
v -1.500000 1.500000 -43.500000
v -1.500000 1.500000 -44.500000
v -1.500000 1.000000 52.000000
v -1.500000 1.500000 52.000000
v -1.500000 1.500000 51.000000
v -1.500000 1.000000 51.000000
v -1.500000 1.500000 -42.500000
v -1.500000 2.000000 -42.500000
v -1.500000 2.000000 -43.500000
v -1.500000 2.000000 -41.500000
v -1.500000 2.500000 -41.500000
v -1.500000 2.500000 -42.500000
v -1.500000 2.500000 -40.500000
v -1.500000 3.000000 -40.500000
v -1.500000 3.000000 -41.500000
v -1.500000 3.000000 -40.000000
v -1.500000 3.500000 -40.000000
v -1.500000 3.500000 -40.500000
v -1.500000 3.500000 -39.000000
v -1.500000 4.000000 -39.000000
v -1.500000 4.000000 -40.000000
v -1.500000 4.000000 -38.500000
v -1.500000 4.500000 -38.500000
v -1.500000 4.500000 -39.000000
v -1.500000 4.500000 -38.000000
v -1.500000 5.000000 -38.000000
v -1.500000 5.000000 -38.500000
v -1.500000 5.000000 -37.000000
v -1.500000 5.500000 -37.000000
v -1.500000 5.500000 -37.500000
v -1.500000 5.000000 -37.500000
v -1.500000 5.000000 38.500000
v -1.500000 5.500000 38.500000
v -1.500000 5.500000 38.000000
v -1.500000 5.000000 38.000000
v -1.500000 5.500000 -36.500000
v -1.500000 6.000000 -36.500000
v -1.500000 6.000000 -37.000000
v -1.500000 5.500000 -17.500000
v -1.500000 6.000000 -17.500000
v -1.500000 6.000000 -18.000000
v -1.500000 5.500000 -18.000000
v -1.500000 5.500000 18.500000
v -1.500000 6.000000 18.500000
v -1.500000 6.000000 18.000000
v -1.500000 5.500000 18.000000
v -1.500000 5.500000 25.000000
v -1.500000 6.000000 25.000000
v -1.500000 6.000000 21.500000
v -1.500000 5.500000 21.500000
v -1.500000 6.000000 16.500000
v -1.500000 6.500000 16.500000
v -1.500000 6.500000 15.500000
v -1.500000 6.000000 15.500000
v -1.500000 6.000000 25.500000
v -1.500000 6.500000 25.500000
v -1.500000 6.500000 22.500000
v -1.500000 6.000000 22.500000
v -1.500000 6.000000 37.000000
v -1.500000 6.500000 37.000000
v -1.500000 6.500000 36.500000
v -1.500000 6.000000 36.500000
v -1.500000 6.500000 -35.000000
v -1.500000 7.000000 -35.000000
v -1.500000 7.000000 -35.500000
v -1.500000 6.500000 -35.500000
v -1.500000 6.500000 27.000000
v -1.500000 7.000000 27.000000
v -1.500000 7.000000 24.000000
v -1.500000 6.500000 24.000000
v -1.500000 7.000000 -34.500000
v -1.500000 7.500000 -34.500000
v -1.500000 7.500000 -35.000000
v -1.500000 7.000000 29.500000
v -1.500000 7.500000 29.500000
v -1.500000 7.500000 26.500000
v -1.500000 7.000000 26.500000
v -1.500000 7.000000 37.000000
v -1.500000 8.000000 37.000000
v -1.500000 8.000000 36.500000
v -1.500000 7.000000 36.500000
v -1.500000 7.500000 -34.000000
v -1.500000 8.000000 -34.000000
v -1.500000 8.000000 -34.500000
v -1.500000 7.500000 -9.500000
v -1.500000 8.000000 -9.500000
v -1.500000 8.000000 -10.000000
v -1.500000 7.500000 -10.000000
v -1.500000 7.500000 32.500000
v -1.500000 8.000000 32.500000
v -1.500000 8.000000 29.500000
v -1.500000 8.000000 -33.500000
v -1.500000 8.500000 -33.500000
v -1.500000 8.500000 -34.000000
v -1.500000 8.000000 -6.000000
v -1.500000 8.500000 -6.000000
v -1.500000 8.500000 -6.500000
v -1.500000 8.000000 -6.500000
v -1.500000 8.000000 0.000000
v -1.500000 8.500000 0.000000
v -1.500000 8.500000 -0.500000
v -1.500000 8.000000 -0.500000
v -1.500000 8.500000 36.500000
v -1.500000 8.500000 33.000000
v -1.500000 8.000000 33.000000
v -1.500000 8.500000 -33.000000
v -1.500000 9.000000 -33.000000
v -1.500000 9.000000 -33.500000
v -1.500000 9.000000 -32.500000
v -1.500000 9.500000 -32.500000
v -1.500000 9.500000 -33.000000
v -1.500000 9.500000 -32.000000
v -1.500000 10.000000 -32.000000
v -1.500000 10.000000 -32.500000
v -1.000000 -5.000000 -34.500000
v -1.000000 -4.500000 -34.500000
v -1.000000 -4.500000 -35.000000
v -1.000000 -5.000000 -35.000000
v -1.000000 -4.000000 -33.500000
v -1.000000 -3.500000 -33.500000
v -1.000000 -3.500000 -34.000000
v -1.000000 -4.000000 -34.000000
v -1.000000 -2.500000 -31.500000
v -1.000000 -2.000000 -31.500000
v -1.000000 -2.000000 -32.000000
v -1.000000 -2.500000 -32.000000
v -1.000000 0.500000 52.000000
v -1.000000 1.000000 52.000000
v -1.000000 1.000000 51.500000
v -1.000000 0.500000 51.500000
v -1.000000 1.500000 -43.500000
v -1.000000 2.000000 -43.500000
v -1.000000 2.000000 -44.000000
v -1.000000 1.500000 -44.000000
v -1.000000 2.000000 -42.500000
v -1.000000 2.500000 -42.500000
v -1.000000 2.500000 -43.000000
v -1.000000 2.000000 -43.000000
v -1.000000 2.500000 -41.500000
v -1.000000 3.000000 -41.500000
v -1.000000 3.000000 -42.000000
v -1.000000 2.500000 -42.000000
v -1.000000 3.000000 -40.500000
v -1.000000 3.500000 -40.500000
v -1.000000 3.500000 -41.000000
v -1.000000 3.000000 -41.000000
v -1.000000 3.500000 -40.000000
v -1.000000 4.000000 -40.000000
v -1.000000 4.000000 -40.500000
v -1.000000 4.000000 -39.000000
v -1.000000 4.500000 -39.000000
v -1.000000 4.500000 -39.500000
v -1.000000 4.000000 -39.500000
v -1.000000 5.000000 39.000000
v -1.000000 5.500000 39.000000
v -1.000000 5.500000 38.500000
v -1.000000 5.000000 38.500000
v -1.000000 5.500000 21.500000
v -1.000000 6.000000 21.500000
v -1.000000 6.000000 21.000000
v -1.000000 5.500000 21.000000
v -1.000000 6.000000 -17.000000
v -1.000000 6.500000 -17.000000
v -1.000000 6.500000 -17.500000
v -1.000000 6.000000 -17.500000
v -1.000000 6.000000 22.500000
v -1.000000 6.500000 22.500000
v -1.000000 6.500000 22.000000
v -1.000000 6.000000 22.000000
v -1.000000 6.500000 -14.500000
v -1.000000 7.000000 -14.500000
v -1.000000 7.000000 -15.000000
v -1.000000 6.500000 -15.000000
v -1.000000 6.500000 24.000000
v -1.000000 7.000000 24.000000
v -1.000000 7.000000 23.500000
v -1.000000 6.500000 23.500000
v -1.000000 7.000000 5.500000
v -1.000000 7.500000 5.500000
v -1.000000 7.500000 5.000000
v -1.000000 7.000000 5.000000
v -1.000000 7.000000 26.500000
v -1.000000 7.500000 26.500000
v -1.000000 7.500000 26.000000
v -1.000000 7.000000 26.000000
v -1.000000 7.500000 29.500000
v -1.000000 8.000000 29.500000
v -1.000000 8.000000 29.000000
v -1.000000 7.500000 29.000000
v -1.000000 8.000000 -6.500000
v -1.000000 8.500000 -6.500000
v -1.000000 8.500000 -7.000000
v -1.000000 8.000000 -7.000000
v -1.000000 8.000000 33.000000
v -1.000000 8.500000 33.000000
v -1.000000 8.500000 32.500000
v -1.000000 8.000000 32.500000
v -1.000000 8.000000 37.000000
v -1.000000 8.500000 37.000000
v -1.000000 8.500000 36.500000
v -1.000000 8.000000 36.500000
v -0.500000 -4.500000 -45.500000
v -0.500000 -4.000000 -45.500000
v -0.500000 -4.000000 -46.000000
v -0.500000 -4.500000 -46.000000
v -0.500000 -3.000000 -32.500000
v -0.500000 -2.500000 -32.500000
v -0.500000 -2.500000 -33.000000
v -0.500000 -3.000000 -33.000000
v -0.500000 1.000000 -44.500000
v -0.500000 1.500000 -44.500000
v -0.500000 1.500000 -45.000000
v -0.500000 1.000000 -45.000000
v -0.500000 5.500000 21.000000
v -0.500000 6.000000 21.000000
v -0.500000 6.000000 20.500000
v -0.500000 5.500000 20.500000
v -0.500000 6.000000 16.500000
v -0.500000 6.500000 16.500000
v -0.500000 6.500000 16.000000
v -0.500000 6.000000 16.000000
v -0.500000 6.000000 22.000000
v -0.500000 6.500000 22.000000
v -0.500000 6.500000 21.500000
v -0.500000 6.000000 21.500000
v -0.500000 7.000000 -12.000000
v -0.500000 7.500000 -12.000000
v -0.500000 7.500000 -12.500000
v -0.500000 7.000000 -12.500000
v -0.500000 8.000000 32.500000
v -0.500000 8.500000 32.500000
v -0.500000 8.500000 32.000000
v -0.500000 8.000000 32.000000
v 0.000000 -2.500000 41.000000
v 0.000000 -2.000000 41.000000
v 0.000000 -2.000000 40.500000
v 0.000000 -2.500000 40.500000
v 0.000000 -0.500000 52.500000
v 0.000000 0.000000 52.500000
v 0.000000 0.000000 52.000000
v 0.000000 -0.500000 52.000000
v 0.000000 7.500000 3.000000
v 0.000000 8.000000 3.000000
v 0.000000 8.000000 2.500000
v 0.000000 7.500000 2.500000
v 0.500000 -3.000000 53.500000
v 0.500000 -2.500000 53.500000
v 0.500000 -2.500000 53.000000
v 0.500000 -3.000000 53.000000
v 0.500000 6.000000 17.000000
v 0.500000 6.500000 17.000000
v 0.500000 6.500000 16.500000
v 0.500000 6.000000 16.500000
v 0.500000 7.000000 26.500000
v 0.500000 7.500000 26.500000
v 0.500000 7.500000 26.000000
v 0.500000 7.000000 26.000000
v 1.000000 -8.000000 47.000000
v 1.000000 -7.500000 47.000000
v 1.000000 -7.500000 46.500000
v 1.000000 -8.000000 46.500000
v 1.000000 5.000000 37.000000
v 1.000000 5.500000 37.000000
v 1.000000 5.500000 36.500000
v 1.000000 5.000000 36.500000
v 1.000000 6.000000 -19.500000
v 1.000000 6.500000 -19.500000
v 1.000000 6.500000 -20.000000
v 1.000000 6.000000 -20.000000
v 1.000000 6.500000 8.500000
v 1.000000 7.000000 8.500000
v 1.000000 7.000000 8.000000
v 1.000000 6.500000 8.000000
v 1.500000 -3.000000 53.500000
v 1.500000 -2.500000 53.500000
v 1.500000 -2.500000 53.000000
v 1.500000 -3.000000 53.000000
v 1.500000 0.500000 -45.000000
v 1.500000 1.000000 -45.000000
v 1.500000 1.000000 -45.500000
v 1.500000 0.500000 -45.500000
v 1.500000 5.000000 37.500000
v 1.500000 5.500000 37.500000
v 1.500000 5.500000 37.000000
v 1.500000 5.000000 37.000000
v 1.500000 5.500000 -18.000000
v 1.500000 6.000000 -18.000000
v 1.500000 6.000000 -18.500000
v 1.500000 5.500000 -18.500000
v 2.000000 -9.500000 51.000000
v 2.000000 -9.000000 51.000000
v 2.000000 -9.000000 50.500000
v 2.000000 -9.500000 50.500000
v 2.000000 1.000000 -41.500000
v 2.000000 1.500000 -41.500000
v 2.000000 1.500000 -42.000000
v 2.000000 1.000000 -42.000000
v 2.000000 6.500000 -20.000000
v 2.000000 7.000000 -20.000000
v 2.000000 7.000000 -20.500000
v 2.000000 6.500000 -20.500000
v 2.000000 8.000000 -20.500000
v 2.000000 8.500000 -20.500000
v 2.000000 8.500000 -21.000000
v 2.000000 8.000000 -21.000000
v 2.500000 -4.000000 -46.000000
v 2.500000 -3.500000 -46.000000
v 2.500000 -3.500000 -46.500000
v 2.500000 -4.000000 -46.500000
v 2.500000 -2.000000 -30.500000
v 2.500000 -1.500000 -30.500000
v 2.500000 -1.500000 -31.000000
v 2.500000 -2.000000 -31.000000
v 2.500000 1.000000 -40.000000
v 2.500000 1.500000 -40.000000
v 2.500000 1.500000 -40.500000
v 2.500000 1.000000 -40.500000
v 2.500000 5.500000 -17.000000
v 2.500000 6.000000 -17.000000
v 2.500000 6.000000 -18.000000
v 2.500000 5.500000 -18.000000
v 2.500000 6.000000 -19.000000
v 2.500000 6.500000 -19.000000
v 2.500000 6.500000 -19.500000
v 2.500000 6.000000 -19.500000
v 3.000000 -1.500000 -31.500000
v 3.000000 -1.000000 -31.500000
v 3.000000 -1.000000 -32.000000
v 3.000000 -1.500000 -32.000000
v 3.000000 0.000000 -37.500000
v 3.000000 0.500000 -37.500000
v 3.000000 0.500000 -38.000000
v 3.000000 0.000000 -38.000000
v 3.000000 0.500000 -35.000000
v 3.000000 1.000000 -35.000000
v 3.000000 1.000000 -35.500000
v 3.000000 0.500000 -35.500000
v 3.000000 7.000000 -20.000000
v 3.000000 7.500000 -20.000000
v 3.000000 7.500000 -20.500000
v 3.000000 7.000000 -20.500000
v 3.000000 8.500000 -20.500000
v 3.000000 9.000000 -20.500000
v 3.000000 9.000000 -21.000000
v 3.000000 8.500000 -21.000000
v 3.500000 -1.500000 -31.000000
v 3.500000 -1.000000 -31.000000
v 3.500000 -1.000000 -31.500000
v 3.500000 -1.500000 -31.500000
v 3.500000 0.500000 49.500000
v 3.500000 1.000000 49.500000
v 3.500000 1.000000 49.000000
v 3.500000 0.500000 49.000000
v 3.500000 9.500000 -28.000000
v 3.500000 10.000000 -28.000000
v 3.500000 10.000000 -28.500000
v 3.500000 9.500000 -28.500000
v 5.500000 -4.500000 -45.500000
v 5.500000 -4.000000 -45.500000
v 5.500000 -4.000000 -46.000000
v 5.500000 -4.500000 -46.000000
v 7.000000 -3.000000 -46.000000
v 7.000000 -2.500000 -46.000000
v 7.000000 -2.500000 -46.500000
v 7.000000 -3.000000 -46.500000
v 7.500000 -4.000000 -46.000000
v 7.500000 -3.500000 -46.000000
v 7.500000 -3.500000 -46.500000
v 7.500000 -4.000000 -46.500000
v 7.500000 -1.500000 -37.000000
v 7.500000 -1.000000 -37.000000
v 7.500000 -1.000000 -37.500000
v 7.500000 -1.500000 -37.500000
v 8.000000 -3.500000 -46.500000
v 8.000000 -3.000000 -46.500000
v 8.000000 -3.000000 -47.000000
v 8.000000 -3.500000 -47.000000
v 8.000000 -2.500000 -46.000000
v 8.000000 -2.000000 -46.000000
v 8.000000 -2.000000 -46.500000
v 8.000000 -2.500000 -46.500000
v 8.000000 -2.000000 -45.500000
v 8.000000 -1.500000 -45.500000
v 8.000000 -1.500000 -46.000000
v 8.000000 -2.000000 -35.500000
v 8.000000 -1.500000 -35.500000
v 8.000000 -1.500000 -36.000000
v 8.000000 -2.000000 -36.000000
v 8.000000 -1.500000 -44.500000
v 8.000000 -1.000000 -44.500000
v 8.000000 -1.000000 -45.000000
v 8.000000 -1.500000 -45.000000
v 8.500000 -5.500000 -42.500000
v 8.500000 -5.000000 -42.500000
v 8.500000 -5.000000 -43.000000
v 8.500000 -5.500000 -43.000000
v 8.500000 -5.500000 -37.500000
v 8.500000 -5.000000 -37.500000
v 8.500000 -5.000000 -38.000000
v 8.500000 -5.500000 -38.000000
v 8.500000 -5.000000 -45.000000
v 8.500000 -4.500000 -45.000000
v 8.500000 -4.500000 -45.500000
v 8.500000 -5.000000 -45.500000
v 8.500000 -5.000000 -35.500000
v 8.500000 -4.500000 -35.500000
v 8.500000 -4.500000 -36.000000
v 8.500000 -5.000000 -36.000000
v 8.500000 -4.500000 -46.000000
v 8.500000 -4.000000 -46.000000
v 8.500000 -4.000000 -46.500000
v 8.500000 -4.500000 -46.500000
v 8.500000 -3.500000 -46.500000
v 8.500000 -3.500000 -47.000000
v 8.500000 -4.000000 -47.000000
v 8.500000 -4.000000 -34.500000
v 8.500000 -3.500000 -34.500000
v 8.500000 -3.500000 -35.000000
v 8.500000 -4.000000 -35.000000
v 8.500000 -3.000000 -46.500000
v 8.500000 -2.500000 -46.500000
v 8.500000 -2.500000 -47.000000
v 8.500000 -3.000000 -47.000000
v 8.500000 -3.000000 -34.500000
v 8.500000 -2.500000 -34.500000
v 8.500000 -2.500000 -35.000000
v 8.500000 -3.000000 -35.000000
v 8.500000 -1.500000 -36.500000
v 8.500000 -1.000000 -36.500000
v 8.500000 -1.000000 -37.000000
v 8.500000 -1.500000 -37.000000
v 9.000000 -5.500000 -37.000000
v 9.000000 -5.000000 -37.000000
v 9.000000 -5.000000 -37.500000
v 9.000000 -5.500000 -37.500000
v 9.000000 -5.000000 -45.500000
v 9.000000 -4.500000 -45.500000
v 9.000000 -4.500000 -46.000000
v 9.000000 -5.000000 -46.000000
v 9.000000 -3.500000 -47.000000
v 9.000000 -2.500000 -47.000000
v 9.000000 -2.500000 -47.500000
v 9.000000 -3.500000 -47.500000
v 9.000000 -2.000000 -46.000000
v 9.000000 -1.500000 -46.000000
v 9.000000 -1.500000 -46.500000
v 9.000000 -2.000000 -46.500000
v 9.000000 -2.000000 -35.000000
v 9.000000 -1.500000 -35.000000
v 9.000000 -1.500000 -35.500000
v 9.000000 -2.000000 -35.500000
v 9.000000 -1.500000 -45.000000
v 9.000000 -1.000000 -45.000000
v 9.000000 -1.000000 -45.500000
v 9.000000 -1.500000 -45.500000
v 9.000000 -1.500000 -36.000000
v 9.000000 -1.000000 -36.000000
v 9.000000 -1.000000 -36.500000
v 9.000000 -1.500000 -36.500000
v 9.000000 -1.000000 -39.500000
v 9.000000 -0.500000 -39.500000
v 9.000000 -0.500000 -41.500000
v 9.000000 -1.000000 -41.500000
v 9.500000 -5.500000 -43.000000
v 9.500000 -5.000000 -43.000000
v 9.500000 -5.000000 -44.000000
v 9.500000 -5.500000 -44.000000
v 9.500000 -4.500000 -47.000000
v 9.500000 -3.500000 -47.000000
v 9.500000 -3.500000 -47.500000
v 9.500000 -4.500000 -47.500000
v 9.500000 -4.500000 -46.500000
v 9.500000 -4.000000 -46.500000
v 9.500000 -4.000000 -47.000000
v 9.500000 -4.500000 -34.500000
v 9.500000 -4.000000 -34.500000
v 9.500000 -4.000000 -35.000000
v 9.500000 -4.500000 -35.000000
v 9.500000 -2.500000 -47.000000
v 9.500000 -2.000000 -47.000000
v 9.500000 -2.000000 -47.500000
v 9.500000 -2.500000 -47.500000
v 9.500000 -2.500000 -34.500000
v 9.500000 -2.000000 -34.500000
v 9.500000 -2.000000 -35.000000
v 9.500000 -2.500000 -35.000000
v 9.500000 -2.000000 -46.500000
v 9.500000 -1.500000 -46.500000
v 9.500000 -1.500000 -47.000000
v 9.500000 -1.500000 -45.500000
v 9.500000 -1.000000 -45.500000
v 9.500000 -1.000000 -46.000000
v 9.500000 -1.500000 -46.000000
v 9.500000 -1.500000 -35.500000
v 9.500000 -1.000000 -35.500000
v 9.500000 -1.000000 -36.000000
v 9.500000 -1.500000 -36.000000
v 9.500000 -1.000000 -41.500000
v 9.500000 -0.500000 -41.500000
v 9.500000 -0.500000 -43.000000
v 9.500000 -1.000000 -43.000000
v 9.500000 -1.000000 -38.000000
v 9.500000 -0.500000 -38.000000
v 9.500000 -0.500000 -39.500000
v 9.500000 -1.000000 -39.500000
v 10.000000 -5.500000 -44.000000
v 10.000000 -5.000000 -44.000000
v 10.000000 -5.000000 -45.000000
v 10.000000 -5.500000 -45.000000
v 10.000000 -5.500000 -35.500000
v 10.000000 -5.000000 -35.500000
v 10.000000 -5.000000 -37.000000
v 10.000000 -5.500000 -37.000000
v 10.000000 -5.000000 -46.000000
v 10.000000 -4.500000 -46.000000
v 10.000000 -4.500000 -47.500000
v 10.000000 -5.000000 -47.500000
v 10.000000 -5.000000 -35.000000
v 10.000000 -4.500000 -35.000000
v 10.000000 -4.500000 -35.500000
v 10.000000 -2.000000 -47.500000
v 10.000000 -2.000000 -48.500000
v 10.000000 -4.500000 -48.500000
v 10.000000 -2.000000 -47.000000
v 10.000000 -1.500000 -47.000000
v 10.000000 -1.500000 -48.000000
v 10.000000 -2.000000 -48.000000
v 10.000000 -2.000000 -34.500000
v 10.000000 -1.500000 -34.500000
v 10.000000 -1.500000 -35.000000
v 10.000000 -2.000000 -35.000000
v 10.000000 -1.500000 -46.000000
v 10.000000 -1.000000 -46.000000
v 10.000000 -1.000000 -47.500000
v 10.000000 -1.500000 -47.500000
v 10.000000 -1.000000 -35.000000
v 10.000000 -1.000000 -35.500000
v 10.000000 -1.500000 -35.500000
v 10.000000 -1.000000 -43.000000
v 10.000000 -0.500000 -43.000000
v 10.000000 -0.500000 -44.500000
v 10.000000 -1.000000 -44.500000
v 10.000000 -1.000000 -36.000000
v 10.000000 -0.500000 -36.000000
v 10.000000 -0.500000 -38.000000
v 10.000000 -1.000000 -38.000000
v 10.500000 -6.000000 -36.500000
v 10.500000 -5.500000 -36.500000
v 10.500000 -5.500000 -44.500000
v 10.500000 -6.000000 -44.500000
v 10.500000 -5.500000 -45.000000
v 10.500000 -5.000000 -45.000000
v 10.500000 -5.000000 -47.000000
v 10.500000 -5.500000 -47.000000
v 10.500000 -5.500000 -34.500000
v 10.500000 -5.000000 -34.500000
v 10.500000 -5.000000 -35.500000
v 10.500000 -5.500000 -35.500000
v 10.500000 -5.000000 -47.500000
v 10.500000 -4.500000 -47.500000
v 10.500000 -4.500000 -50.000000
v 10.500000 -5.000000 -50.000000
v 10.500000 -5.000000 -33.500000
v 10.500000 -4.500000 -33.500000
v 10.500000 -4.500000 -35.000000
v 10.500000 -5.000000 -35.000000
v 10.500000 -4.500000 -48.500000
v 10.500000 -4.000000 -48.500000
v 10.500000 -4.000000 -51.500000
v 10.500000 -4.500000 -51.500000
v 10.500000 -1.500000 -33.500000
v 10.500000 -1.500000 -34.500000
v 10.500000 -4.500000 -34.500000
v 10.500000 -2.000000 -48.500000
v 10.500000 -2.000000 -52.500000
v 10.500000 -4.000000 -52.500000
v 10.500000 -2.000000 -48.000000
v 10.500000 -1.500000 -48.000000
v 10.500000 -1.500000 -51.500000
v 10.500000 -2.000000 -51.500000
v 10.500000 -1.500000 -47.500000
v 10.500000 -1.000000 -47.500000
v 10.500000 -1.000000 -50.000000
v 10.500000 -1.500000 -50.000000
v 10.500000 -1.000000 -33.500000
v 10.500000 -1.000000 -35.000000
v 10.500000 -1.500000 -35.000000
v 10.500000 -1.000000 -44.500000
v 10.500000 -0.500000 -44.500000
v 10.500000 -0.500000 -47.000000
v 10.500000 -1.000000 -47.000000
v 10.500000 -1.000000 -34.500000
v 10.500000 -0.500000 -34.500000
v 10.500000 -0.500000 -36.000000
v 10.500000 -1.000000 -36.000000
v 10.500000 -0.500000 -36.500000
v 10.500000 0.000000 -36.500000
v 10.500000 0.000000 -44.500000
v 11.000000 -7.000000 -42.000000
v 11.000000 -6.500000 -42.000000
v 11.000000 -6.500000 -44.000000
v 11.000000 -7.000000 -44.000000
v 11.000000 -6.500000 -39.000000
v 11.000000 -6.000000 -39.000000
v 11.000000 -6.000000 -47.000000
v 11.000000 -6.500000 -47.000000
v 11.000000 -6.500000 -37.500000
v 11.000000 -6.000000 -37.500000
v 11.000000 -6.000000 -38.000000
v 11.000000 -6.500000 -38.000000
v 11.000000 -6.000000 -44.500000
v 11.000000 -5.500000 -44.500000
v 11.000000 -5.500000 -50.500000
v 11.000000 -6.000000 -50.500000
v 11.000000 -5.500000 -50.000000
v 11.000000 -4.500000 -50.000000
v 11.000000 -4.500000 -51.000000
v 11.000000 -5.500000 -51.000000
v 11.000000 -5.500000 -47.000000
v 11.000000 -5.000000 -47.000000
v 11.000000 -5.000000 -50.000000
v 11.000000 -5.500000 -34.000000
v 11.000000 -5.000000 -34.000000
v 11.000000 -5.000000 -34.500000
v 11.000000 -5.500000 -34.500000
v 11.000000 -5.000000 -52.000000
v 11.000000 -4.000000 -52.000000
v 11.000000 -4.000000 -52.500000
v 11.000000 -5.000000 -52.500000
v 11.000000 -5.000000 -32.500000
v 11.000000 -1.000000 -32.500000
v 11.000000 -1.000000 -33.500000
v 11.000000 -5.000000 -33.500000
v 11.000000 -4.500000 -51.500000
v 11.000000 -4.000000 -51.500000
v 11.000000 -4.500000 -52.000000
v 11.000000 -2.000000 -52.000000
v 11.000000 -1.000000 -52.000000
v 11.000000 -1.000000 -52.500000
v 11.000000 -2.000000 -52.500000
v 11.000000 -2.000000 -51.500000
v 11.000000 -1.500000 -51.500000
v 11.000000 -1.500000 -52.000000
v 11.000000 -1.500000 -50.000000
v 11.000000 -1.000000 -50.000000
v 11.000000 -1.000000 -51.500000
v 11.000000 -1.000000 -47.000000
v 11.000000 -0.500000 -47.000000
v 11.000000 -0.500000 -51.000000
v 11.000000 -1.000000 -51.000000
v 11.000000 -1.000000 -34.000000
v 11.000000 -0.500000 -34.000000
v 11.000000 -0.500000 -34.500000
v 11.000000 -1.000000 -34.500000
v 11.000000 -0.500000 -44.500000
v 11.000000 0.000000 -44.500000
v 11.000000 0.000000 -50.500000
v 11.000000 -0.500000 -50.500000
v 11.000000 0.000000 -39.000000
v 11.000000 0.500000 -39.000000
v 11.000000 0.500000 -47.000000
v 11.000000 0.000000 -47.000000
v 11.000000 0.500000 -41.500000
v 11.000000 1.000000 -41.500000
v 11.000000 1.000000 -44.000000
v 11.000000 0.500000 -44.000000
v 11.500000 -7.000000 -45.500000
v 11.500000 -6.500000 -45.500000
v 11.500000 -6.500000 -46.000000
v 11.500000 -7.000000 -46.000000
v 11.500000 -7.000000 -44.000000
v 11.500000 -6.500000 -44.000000
v 11.500000 -6.500000 -45.000000
v 11.500000 -7.000000 -45.000000
v 11.500000 -6.500000 -47.000000
v 11.500000 -6.000000 -47.000000
v 11.500000 -6.000000 -50.500000
v 11.500000 -6.500000 -50.500000
v 11.500000 -6.000000 -51.000000
v 11.500000 -5.000000 -51.000000
v 11.500000 -5.000000 -51.500000
v 11.500000 -6.000000 -51.500000
v 11.500000 -5.500000 -50.500000
v 11.500000 -5.500000 -51.000000
v 11.500000 -5.500000 -52.000000
v 11.500000 -5.000000 -52.000000
v 11.500000 -5.000000 -52.500000
v 11.500000 -5.500000 -52.500000
v 11.500000 -5.500000 -33.000000
v 11.500000 -5.000000 -33.000000
v 11.500000 -5.000000 -33.500000
v 11.500000 -5.500000 -33.500000
v 11.500000 -4.500000 -52.500000
v 11.500000 -4.500000 -53.000000
v 11.500000 -5.000000 -53.000000
v 11.500000 -5.000000 -39.000000
v 11.500000 -4.500000 -39.000000
v 11.500000 -4.500000 -40.000000
v 11.500000 -5.000000 -40.000000
v 11.500000 -5.000000 -32.000000
v 11.500000 -1.000000 -32.000000
v 11.500000 -1.000000 -32.500000
v 11.500000 -5.000000 -32.500000
v 11.500000 -5.000000 -31.500000
v 11.500000 -1.500000 -31.500000
v 11.500000 -1.500000 -32.000000
v 11.500000 -4.000000 -40.000000
v 11.500000 -4.000000 -40.500000
v 11.500000 -4.500000 -40.500000
v 11.500000 -2.000000 -40.000000
v 11.500000 -1.500000 -40.000000
v 11.500000 -1.500000 -40.500000
v 11.500000 -2.000000 -40.500000
v 11.500000 -1.500000 -52.500000
v 11.500000 -1.000000 -52.500000
v 11.500000 -1.000000 -53.000000
v 11.500000 -1.500000 -53.000000
v 11.500000 -1.500000 -39.000000
v 11.500000 -1.000000 -39.000000
v 11.500000 -1.000000 -40.000000
v 11.500000 -1.000000 -51.000000
v 11.500000 0.000000 -51.000000
v 11.500000 0.000000 -51.500000
v 11.500000 -1.000000 -51.500000
v 11.500000 -0.500000 -32.500000
v 11.500000 -0.500000 -33.500000
v 11.500000 -1.000000 -33.500000
v 11.500000 -0.500000 -50.500000
v 11.500000 0.000000 -50.500000
v 11.500000 -0.500000 -51.000000
v 11.500000 0.000000 -47.000000
v 11.500000 0.500000 -47.000000
v 11.500000 0.500000 -50.500000
v 11.500000 0.500000 -45.500000
v 11.500000 1.000000 -45.500000
v 11.500000 1.000000 -46.000000
v 11.500000 0.500000 -46.000000
v 11.500000 0.500000 -44.000000
v 11.500000 1.000000 -44.000000
v 11.500000 1.000000 -45.000000
v 11.500000 0.500000 -45.000000
v 12.000000 -7.500000 -42.000000
v 12.000000 -7.000000 -42.000000
v 12.000000 -7.000000 -43.500000
v 12.000000 -7.500000 -43.500000
v 12.000000 -7.000000 -47.500000
v 12.000000 -6.500000 -47.500000
v 12.000000 -6.500000 -48.500000
v 12.000000 -7.000000 -48.500000
v 12.000000 -7.000000 -38.500000
v 12.000000 -6.500000 -38.500000
v 12.000000 -6.500000 -41.000000
v 12.000000 -7.000000 -41.000000
v 12.000000 -6.500000 -50.500000
v 12.000000 -6.000000 -50.500000
v 12.000000 -6.000000 -51.500000
v 12.000000 -6.500000 -51.500000
v 12.000000 -6.500000 -37.000000
v 12.000000 -6.000000 -37.000000
v 12.000000 -6.000000 -37.500000
v 12.000000 -6.500000 -37.500000
v 12.000000 -5.500000 -51.500000
v 12.000000 -5.500000 -52.000000
v 12.000000 -6.000000 -52.000000
v 12.000000 -5.500000 -52.500000
v 12.000000 -5.000000 -52.500000
v 12.000000 -5.000000 -53.000000
v 12.000000 -5.500000 -53.000000
v 12.000000 -5.500000 -32.000000
v 12.000000 -5.000000 -32.000000
v 12.000000 -5.000000 -32.500000
v 12.000000 -5.500000 -32.500000
v 12.000000 -5.000000 -30.500000
v 12.000000 -2.000000 -30.500000
v 12.000000 -2.000000 -31.000000
v 12.000000 -5.000000 -31.000000
v 12.000000 -4.500000 -50.500000
v 12.000000 -4.000000 -50.500000
v 12.000000 -4.000000 -53.000000
v 12.000000 -4.500000 -53.000000
v 12.000000 -4.500000 -31.000000
v 12.000000 -1.500000 -31.000000
v 12.000000 -1.500000 -31.500000
v 12.000000 -4.500000 -31.500000
v 12.000000 -4.000000 -48.500000
v 12.000000 -2.000000 -48.500000
v 12.000000 -2.000000 -52.500000
v 12.000000 -4.000000 -52.500000
v 12.000000 -3.500000 -48.000000
v 12.000000 -2.500000 -48.000000
v 12.000000 -2.500000 -48.500000
v 12.000000 -3.500000 -48.500000
v 12.000000 -3.500000 -43.000000
v 12.000000 -2.500000 -43.000000
v 12.000000 -2.500000 -43.500000
v 12.000000 -3.500000 -43.500000
v 12.000000 -2.500000 -42.000000
v 12.000000 -2.000000 -42.000000
v 12.000000 -2.000000 -42.500000
v 12.000000 -2.500000 -42.500000
v 12.000000 -2.000000 -50.500000
v 12.000000 -1.500000 -50.500000
v 12.000000 -1.500000 -53.000000
v 12.000000 -2.000000 -53.000000
v 12.000000 -1.500000 -30.500000
v 12.000000 -1.000000 -30.500000
v 12.000000 -1.000000 -31.000000
v 12.000000 -1.000000 -52.500000
v 12.000000 -0.500000 -52.500000
v 12.000000 -0.500000 -53.000000
v 12.000000 -1.000000 -53.000000
v 12.000000 -1.000000 -32.000000
v 12.000000 -0.500000 -32.000000
v 12.000000 -0.500000 -32.500000
v 12.000000 -1.000000 -32.500000
v 12.000000 -0.500000 -51.500000
v 12.000000 0.000000 -51.500000
v 12.000000 0.000000 -52.000000
v 12.000000 -0.500000 -52.000000
v 12.000000 0.000000 -50.500000
v 12.000000 0.500000 -50.500000
v 12.000000 0.500000 -51.500000
v 12.000000 0.000000 -37.000000
v 12.000000 0.500000 -37.000000
v 12.000000 0.500000 -37.500000
v 12.000000 0.000000 -37.500000
v 12.000000 0.500000 -46.000000
v 12.000000 1.000000 -46.000000
v 12.000000 1.000000 -48.500000
v 12.000000 0.500000 -48.500000
v 12.000000 0.500000 -38.500000
v 12.000000 1.000000 -38.500000
v 12.000000 1.000000 -41.500000
v 12.000000 0.500000 -41.500000
v 12.000000 1.000000 -42.000000
v 12.000000 1.500000 -42.000000
v 12.000000 1.500000 -43.500000
v 12.000000 1.000000 -43.500000
v 12.500000 -7.000000 -48.500000
v 12.500000 -6.500000 -48.500000
v 12.500000 -6.500000 -50.000000
v 12.500000 -7.000000 -50.000000
v 12.500000 -7.000000 -41.000000
v 12.500000 -6.500000 -41.000000
v 12.500000 -6.500000 -41.500000
v 12.500000 -7.000000 -41.500000
v 12.500000 -7.000000 -37.000000
v 12.500000 -6.500000 -37.000000
v 12.500000 -6.500000 -38.500000
v 12.500000 -7.000000 -38.500000
v 12.500000 -6.500000 -51.500000
v 12.500000 -6.000000 -51.500000
v 12.500000 -6.000000 -52.000000
v 12.500000 -6.500000 -52.000000
v 12.500000 -6.500000 -36.000000
v 12.500000 -6.000000 -36.000000
v 12.500000 -6.000000 -37.000000
v 12.500000 -6.000000 -52.500000
v 12.500000 -5.500000 -52.500000
v 12.500000 -5.500000 -53.000000
v 12.500000 -6.000000 -53.000000
v 12.500000 -6.000000 -34.000000
v 12.500000 -5.500000 -34.000000
v 12.500000 -5.500000 -38.000000
v 12.500000 -6.000000 -38.000000
v 12.500000 -5.500000 -35.000000
v 12.500000 -4.500000 -35.000000
v 12.500000 -4.500000 -39.000000
v 12.500000 -5.500000 -39.000000
v 12.500000 -5.500000 -33.000000
v 12.500000 -5.000000 -33.000000
v 12.500000 -5.000000 -35.000000
v 12.500000 -5.500000 -31.000000
v 12.500000 -5.000000 -31.000000
v 12.500000 -5.000000 -32.000000
v 12.500000 -5.500000 -32.000000
v 12.500000 -5.000000 -29.500000
v 12.500000 -1.000000 -29.500000
v 12.500000 -1.000000 -30.500000
v 12.500000 -5.000000 -30.500000
v 12.500000 -4.500000 -40.500000
v 12.500000 -4.000000 -40.500000
v 12.500000 -4.000000 -41.000000
v 12.500000 -4.500000 -41.000000
v 12.500000 -4.500000 -37.000000
v 12.500000 -4.000000 -37.000000
v 12.500000 -4.000000 -40.000000
v 12.500000 -4.500000 -40.000000
v 12.500000 -4.000000 -39.000000
v 12.500000 -3.500000 -39.000000
v 12.500000 -3.500000 -42.000000
v 12.500000 -4.000000 -42.000000
v 12.500000 -3.500000 -41.000000
v 12.500000 -2.500000 -41.000000
v 12.500000 -2.500000 -43.000000
v 12.500000 -3.500000 -43.000000
v 12.500000 -2.500000 -39.000000
v 12.500000 -2.000000 -39.000000
v 12.500000 -2.000000 -42.000000
v 12.500000 -2.500000 -42.000000
v 12.500000 -2.000000 -40.500000
v 12.500000 -1.500000 -40.500000
v 12.500000 -1.500000 -41.000000
v 12.500000 -2.000000 -41.000000
v 12.500000 -2.000000 -37.000000
v 12.500000 -1.500000 -37.000000
v 12.500000 -1.500000 -40.000000
v 12.500000 -2.000000 -40.000000
v 12.500000 -1.500000 -35.000000
v 12.500000 -0.500000 -35.000000
v 12.500000 -0.500000 -39.000000
v 12.500000 -1.500000 -39.000000
v 12.500000 -1.000000 -33.000000
v 12.500000 -0.500000 -33.000000
v 12.500000 -1.000000 -35.000000
v 12.500000 -1.000000 -31.000000
v 12.500000 -0.500000 -31.000000
v 12.500000 -0.500000 -32.000000
v 12.500000 -1.000000 -32.000000
v 12.500000 -0.500000 -52.000000
v 12.500000 0.000000 -52.000000
v 12.500000 0.000000 -53.000000
v 12.500000 -0.500000 -53.000000
v 12.500000 -0.500000 -34.500000
v 12.500000 0.000000 -34.500000
v 12.500000 0.000000 -38.000000
v 12.500000 -0.500000 -38.000000
v 12.500000 0.000000 -51.500000
v 12.500000 0.500000 -51.500000
v 12.500000 0.500000 -52.000000
v 12.500000 0.000000 -36.000000
v 12.500000 0.500000 -36.000000
v 12.500000 0.500000 -37.000000
v 12.500000 0.000000 -37.000000
v 12.500000 0.500000 -48.500000
v 12.500000 1.000000 -48.500000
v 12.500000 1.000000 -49.500000
v 12.500000 0.500000 -49.500000
v 12.500000 1.000000 -37.000000
v 12.500000 1.000000 -38.500000
v 12.500000 0.500000 -38.500000
v 12.500000 1.000000 -41.500000
v 12.500000 1.500000 -41.500000
v 12.500000 1.500000 -42.000000
v 12.500000 1.000000 -42.000000
v 13.000000 -7.000000 -46.000000
v 13.000000 -6.500000 -46.000000
v 13.000000 -6.500000 -47.500000
v 13.000000 -7.000000 -47.500000
v 13.000000 -7.000000 -45.000000
v 13.000000 -6.500000 -45.000000
v 13.000000 -6.500000 -45.500000
v 13.000000 -7.000000 -45.500000
v 13.000000 -7.000000 -35.500000
v 13.000000 -6.500000 -35.500000
v 13.000000 -6.500000 -37.000000
v 13.000000 -7.000000 -37.000000
v 13.000000 -6.500000 -52.000000
v 13.000000 -6.000000 -52.000000
v 13.000000 -6.000000 -52.500000
v 13.000000 -6.500000 -52.500000
v 13.000000 -6.500000 -33.500000
v 13.000000 -6.000000 -33.500000
v 13.000000 -6.000000 -36.000000
v 13.000000 -6.500000 -36.000000
v 13.000000 -6.000000 -31.500000
v 13.000000 -5.500000 -31.500000
v 13.000000 -5.500000 -34.000000
v 13.000000 -6.000000 -34.000000
v 13.000000 -5.500000 -53.000000
v 13.000000 -5.000000 -53.000000
v 13.000000 -5.000000 -53.500000
v 13.000000 -5.500000 -53.500000
v 13.000000 -5.500000 -29.500000
v 13.000000 -5.000000 -29.500000
v 13.000000 -5.000000 -31.000000
v 13.000000 -5.500000 -31.000000
v 13.000000 -5.000000 -51.000000
v 13.000000 -4.500000 -51.000000
v 13.000000 -4.500000 -52.000000
v 13.000000 -5.000000 -52.000000
v 13.000000 -5.000000 -29.000000
v 13.000000 -1.000000 -29.000000
v 13.000000 -1.000000 -29.500000
v 13.000000 -4.000000 -28.500000
v 13.000000 -2.500000 -28.500000
v 13.000000 -2.500000 -29.000000
v 13.000000 -4.000000 -29.000000
v 13.000000 -1.500000 -51.500000
v 13.000000 -1.000000 -51.500000
v 13.000000 -1.000000 -52.000000
v 13.000000 -1.500000 -52.000000
v 13.000000 -1.000000 -53.000000
v 13.000000 -0.500000 -53.000000
v 13.000000 -0.500000 -53.500000
v 13.000000 -1.000000 -53.500000
v 13.000000 -0.500000 -29.500000
v 13.000000 -0.500000 -31.000000
v 13.000000 -1.000000 -31.000000
v 13.000000 -0.500000 -31.500000
v 13.000000 0.000000 -31.500000
v 13.000000 0.000000 -34.500000
v 13.000000 -0.500000 -34.500000
v 13.000000 0.000000 -52.000000
v 13.000000 0.500000 -52.000000
v 13.000000 0.500000 -52.500000
v 13.000000 0.000000 -52.500000
v 13.000000 0.000000 -33.500000
v 13.000000 0.500000 -33.500000
v 13.000000 0.500000 -36.000000
v 13.000000 0.000000 -36.000000
v 13.000000 0.500000 -49.500000
v 13.000000 1.000000 -49.500000
v 13.000000 1.000000 -50.000000
v 13.000000 0.500000 -50.000000
v 13.000000 0.500000 -45.000000
v 13.000000 1.000000 -45.000000
v 13.000000 1.000000 -45.500000
v 13.000000 0.500000 -45.500000
v 13.000000 0.500000 -35.500000
v 13.000000 1.000000 -35.500000
v 13.000000 1.000000 -37.000000
v 13.000000 0.500000 -37.000000
v 13.500000 -7.000000 -45.500000
v 13.500000 -6.500000 -45.500000
v 13.500000 -6.500000 -46.000000
v 13.500000 -7.000000 -46.000000
v 13.500000 -7.000000 -44.500000
v 13.500000 -6.500000 -44.500000
v 13.500000 -6.500000 -45.000000
v 13.500000 -7.000000 -45.000000
v 13.500000 -6.500000 -52.500000
v 13.500000 -6.000000 -52.500000
v 13.500000 -6.000000 -53.000000
v 13.500000 -6.500000 -53.000000
v 13.500000 -5.500000 -53.000000
v 13.500000 -5.500000 -53.500000
v 13.500000 -6.000000 -53.500000
v 13.500000 -6.000000 -31.000000
v 13.500000 -5.500000 -31.000000
v 13.500000 -5.500000 -31.500000
v 13.500000 -6.000000 -31.500000
v 13.500000 -5.500000 -29.000000
v 13.500000 -5.000000 -29.000000
v 13.500000 -5.000000 -29.500000
v 13.500000 -5.500000 -29.500000
v 13.500000 -5.000000 -28.500000
v 13.500000 -4.000000 -28.500000
v 13.500000 -4.000000 -29.000000
v 13.500000 -4.500000 -27.500000
v 13.500000 -3.500000 -27.500000
v 13.500000 -3.500000 -28.500000
v 13.500000 -4.500000 -28.500000
v 13.500000 -2.500000 -46.500000
v 13.500000 -2.000000 -46.500000
v 13.500000 -2.000000 -47.000000
v 13.500000 -2.500000 -47.000000
v 13.500000 -2.500000 -28.500000
v 13.500000 -1.000000 -28.500000
v 13.500000 -1.000000 -29.000000
v 13.500000 -2.500000 -29.000000
v 13.500000 -2.500000 -27.500000
v 13.500000 -1.500000 -27.500000
v 13.500000 -1.500000 -28.500000
v 13.500000 -1.000000 -51.500000
v 13.500000 -0.500000 -51.500000
v 13.500000 -0.500000 -52.500000
v 13.500000 -1.000000 -52.500000
v 13.500000 -0.500000 -29.000000
v 13.500000 -0.500000 -29.500000
v 13.500000 -1.000000 -29.500000
v 13.500000 -0.500000 -53.000000
v 13.500000 0.000000 -53.000000
v 13.500000 0.000000 -53.500000
v 13.500000 -0.500000 -53.500000
v 13.500000 -0.500000 -31.000000
v 13.500000 0.000000 -31.000000
v 13.500000 0.000000 -31.500000
v 13.500000 -0.500000 -31.500000
v 13.500000 0.000000 -52.500000
v 13.500000 0.500000 -52.500000
v 13.500000 0.500000 -53.000000
v 13.500000 0.500000 -46.000000
v 13.500000 1.000000 -46.000000
v 13.500000 1.000000 -46.500000
v 13.500000 0.500000 -46.500000
v 13.500000 0.500000 -44.000000
v 13.500000 1.000000 -44.000000
v 13.500000 1.000000 -45.000000
v 13.500000 0.500000 -45.000000
v 13.500000 1.000000 -39.500000
v 13.500000 1.500000 -39.500000
v 13.500000 1.500000 -40.000000
v 13.500000 1.000000 -40.000000
v 14.000000 -8.000000 -39.000000
v 14.000000 -7.500000 -39.000000
v 14.000000 -7.500000 -42.000000
v 14.000000 -8.000000 -42.000000
v 14.000000 -7.000000 -42.000000
v 14.000000 -7.000000 -49.000000
v 14.000000 -7.500000 -49.000000
v 14.000000 -7.500000 -41.000000
v 14.000000 -7.000000 -41.000000
v 14.000000 -7.000000 -41.500000
v 14.000000 -7.500000 -41.500000
v 14.000000 -7.500000 -35.500000
v 14.000000 -7.000000 -35.500000
v 14.000000 -7.000000 -40.000000
v 14.000000 -7.500000 -40.000000
v 14.000000 -7.000000 -50.000000
v 14.000000 -6.500000 -50.000000
v 14.000000 -6.500000 -51.000000
v 14.000000 -7.000000 -51.000000
v 14.000000 -7.000000 -47.500000
v 14.000000 -6.500000 -47.500000
v 14.000000 -6.500000 -49.500000
v 14.000000 -7.000000 -49.500000
v 14.000000 -7.000000 -33.500000
v 14.000000 -6.500000 -33.500000
v 14.000000 -6.500000 -35.500000
v 14.000000 -6.500000 -32.000000
v 14.000000 -6.000000 -32.000000
v 14.000000 -6.000000 -33.500000
v 14.000000 -6.000000 -30.500000
v 14.000000 -5.500000 -30.500000
v 14.000000 -5.500000 -31.000000
v 14.000000 -6.000000 -31.000000
v 14.000000 -5.000000 -27.500000
v 14.000000 -4.500000 -27.500000
v 14.000000 -4.500000 -28.500000
v 14.000000 -5.000000 -28.500000
v 14.000000 -2.000000 -30.500000
v 14.000000 -1.500000 -30.500000
v 14.000000 -1.500000 -31.000000
v 14.000000 -2.000000 -31.000000
v 14.000000 -1.500000 -27.500000
v 14.000000 -1.000000 -27.500000
v 14.000000 -1.000000 -28.500000
v 14.000000 -1.500000 -28.500000
v 14.000000 -0.500000 -30.500000
v 14.000000 0.000000 -30.500000
v 14.000000 0.000000 -31.000000
v 14.000000 -0.500000 -31.000000
v 14.000000 0.000000 -32.000000
v 14.000000 0.500000 -32.000000
v 14.000000 0.500000 -33.500000
v 14.000000 0.000000 -33.500000
v 14.000000 0.500000 -50.000000
v 14.000000 1.000000 -50.000000
v 14.000000 1.000000 -51.000000
v 14.000000 0.500000 -51.000000
v 14.000000 0.500000 -46.500000
v 14.000000 1.000000 -46.500000
v 14.000000 1.000000 -49.500000
v 14.000000 0.500000 -49.500000
v 14.000000 1.000000 -33.500000
v 14.000000 1.000000 -35.000000
v 14.000000 0.500000 -35.000000
v 14.000000 1.000000 -42.000000
v 14.000000 1.500000 -42.000000
v 14.000000 1.500000 -49.000000
v 14.000000 1.000000 -49.000000
v 14.000000 1.000000 -41.000000
v 14.000000 1.500000 -41.000000
v 14.000000 1.500000 -41.500000
v 14.000000 1.000000 -41.500000
v 14.000000 1.000000 -35.500000
v 14.000000 1.500000 -35.500000
v 14.000000 1.500000 -39.500000
v 14.000000 1.000000 -39.500000
v 14.000000 1.500000 -39.000000
v 14.000000 2.000000 -39.000000
v 14.000000 2.000000 -42.000000
v 14.500000 -8.000000 -42.000000
v 14.500000 -7.500000 -42.000000
v 14.500000 -7.500000 -42.500000
v 14.500000 -8.000000 -42.500000
v 14.500000 -8.000000 -38.000000
v 14.500000 -7.500000 -38.000000
v 14.500000 -7.500000 -39.000000
v 14.500000 -8.000000 -39.000000
v 14.500000 -7.500000 -49.000000
v 14.500000 -7.000000 -49.000000
v 14.500000 -7.000000 -49.500000
v 14.500000 -7.500000 -49.500000
v 14.500000 -6.000000 -52.500000
v 14.500000 -5.500000 -52.500000
v 14.500000 -5.500000 -53.000000
v 14.500000 -6.000000 -53.000000
v 14.500000 -5.500000 -49.000000
v 14.500000 -5.000000 -49.000000
v 14.500000 -5.000000 -50.000000
v 14.500000 -5.500000 -50.000000
v 14.500000 -5.000000 -46.500000
v 14.500000 -4.500000 -46.500000
v 14.500000 -4.500000 -48.500000
v 14.500000 -5.000000 -48.500000
v 14.500000 -4.500000 -47.000000
v 14.500000 -1.500000 -47.000000
v 14.500000 -1.500000 -48.000000
v 14.500000 -4.500000 -48.000000
v 14.500000 -4.500000 -46.000000
v 14.500000 -2.500000 -46.000000
v 14.500000 -2.500000 -47.000000
v 14.500000 -4.000000 -45.500000
v 14.500000 -2.500000 -45.500000
v 14.500000 -4.000000 -46.000000
v 14.500000 -2.000000 -45.500000
v 14.500000 -2.000000 -46.500000
v 14.500000 -2.500000 -46.500000
v 14.500000 -2.000000 -46.000000
v 14.500000 -1.500000 -46.000000
v 14.500000 -2.000000 -47.000000
v 14.500000 -1.000000 -47.000000
v 14.500000 -1.000000 -48.500000
v 14.500000 -1.500000 -48.500000
v 14.500000 -1.000000 -49.000000
v 14.500000 -0.500000 -49.000000
v 14.500000 -0.500000 -50.000000
v 14.500000 -1.000000 -50.000000
v 14.500000 1.000000 -49.000000
v 14.500000 1.500000 -49.000000
v 14.500000 1.500000 -49.500000
v 14.500000 1.000000 -49.500000
v 14.500000 1.500000 -42.000000
v 14.500000 2.000000 -42.000000
v 14.500000 2.000000 -42.500000
v 14.500000 1.500000 -42.500000
v 14.500000 1.500000 -38.000000
v 14.500000 2.000000 -38.000000
v 14.500000 2.000000 -39.000000
v 14.500000 1.500000 -39.000000
v 15.000000 -7.500000 -40.000000
v 15.000000 -7.000000 -40.000000
v 15.000000 -7.000000 -41.000000
v 15.000000 -7.500000 -41.000000
v 15.000000 -7.000000 -46.000000
v 15.000000 -6.500000 -46.000000
v 15.000000 -6.500000 -47.500000
v 15.000000 -7.000000 -47.500000
v 15.000000 -5.500000 -50.000000
v 15.000000 -5.000000 -50.000000
v 15.000000 -5.000000 -53.000000
v 15.000000 -5.500000 -53.000000
v 15.000000 -5.500000 -29.000000
v 15.000000 -5.000000 -29.000000
v 15.000000 -5.000000 -29.500000
v 15.000000 -5.500000 -29.500000
v 15.000000 -5.000000 -52.000000
v 15.000000 -1.000000 -52.000000
v 15.000000 -1.000000 -53.500000
v 15.000000 -5.000000 -53.500000
v 15.000000 -5.000000 -48.500000
v 15.000000 -4.500000 -48.500000
v 15.000000 -4.500000 -51.000000
v 15.000000 -5.000000 -51.000000
v 15.000000 -4.500000 -48.000000
v 15.000000 -1.500000 -48.000000
v 15.000000 -1.500000 -52.000000
v 15.000000 -4.500000 -52.000000
v 15.000000 -4.500000 -27.500000
v 15.000000 -4.000000 -27.500000
v 15.000000 -4.000000 -37.000000
v 15.000000 -4.500000 -37.000000
v 15.000000 -4.000000 -36.000000
v 15.000000 -2.000000 -36.000000
v 15.000000 -2.000000 -38.500000
v 15.000000 -4.000000 -38.500000
v 15.000000 -2.000000 -31.000000
v 15.000000 -1.500000 -31.000000
v 15.000000 -1.500000 -37.000000
v 15.000000 -2.000000 -37.000000
v 15.000000 -2.000000 -27.500000
v 15.000000 -1.500000 -27.500000
v 15.000000 -1.500000 -30.500000
v 15.000000 -2.000000 -30.500000
v 15.000000 -1.500000 -50.000000
v 15.000000 -0.500000 -50.000000
v 15.000000 -0.500000 -51.500000
v 15.000000 -1.500000 -51.500000
v 15.000000 -1.500000 -48.500000
v 15.000000 -1.000000 -48.500000
v 15.000000 -1.000000 -50.000000
v 15.000000 -1.000000 -52.500000
v 15.000000 0.000000 -52.500000
v 15.000000 0.000000 -53.000000
v 15.000000 -1.000000 -53.000000
v 15.000000 -1.000000 -29.000000
v 15.000000 -0.500000 -29.000000
v 15.000000 -0.500000 -29.500000
v 15.000000 -1.000000 -29.500000
v 15.000000 0.500000 -46.000000
v 15.000000 1.000000 -46.000000
v 15.000000 1.000000 -46.500000
v 15.000000 0.500000 -46.500000
v 15.000000 0.500000 -35.000000
v 15.000000 1.000000 -35.000000
v 15.000000 1.000000 -35.500000
v 15.000000 0.500000 -35.500000
v 15.000000 1.000000 -41.500000
v 15.000000 1.500000 -41.500000
v 15.000000 1.500000 -42.000000
v 15.000000 1.000000 -42.000000
v 15.000000 1.000000 -40.000000
v 15.000000 1.500000 -40.000000
v 15.000000 1.500000 -41.000000
v 15.000000 1.000000 -41.000000
v 15.500000 -4.000000 -30.000000
v 15.500000 -2.000000 -30.000000
v 15.500000 -2.000000 -36.000000
v 15.500000 -4.000000 -36.000000
v 15.500000 -3.500000 -29.500000
v 15.500000 -2.500000 -29.500000
v 15.500000 -2.500000 -30.000000
v 15.500000 -3.500000 -30.000000
v 15.500000 -3.500000 -27.500000
v 15.500000 -2.500000 -27.500000
v 15.500000 -2.500000 -28.000000
v 15.500000 -3.500000 -28.000000
v 16.000000 -2.500000 -38.500000
v 16.000000 -2.000000 -38.500000
v 16.000000 -2.000000 -39.000000
v 16.000000 -2.500000 -39.000000
v 16.500000 -4.000000 -42.500000
v 16.500000 -3.500000 -42.500000
v 16.500000 -3.500000 -43.000000
v 16.500000 -4.000000 -43.000000
v 16.500000 -2.500000 -42.500000
v 16.500000 -2.500000 -43.500000
v 16.500000 -3.500000 -43.500000
v 16.500000 -2.000000 -42.500000
v 16.500000 -2.000000 -43.000000
v 16.500000 -2.500000 -43.000000
v 17.000000 -4.500000 -39.000000
v 17.000000 -4.000000 -39.000000
v 17.000000 -4.000000 -40.000000
v 17.000000 -4.500000 -40.000000
v 17.000000 -4.500000 -38.000000
v 17.000000 -4.000000 -38.000000
v 17.000000 -4.000000 -38.500000
v 17.000000 -4.500000 -38.500000
v 17.000000 -4.000000 -40.500000
v 17.000000 -2.000000 -40.500000
v 17.000000 -2.000000 -42.500000
v 17.000000 -4.000000 -42.500000
v 17.000000 -2.000000 -38.000000
v 17.000000 -1.500000 -38.000000
v 17.000000 -1.500000 -40.000000
v 17.000000 -2.000000 -40.000000
v 17.500000 -4.500000 -35.500000
v 17.500000 -4.000000 -35.500000
v 17.500000 -4.000000 -38.000000
v 17.500000 -4.500000 -38.000000
v 17.500000 -4.000000 -39.000000
v 17.500000 -2.000000 -39.000000
v 17.500000 -2.000000 -40.500000
v 17.500000 -4.000000 -40.500000
v 17.500000 -4.000000 -37.500000
v 17.500000 -2.500000 -37.500000
v 17.500000 -2.500000 -39.000000
v 17.500000 -2.000000 -37.500000
v 17.500000 -2.000000 -38.500000
v 17.500000 -2.500000 -38.500000
v 17.500000 -2.000000 -36.000000
v 17.500000 -1.500000 -36.000000
v 17.500000 -1.500000 -38.000000
v 17.500000 -2.000000 -38.000000
v 18.000000 -4.500000 -33.500000
v 18.000000 -4.000000 -33.500000
v 18.000000 -4.000000 -35.500000
v 18.000000 -4.500000 -35.500000
v 18.000000 -4.000000 -34.500000
v 18.000000 -2.000000 -34.500000
v 18.000000 -2.000000 -37.500000
v 18.000000 -4.000000 -37.500000
v 18.000000 -2.000000 -33.500000
v 18.000000 -1.500000 -33.500000
v 18.000000 -1.500000 -36.000000
v 18.000000 -2.000000 -36.000000
v -18.000000 -4.000000 -35.500000
v -18.000000 -4.000000 -33.500000
v -18.000000 -2.000000 -34.500000
v -18.000000 -4.000000 -34.500000
v -18.000000 -2.000000 -36.000000
v -18.000000 -2.000000 -33.500000
v -17.500000 -4.500000 -38.000000
v -17.500000 -4.000000 -38.000000
v -17.500000 -4.000000 -35.500000
v -17.500000 -4.500000 -35.500000
v -17.500000 -4.000000 -40.500000
v -17.500000 -2.000000 -40.500000
v -17.500000 -4.000000 -39.000000
v -17.500000 -2.500000 -37.500000
v -17.500000 -4.000000 -37.500000
v -17.500000 -2.000000 -37.500000
v -17.500000 -2.000000 -38.000000
v -17.500000 -1.500000 -38.000000
v -17.500000 -1.500000 -36.000000
v -17.500000 -2.000000 -36.000000
v -17.000000 -4.500000 -40.000000
v -17.000000 -4.000000 -40.000000
v -17.000000 -4.000000 -38.000000
v -17.000000 -4.500000 -38.000000
v -17.000000 -4.000000 -42.500000
v -17.000000 -2.000000 -42.500000
v -17.000000 -2.000000 -40.500000
v -17.000000 -4.000000 -40.500000
v -17.000000 -2.000000 -40.000000
v -17.000000 -1.500000 -40.000000
v -17.000000 -1.500000 -38.000000
v -17.000000 -2.000000 -38.000000
v -16.500000 -4.000000 -43.000000
v -16.500000 -3.500000 -43.000000
v -16.500000 -3.500000 -42.500000
v -16.500000 -4.000000 -42.500000
v -16.500000 -3.500000 -43.500000
v -16.500000 -2.500000 -43.500000
v -16.500000 -2.500000 -42.500000
v -16.500000 -2.500000 -43.000000
v -16.500000 -2.000000 -43.000000
v -16.500000 -2.000000 -42.500000
v -15.500000 -4.000000 -36.000000
v -15.500000 -2.000000 -36.000000
v -15.500000 -3.500000 -30.000000
v -15.500000 -2.500000 -30.000000
v -15.500000 -2.500000 -29.500000
v -15.500000 -3.500000 -29.500000
v -15.500000 -3.500000 -28.000000
v -15.500000 -2.500000 -28.000000
v -15.500000 -2.500000 -27.500000
v -15.500000 -3.500000 -27.500000
v -15.000000 -6.500000 -45.500000
v -15.000000 -7.000000 -45.500000
v -15.000000 -5.500000 -53.000000
v -15.000000 -5.000000 -53.000000
v -15.000000 -5.000000 -50.000000
v -15.000000 -5.500000 -50.000000
v -15.000000 -5.500000 -29.500000
v -15.000000 -5.000000 -29.500000
v -15.000000 -5.000000 -29.000000
v -15.000000 -5.500000 -29.000000
v -15.000000 -5.000000 -53.500000
v -15.000000 -1.000000 -53.500000
v -15.000000 -4.500000 -48.500000
v -15.000000 -5.000000 -48.500000
v -15.000000 -1.500000 -48.000000
v -15.000000 -4.500000 -48.000000
v -15.000000 -4.500000 -37.000000
v -15.000000 -4.000000 -37.000000
v -15.000000 -4.000000 -27.500000
v -15.000000 -4.500000 -27.500000
v -15.000000 -4.000000 -38.500000
v -15.000000 -2.000000 -38.500000
v -15.000000 -2.000000 -36.000000
v -15.000000 -4.000000 -36.000000
v -15.000000 -2.000000 -37.000000
v -15.000000 -1.500000 -37.000000
v -15.000000 -1.500000 -27.500000
v -15.000000 -2.000000 -27.500000
v -15.000000 -0.500000 -50.000000
v -15.000000 -1.500000 -50.000000
v -15.000000 -1.000000 -50.000000
v -15.000000 -1.000000 -48.500000
v -15.000000 -1.500000 -48.500000
v -15.000000 -1.000000 -53.000000
v -15.000000 0.000000 -53.000000
v -15.000000 0.000000 -52.500000
v -15.000000 -1.000000 -29.500000
v -15.000000 -0.500000 -29.500000
v -15.000000 -0.500000 -29.000000
v -15.000000 -1.000000 -29.000000
v -15.000000 0.500000 -35.500000
v -14.500000 -8.000000 -42.500000
v -14.500000 -7.500000 -42.500000
v -14.500000 -7.500000 -42.000000
v -14.500000 -8.000000 -42.000000
v -14.500000 -8.000000 -39.000000
v -14.500000 -7.500000 -39.000000
v -14.500000 -7.500000 -38.000000
v -14.500000 -8.000000 -38.000000
v -14.500000 -7.500000 -49.500000
v -14.500000 -7.000000 -49.500000
v -14.500000 -7.000000 -49.000000
v -14.500000 -7.500000 -49.000000
v -14.500000 -6.000000 -53.000000
v -14.500000 -5.500000 -53.000000
v -14.500000 -5.500000 -52.500000
v -14.500000 -6.000000 -52.500000
v -14.500000 -5.500000 -50.000000
v -14.500000 -5.000000 -50.000000
v -14.500000 -5.000000 -49.000000
v -14.500000 -5.500000 -49.000000
v -14.500000 -5.000000 -48.500000
v -14.500000 -4.500000 -48.500000
v -14.500000 -4.500000 -47.000000
v -14.500000 -5.000000 -47.000000
v -14.500000 -4.500000 -48.000000
v -14.500000 -1.500000 -48.000000
v -14.500000 -1.500000 -47.000000
v -14.500000 -2.500000 -46.000000
v -14.500000 -4.500000 -46.000000
v -14.500000 -4.000000 -46.000000
v -14.500000 -2.500000 -45.500000
v -14.500000 -4.000000 -45.500000
v -14.500000 -2.000000 -45.500000
v -14.500000 -1.500000 -46.000000
v -14.500000 -2.000000 -46.000000
v -14.500000 -1.500000 -48.500000
v -14.500000 -1.000000 -48.500000
v -14.500000 -1.000000 -46.500000
v -14.500000 -1.500000 -46.500000
v -14.500000 -1.000000 -50.000000
v -14.500000 -0.500000 -50.000000
v -14.500000 -0.500000 -49.000000
v -14.500000 -1.000000 -49.000000
v -14.500000 1.000000 -49.500000
v -14.500000 1.500000 -49.500000
v -14.500000 1.500000 -49.000000
v -14.500000 1.000000 -49.000000
v -14.500000 1.500000 -42.500000
v -14.500000 2.000000 -42.500000
v -14.500000 2.000000 -42.000000
v -14.500000 1.500000 -42.000000
v -14.500000 1.500000 -39.000000
v -14.500000 2.000000 -39.000000
v -14.500000 2.000000 -38.000000
v -14.500000 1.500000 -38.000000
v -14.000000 -8.000000 -42.000000
v -14.000000 -7.500000 -42.000000
v -14.000000 -7.500000 -39.000000
v -14.000000 -8.000000 -39.000000
v -14.000000 -7.500000 -49.000000
v -14.000000 -7.000000 -49.000000
v -14.000000 -7.000000 -41.000000
v -14.000000 -7.500000 -41.000000
v -14.000000 -7.500000 -39.500000
v -14.000000 -7.000000 -39.500000
v -14.000000 -7.000000 -35.500000
v -14.000000 -7.500000 -35.500000
v -14.000000 -7.000000 -51.000000
v -14.000000 -6.500000 -51.000000
v -14.000000 -6.500000 -35.500000
v -14.000000 -6.500000 -33.500000
v -14.000000 -7.000000 -33.500000
v -14.000000 -6.000000 -33.500000
v -14.000000 -6.000000 -32.000000
v -14.000000 -6.500000 -32.000000
v -14.000000 -6.000000 -31.000000
v -14.000000 -5.500000 -31.000000
v -14.000000 -5.500000 -30.500000
v -14.000000 -6.000000 -30.500000
v -14.000000 -5.000000 -28.500000
v -14.000000 -4.500000 -28.500000
v -14.000000 -5.000000 -27.500000
v -14.000000 -1.500000 -28.500000
v -14.000000 -1.000000 -28.500000
v -14.000000 -1.000000 -27.500000
v -14.000000 -0.500000 -31.000000
v -14.000000 0.000000 -31.000000
v -14.000000 0.000000 -30.500000
v -14.000000 -0.500000 -30.500000
v -14.000000 0.000000 -33.500000
v -14.000000 0.500000 -33.500000
v -14.000000 0.500000 -32.000000
v -14.000000 0.000000 -32.000000
v -14.000000 0.500000 -51.000000
v -14.000000 1.000000 -51.000000
v -14.000000 1.000000 -50.000000
v -14.000000 0.500000 -50.000000
v -14.000000 0.500000 -49.500000
v -14.000000 1.000000 -49.500000
v -14.000000 1.000000 -46.000000
v -14.000000 0.500000 -46.000000
v -14.000000 1.000000 -33.500000
v -14.000000 1.000000 -49.000000
v -14.000000 1.500000 -49.000000
v -14.000000 1.500000 -42.000000
v -14.000000 1.000000 -42.000000
v -14.000000 1.000000 -41.500000
v -14.000000 1.500000 -41.500000
v -14.000000 1.500000 -41.000000
v -14.000000 1.000000 -41.000000
v -14.000000 1.000000 -40.500000
v -14.000000 1.500000 -40.500000
v -14.000000 1.500000 -40.000000
v -14.000000 1.000000 -40.000000
v -14.000000 1.000000 -39.500000
v -14.000000 1.500000 -39.500000
v -14.000000 1.500000 -35.500000
v -14.000000 2.000000 -42.000000
v -14.000000 2.000000 -39.000000
v -14.000000 1.500000 -39.000000
v -13.500000 -7.500000 -40.000000
v -13.500000 -7.000000 -40.000000
v -13.500000 -7.000000 -39.500000
v -13.500000 -7.500000 -39.500000
v -13.500000 -7.000000 -45.000000
v -13.500000 -6.500000 -45.000000
v -13.500000 -6.500000 -44.000000
v -13.500000 -7.000000 -44.000000
v -13.500000 -6.500000 -53.000000
v -13.500000 -6.000000 -53.000000
v -13.500000 -6.000000 -52.500000
v -13.500000 -6.500000 -52.500000
v -13.500000 -6.000000 -53.500000
v -13.500000 -5.500000 -53.000000
v -13.500000 -6.000000 -31.500000
v -13.500000 -5.500000 -31.500000
v -13.500000 -5.500000 -31.000000
v -13.500000 -6.000000 -31.000000
v -13.500000 -5.500000 -29.500000
v -13.500000 -5.000000 -29.500000
v -13.500000 -5.000000 -29.000000
v -13.500000 -5.500000 -29.000000
v -13.500000 -4.000000 -29.000000
v -13.500000 -4.000000 -28.500000
v -13.500000 -5.000000 -28.500000
v -13.500000 -4.500000 -28.500000
v -13.500000 -3.500000 -27.500000
v -13.500000 -4.500000 -27.500000
v -13.500000 -1.000000 -29.000000
v -13.500000 -1.000000 -28.500000
v -13.500000 -1.500000 -28.500000
v -13.500000 -1.500000 -27.500000
v -13.500000 -2.500000 -27.500000
v -13.500000 -1.000000 -29.500000
v -13.500000 -0.500000 -29.500000
v -13.500000 -0.500000 -29.000000
v -13.500000 0.000000 -53.500000
v -13.500000 0.000000 -53.000000
v -13.500000 -0.500000 -53.000000
v -13.500000 -0.500000 -31.500000
v -13.500000 0.000000 -31.500000
v -13.500000 0.000000 -31.000000
v -13.500000 -0.500000 -31.000000
v -13.500000 0.500000 -53.000000
v -13.500000 0.500000 -52.500000
v -13.500000 0.000000 -52.500000
v -13.500000 0.500000 -46.000000
v -13.500000 1.000000 -46.000000
v -13.500000 1.000000 -45.500000
v -13.500000 0.500000 -45.500000
v -13.500000 0.500000 -45.000000
v -13.500000 1.000000 -45.000000
v -13.500000 1.000000 -44.500000
v -13.500000 0.500000 -44.500000
v -13.500000 1.000000 -41.000000
v -13.500000 1.500000 -41.000000
v -13.500000 1.500000 -39.500000
v -13.500000 1.000000 -39.500000
v -13.000000 -7.000000 -37.000000
v -13.000000 -6.500000 -37.000000
v -13.000000 -6.500000 -35.500000
v -13.000000 -7.000000 -35.500000
v -13.000000 -6.500000 -52.500000
v -13.000000 -6.000000 -52.500000
v -13.000000 -6.000000 -52.000000
v -13.000000 -6.500000 -52.000000
v -13.000000 -6.500000 -36.000000
v -13.000000 -6.000000 -36.000000
v -13.000000 -6.000000 -33.500000
v -13.000000 -6.500000 -33.500000
v -13.000000 -6.000000 -34.500000
v -13.000000 -5.500000 -34.500000
v -13.000000 -5.500000 -31.500000
v -13.000000 -6.000000 -31.500000
v -13.000000 -5.500000 -53.500000
v -13.000000 -5.000000 -53.500000
v -13.000000 -5.000000 -53.000000
v -13.000000 -5.500000 -53.000000
v -13.000000 -5.500000 -31.000000
v -13.000000 -5.000000 -31.000000
v -13.000000 -5.000000 -29.500000
v -13.000000 -5.500000 -29.500000
v -13.000000 -4.500000 -51.000000
v -13.000000 -5.000000 -51.000000
v -13.000000 -1.000000 -29.500000
v -13.000000 -1.000000 -29.000000
v -13.000000 -5.000000 -29.000000
v -13.000000 -4.000000 -29.000000
v -13.000000 -2.500000 -29.000000
v -13.000000 -2.500000 -28.500000
v -13.000000 -4.000000 -28.500000
v -13.000000 -1.000000 -53.500000
v -13.000000 -0.500000 -53.500000
v -13.000000 -0.500000 -53.000000
v -13.000000 -1.000000 -53.000000
v -13.000000 -1.000000 -31.000000
v -13.000000 -0.500000 -31.000000
v -13.000000 -0.500000 -29.500000
v -13.000000 -0.500000 -34.000000
v -13.000000 0.000000 -34.000000
v -13.000000 0.000000 -31.500000
v -13.000000 -0.500000 -31.500000
v -13.000000 0.000000 -52.500000
v -13.000000 0.500000 -52.500000
v -13.000000 0.500000 -52.000000
v -13.000000 0.000000 -52.000000
v -13.000000 0.000000 -36.000000
v -13.000000 0.500000 -36.000000
v -13.000000 0.500000 -33.500000
v -13.000000 0.000000 -33.500000
v -13.000000 0.500000 -50.000000
v -13.000000 1.000000 -50.000000
v -13.000000 0.500000 -37.000000
v -13.000000 1.000000 -37.000000
v -13.000000 1.000000 -35.500000
v -13.000000 0.500000 -35.500000
v -12.500000 -7.000000 -50.000000
v -12.500000 -6.500000 -50.000000
v -12.500000 -6.500000 -48.000000
v -12.500000 -7.000000 -48.000000
v -12.500000 -7.000000 -41.500000
v -12.500000 -6.500000 -41.500000
v -12.500000 -6.500000 -41.000000
v -12.500000 -7.000000 -41.000000
v -12.500000 -7.000000 -39.500000
v -12.500000 -6.500000 -39.500000
v -12.500000 -6.500000 -39.000000
v -12.500000 -7.000000 -39.000000
v -12.500000 -7.000000 -38.500000
v -12.500000 -6.500000 -38.500000
v -12.500000 -6.500000 -37.000000
v -12.500000 -7.000000 -37.000000
v -12.500000 -6.500000 -52.000000
v -12.500000 -6.000000 -52.000000
v -12.500000 -6.000000 -51.500000
v -12.500000 -6.500000 -51.500000
v -12.500000 -6.000000 -37.000000
v -12.500000 -6.000000 -36.000000
v -12.500000 -6.500000 -36.000000
v -12.500000 -6.000000 -53.000000
v -12.500000 -5.500000 -53.000000
v -12.500000 -5.500000 -52.500000
v -12.500000 -6.000000 -52.500000
v -12.500000 -6.000000 -38.000000
v -12.500000 -5.500000 -38.000000
v -12.500000 -5.500000 -34.500000
v -12.500000 -6.000000 -34.500000
v -12.500000 -5.500000 -39.000000
v -12.500000 -4.500000 -35.000000
v -12.500000 -5.500000 -35.000000
v -12.500000 -5.000000 -35.000000
v -12.500000 -5.000000 -33.000000
v -12.500000 -5.500000 -33.000000
v -12.500000 -5.500000 -32.000000
v -12.500000 -5.000000 -32.000000
v -12.500000 -5.000000 -31.000000
v -12.500000 -5.500000 -31.000000
v -12.500000 -5.000000 -30.500000
v -12.500000 -1.000000 -30.500000
v -12.500000 -1.000000 -29.500000
v -12.500000 -5.000000 -29.500000
v -12.500000 -4.500000 -41.000000
v -12.500000 -4.000000 -41.000000
v -12.500000 -4.000000 -37.000000
v -12.500000 -4.500000 -37.000000
v -12.500000 -4.000000 -42.000000
v -12.500000 -3.500000 -42.000000
v -12.500000 -3.500000 -39.000000
v -12.500000 -4.000000 -39.000000
v -12.500000 -3.500000 -43.000000
v -12.500000 -2.500000 -43.000000
v -12.500000 -2.500000 -41.000000
v -12.500000 -3.500000 -41.000000
v -12.500000 -2.500000 -42.000000
v -12.500000 -2.000000 -42.000000
v -12.500000 -2.000000 -39.000000
v -12.500000 -2.500000 -39.000000
v -12.500000 -2.000000 -41.000000
v -12.500000 -1.500000 -41.000000
v -12.500000 -1.500000 -37.000000
v -12.500000 -2.000000 -37.000000
v -12.500000 -0.500000 -39.000000
v -12.500000 -0.500000 -35.000000
v -12.500000 -1.500000 -35.000000
v -12.500000 -1.000000 -35.000000
v -12.500000 -0.500000 -33.000000
v -12.500000 -1.000000 -33.000000
v -12.500000 -1.000000 -32.000000
v -12.500000 -0.500000 -32.000000
v -12.500000 -0.500000 -31.000000
v -12.500000 -1.000000 -31.000000
v -12.500000 -0.500000 -53.000000
v -12.500000 0.000000 -53.000000
v -12.500000 0.000000 -52.000000
v -12.500000 -0.500000 -52.000000
v -12.500000 -0.500000 -38.000000
v -12.500000 0.000000 -38.000000
v -12.500000 0.000000 -34.000000
v -12.500000 -0.500000 -34.000000
v -12.500000 0.500000 -52.000000
v -12.500000 0.500000 -51.500000
v -12.500000 0.000000 -51.500000
v -12.500000 0.000000 -37.000000
v -12.500000 0.500000 -37.000000
v -12.500000 0.500000 -36.000000
v -12.500000 0.000000 -36.000000
v -12.500000 1.000000 -48.500000
v -12.500000 0.500000 -48.500000
v -12.500000 0.500000 -38.500000
v -12.500000 1.000000 -38.500000
v -12.500000 1.000000 -37.000000
v -12.500000 1.000000 -42.000000
v -12.500000 1.500000 -42.000000
v -12.500000 1.500000 -41.500000
v -12.500000 1.000000 -41.500000
v -12.000000 -7.500000 -43.500000
v -12.000000 -7.000000 -43.500000
v -12.000000 -7.000000 -42.000000
v -12.000000 -7.500000 -42.000000
v -12.000000 -7.000000 -48.000000
v -12.000000 -6.500000 -48.000000
v -12.000000 -7.000000 -41.000000
v -12.000000 -6.500000 -41.000000
v -12.000000 -6.500000 -39.500000
v -12.000000 -7.000000 -39.500000
v -12.000000 -7.000000 -39.000000
v -12.000000 -6.500000 -39.000000
v -12.000000 -6.500000 -38.500000
v -12.000000 -7.000000 -38.500000
v -12.000000 -6.500000 -51.500000
v -12.000000 -6.000000 -51.500000
v -12.000000 -6.000000 -50.500000
v -12.000000 -6.500000 -50.500000
v -12.000000 -6.500000 -37.500000
v -12.000000 -6.000000 -37.500000
v -12.000000 -6.000000 -37.000000
v -12.000000 -6.500000 -37.000000
v -12.000000 -6.000000 -52.000000
v -12.000000 -5.500000 -52.000000
v -12.000000 -5.500000 -51.500000
v -12.000000 -5.500000 -53.000000
v -12.000000 -5.000000 -53.000000
v -12.000000 -5.000000 -52.500000
v -12.000000 -5.500000 -52.500000
v -12.000000 -5.500000 -32.500000
v -12.000000 -5.000000 -32.500000
v -12.000000 -5.000000 -32.000000
v -12.000000 -5.500000 -32.000000
v -12.000000 -2.000000 -31.000000
v -12.000000 -2.000000 -30.500000
v -12.000000 -5.000000 -30.500000
v -12.000000 -4.500000 -53.000000
v -12.000000 -4.000000 -53.000000
v -12.000000 -4.000000 -50.500000
v -12.000000 -4.500000 -50.500000
v -12.000000 -4.000000 -52.500000
v -12.000000 -1.500000 -52.500000
v -12.000000 -1.500000 -50.500000
v -12.000000 -2.000000 -50.500000
v -12.000000 -2.000000 -48.500000
v -12.000000 -4.000000 -48.500000
v -12.000000 -3.500000 -48.500000
v -12.000000 -2.500000 -48.500000
v -12.000000 -2.500000 -48.000000
v -12.000000 -3.500000 -48.000000
v -12.000000 -3.500000 -43.500000
v -12.000000 -2.500000 -43.500000
v -12.000000 -2.500000 -43.000000
v -12.000000 -3.500000 -43.000000
v -12.000000 -2.000000 -53.000000
v -12.000000 -0.500000 -53.000000
v -12.000000 -0.500000 -52.500000
v -12.000000 -2.000000 -52.500000
v -12.000000 -1.000000 -30.500000
v -12.000000 -1.500000 -30.500000
v -12.000000 -1.000000 -32.500000
v -12.000000 -0.500000 -32.500000
v -12.000000 -0.500000 -32.000000
v -12.000000 -1.000000 -32.000000
v -12.000000 -0.500000 -52.000000
v -12.000000 0.000000 -52.000000
v -12.000000 0.000000 -51.500000
v -12.000000 -0.500000 -51.500000
v -12.000000 0.500000 -51.500000
v -12.000000 0.500000 -50.500000
v -12.000000 0.000000 -50.500000
v -12.000000 0.000000 -37.500000
v -12.000000 0.500000 -37.500000
v -12.000000 0.500000 -37.000000
v -12.000000 0.000000 -37.000000
v -12.000000 0.500000 -48.500000
v -12.000000 1.000000 -48.500000
v -12.000000 1.000000 -46.000000
v -12.000000 0.500000 -46.000000
v -12.000000 0.500000 -41.500000
v -12.000000 1.000000 -38.500000
v -12.000000 0.500000 -38.500000
v -12.000000 1.000000 -43.500000
v -12.000000 1.500000 -43.500000
v -11.500000 -7.000000 -46.000000
v -11.500000 -6.500000 -46.000000
v -11.500000 -6.500000 -44.000000
v -11.500000 -7.000000 -44.000000
v -11.500000 -6.500000 -50.500000
v -11.500000 -6.000000 -50.500000
v -11.500000 -6.000000 -47.000000
v -11.500000 -6.500000 -47.000000
v -11.500000 -6.500000 -38.000000
v -11.500000 -6.000000 -37.500000
v -11.500000 -6.500000 -37.500000
v -11.500000 -6.000000 -51.500000
v -11.500000 -5.000000 -51.500000
v -11.500000 -5.000000 -51.000000
v -11.500000 -6.000000 -51.000000
v -11.500000 -5.500000 -51.000000
v -11.500000 -5.500000 -50.500000
v -11.500000 -5.500000 -52.500000
v -11.500000 -5.000000 -52.500000
v -11.500000 -5.000000 -52.000000
v -11.500000 -5.500000 -52.000000
v -11.500000 -5.500000 -33.500000
v -11.500000 -5.000000 -33.500000
v -11.500000 -5.000000 -53.000000
v -11.500000 -4.500000 -53.000000
v -11.500000 -5.000000 -40.000000
v -11.500000 -5.000000 -39.000000
v -11.500000 -1.000000 -32.500000
v -11.500000 -5.000000 -32.000000
v -11.500000 -5.000000 -31.500000
v -11.500000 -1.000000 -40.000000
v -11.500000 -1.000000 -39.000000
v -11.500000 0.000000 -51.500000
v -11.500000 0.000000 -51.000000
v -11.500000 -1.000000 -51.000000
v -11.500000 -1.000000 -33.500000
v -11.500000 -0.500000 -33.500000
v -11.500000 -0.500000 -32.500000
v -11.500000 -0.500000 -51.000000
v -11.500000 0.000000 -50.500000
v -11.500000 -0.500000 -50.500000
v -11.500000 0.500000 -50.500000
v -11.500000 0.500000 -47.000000
v -11.500000 0.000000 -47.000000
v -11.500000 0.500000 -46.000000
v -11.500000 1.000000 -46.000000
v -11.500000 1.000000 -44.000000
v -11.500000 0.500000 -44.000000
v -11.000000 -7.000000 -44.000000
v -11.000000 -6.500000 -44.000000
v -11.000000 -6.500000 -47.000000
v -11.000000 -6.000000 -47.000000
v -11.000000 -6.000000 -39.000000
v -11.000000 -6.500000 -39.000000
v -11.000000 -6.000000 -50.500000
v -11.000000 -5.500000 -50.500000
v -11.000000 -5.500000 -44.500000
v -11.000000 -6.000000 -44.500000
v -11.000000 -5.500000 -51.000000
v -11.000000 -4.500000 -50.000000
v -11.000000 -5.500000 -50.000000
v -11.000000 -5.000000 -50.000000
v -11.000000 -5.000000 -47.000000
v -11.000000 -5.500000 -47.000000
v -11.000000 -5.500000 -34.500000
v -11.000000 -5.000000 -34.500000
v -11.000000 -5.000000 -34.000000
v -11.000000 -5.500000 -34.000000
v -11.000000 -5.000000 -52.500000
v -11.000000 -4.000000 -52.000000
v -11.000000 -5.000000 -33.500000
v -11.000000 -1.000000 -33.500000
v -11.000000 -1.000000 -32.500000
v -11.000000 -5.000000 -32.500000
v -11.000000 -4.000000 -51.500000
v -11.000000 -4.500000 -51.500000
v -11.000000 -1.000000 -52.500000
v -11.000000 -2.000000 -52.000000
v -11.000000 -2.000000 -51.500000
v -11.000000 -1.000000 -50.000000
v -11.000000 -1.500000 -50.000000
v -11.000000 -1.000000 -51.000000
v -11.000000 -0.500000 -51.000000
v -11.000000 -0.500000 -47.000000
v -11.000000 -1.000000 -47.000000
v -11.000000 -1.000000 -34.500000
v -11.000000 -0.500000 -34.500000
v -11.000000 -0.500000 -34.000000
v -11.000000 -1.000000 -34.000000
v -11.000000 -0.500000 -50.500000
v -11.000000 0.000000 -50.500000
v -11.000000 0.000000 -44.500000
v -11.000000 -0.500000 -44.500000
v -11.000000 0.000000 -47.000000
v -11.000000 0.500000 -47.000000
v -11.000000 0.500000 -38.000000
v -11.000000 0.000000 -38.000000
v -11.000000 0.500000 -44.000000
v -11.000000 1.000000 -44.000000
v -11.000000 1.000000 -41.500000
v -11.000000 0.500000 -41.500000
v -10.500000 -6.000000 -44.500000
v -10.500000 -5.500000 -44.500000
v -10.500000 -5.500000 -36.500000
v -10.500000 -6.000000 -36.500000
v -10.500000 -5.500000 -47.000000
v -10.500000 -5.000000 -47.000000
v -10.500000 -5.000000 -45.000000
v -10.500000 -5.500000 -45.000000
v -10.500000 -5.500000 -35.500000
v -10.500000 -5.000000 -35.500000
v -10.500000 -5.000000 -34.500000
v -10.500000 -5.500000 -34.500000
v -10.500000 -5.000000 -50.000000
v -10.500000 -4.500000 -50.000000
v -10.500000 -4.500000 -47.500000
v -10.500000 -5.000000 -47.500000
v -10.500000 -5.000000 -35.000000
v -10.500000 -4.500000 -35.000000
v -10.500000 -4.500000 -33.500000
v -10.500000 -5.000000 -33.500000
v -10.500000 -4.500000 -51.500000
v -10.500000 -4.000000 -51.500000
v -10.500000 -4.000000 -48.500000
v -10.500000 -4.500000 -48.500000
v -10.500000 -4.500000 -34.500000
v -10.500000 -1.500000 -34.500000
v -10.500000 -1.500000 -33.500000
v -10.500000 -4.000000 -52.500000
v -10.500000 -2.000000 -52.500000
v -10.500000 -2.000000 -48.500000
v -10.500000 -2.000000 -51.500000
v -10.500000 -1.500000 -51.500000
v -10.500000 -1.500000 -48.000000
v -10.500000 -2.000000 -48.000000
v -10.500000 -1.500000 -50.000000
v -10.500000 -1.000000 -50.000000
v -10.500000 -1.000000 -47.500000
v -10.500000 -1.500000 -47.500000
v -10.500000 -1.500000 -35.000000
v -10.500000 -1.000000 -35.000000
v -10.500000 -1.000000 -33.500000
v -10.500000 -1.000000 -47.000000
v -10.500000 -0.500000 -47.000000
v -10.500000 -0.500000 -44.500000
v -10.500000 -1.000000 -44.500000
v -10.500000 -1.000000 -36.000000
v -10.500000 -0.500000 -36.000000
v -10.500000 -0.500000 -34.500000
v -10.500000 -1.000000 -34.500000
v -10.500000 0.000000 -44.500000
v -10.500000 0.000000 -36.500000
v -10.500000 -0.500000 -36.500000
v -10.000000 -5.500000 -45.000000
v -10.000000 -5.000000 -45.000000
v -10.000000 -5.000000 -44.000000
v -10.000000 -5.500000 -44.000000
v -10.000000 -5.500000 -37.000000
v -10.000000 -5.000000 -37.000000
v -10.000000 -5.000000 -35.500000
v -10.000000 -5.500000 -35.500000
v -10.000000 -5.000000 -47.500000
v -10.000000 -4.500000 -47.500000
v -10.000000 -4.500000 -46.000000
v -10.000000 -5.000000 -46.000000
v -10.000000 -4.500000 -35.500000
v -10.000000 -4.500000 -35.000000
v -10.000000 -5.000000 -35.000000
v -10.000000 -4.500000 -48.500000
v -10.000000 -2.000000 -48.500000
v -10.000000 -2.000000 -47.500000
v -10.000000 -2.000000 -48.000000
v -10.000000 -1.500000 -48.000000
v -10.000000 -1.500000 -47.000000
v -10.000000 -2.000000 -47.000000
v -10.000000 -2.000000 -35.000000
v -10.000000 -1.500000 -35.000000
v -10.000000 -1.500000 -34.500000
v -10.000000 -2.000000 -34.500000
v -10.000000 -1.500000 -47.500000
v -10.000000 -1.000000 -47.500000
v -10.000000 -1.000000 -46.000000
v -10.000000 -1.500000 -46.000000
v -10.000000 -1.500000 -35.500000
v -10.000000 -1.000000 -35.500000
v -10.000000 -1.000000 -35.000000
v -10.000000 -1.000000 -44.500000
v -10.000000 -0.500000 -44.500000
v -10.000000 -0.500000 -43.000000
v -10.000000 -1.000000 -43.000000
v -10.000000 -1.000000 -38.000000
v -10.000000 -0.500000 -38.000000
v -10.000000 -0.500000 -36.000000
v -10.000000 -1.000000 -36.000000
v -9.500000 -5.500000 -44.000000
v -9.500000 -5.000000 -44.000000
v -9.500000 -5.000000 -43.000000
v -9.500000 -5.500000 -43.000000
v -9.500000 -4.500000 -47.500000
v -9.500000 -3.500000 -47.500000
v -9.500000 -3.500000 -47.000000
v -9.500000 -4.500000 -47.000000
v -9.500000 -4.000000 -47.000000
v -9.500000 -4.000000 -46.500000
v -9.500000 -4.500000 -46.500000
v -9.500000 -4.500000 -35.000000
v -9.500000 -4.000000 -35.000000
v -9.500000 -4.000000 -34.500000
v -9.500000 -4.500000 -34.500000
v -9.500000 -2.500000 -47.500000
v -9.500000 -2.000000 -47.500000
v -9.500000 -2.000000 -47.000000
v -9.500000 -2.500000 -47.000000
v -9.500000 -2.500000 -35.000000
v -9.500000 -2.000000 -35.000000
v -9.500000 -2.000000 -34.500000
v -9.500000 -2.500000 -34.500000
v -9.500000 -1.500000 -47.000000
v -9.500000 -1.500000 -46.500000
v -9.500000 -2.000000 -46.500000
v -9.500000 -1.500000 -46.000000
v -9.500000 -1.000000 -46.000000
v -9.500000 -1.000000 -45.500000
v -9.500000 -1.500000 -45.500000
v -9.500000 -1.500000 -36.000000
v -9.500000 -1.000000 -36.000000
v -9.500000 -1.000000 -35.500000
v -9.500000 -1.500000 -35.500000
v -9.500000 -1.000000 -43.000000
v -9.500000 -0.500000 -43.000000
v -9.500000 -0.500000 -41.500000
v -9.500000 -1.000000 -41.500000
v -9.500000 -1.000000 -39.500000
v -9.500000 -0.500000 -39.500000
v -9.500000 -0.500000 -38.000000
v -9.500000 -1.000000 -38.000000
v -9.000000 -5.500000 -37.500000
v -9.000000 -5.000000 -37.500000
v -9.000000 -5.000000 -37.000000
v -9.000000 -5.500000 -37.000000
v -9.000000 -5.000000 -46.000000
v -9.000000 -4.500000 -46.000000
v -9.000000 -4.500000 -45.500000
v -9.000000 -5.000000 -45.500000
v -9.000000 -3.500000 -47.500000
v -9.000000 -2.500000 -47.500000
v -9.000000 -3.500000 -47.000000
v -9.000000 -1.500000 -46.500000
v -9.000000 -1.500000 -46.000000
v -9.000000 -2.000000 -46.000000
v -9.000000 -2.000000 -35.500000
v -9.000000 -1.500000 -35.500000
v -9.000000 -1.500000 -35.000000
v -9.000000 -2.000000 -35.000000
v -9.000000 -1.500000 -45.500000
v -9.000000 -1.000000 -45.500000
v -9.000000 -1.000000 -45.000000
v -9.000000 -1.500000 -45.000000
v -9.000000 -1.500000 -36.500000
v -9.000000 -1.000000 -36.500000
v -9.000000 -1.000000 -36.000000
v -9.000000 -1.500000 -36.000000
v -9.000000 -1.000000 -41.500000
v -9.000000 -0.500000 -41.500000
v -9.000000 -0.500000 -39.500000
v -9.000000 -1.000000 -39.500000
v -8.500000 -5.500000 -38.000000
v -8.500000 -5.000000 -38.000000
v -8.500000 -5.000000 -37.500000
v -8.500000 -5.500000 -37.500000
v -8.500000 -5.000000 -45.500000
v -8.500000 -4.500000 -45.500000
v -8.500000 -4.500000 -45.000000
v -8.500000 -5.000000 -45.000000
v -8.500000 -5.000000 -36.000000
v -8.500000 -4.500000 -36.000000
v -8.500000 -4.500000 -35.500000
v -8.500000 -5.000000 -35.500000
v -8.500000 -4.500000 -46.500000
v -8.500000 -4.000000 -46.500000
v -8.500000 -4.000000 -46.000000
v -8.500000 -4.500000 -46.000000
v -8.500000 -4.000000 -47.000000
v -8.500000 -3.500000 -47.000000
v -8.500000 -3.500000 -46.500000
v -8.500000 -4.000000 -35.000000
v -8.500000 -3.500000 -35.000000
v -8.500000 -3.500000 -34.500000
v -8.500000 -4.000000 -34.500000
v -8.500000 -3.000000 -47.000000
v -8.500000 -2.500000 -47.000000
v -8.500000 -2.500000 -46.500000
v -8.500000 -3.000000 -46.500000
v -8.500000 -3.000000 -35.000000
v -8.500000 -2.500000 -35.000000
v -8.500000 -2.500000 -34.500000
v -8.500000 -3.000000 -34.500000
v -8.500000 -1.500000 -37.000000
v -8.500000 -1.000000 -37.000000
v -8.500000 -1.000000 -36.500000
v -8.500000 -1.500000 -36.500000
v -8.000000 -3.500000 -47.000000
v -8.000000 -3.000000 -47.000000
v -8.000000 -3.000000 -46.500000
v -8.000000 -3.500000 -46.500000
v -8.000000 -2.500000 -46.500000
v -8.000000 -2.000000 -46.500000
v -8.000000 -2.000000 -46.000000
v -8.000000 -2.500000 -46.000000
v -8.000000 -1.500000 -46.000000
v -8.000000 -1.500000 -45.500000
v -8.000000 -2.000000 -45.500000
v -8.000000 -2.000000 -36.000000
v -8.000000 -1.500000 -36.000000
v -8.000000 -1.500000 -35.500000
v -8.000000 -2.000000 -35.500000
v -8.000000 -1.500000 -45.000000
v -8.000000 -1.000000 -45.000000
v -8.000000 -1.000000 -44.500000
v -8.000000 -1.500000 -44.500000
v -7.500000 -4.000000 -46.500000
v -7.500000 -3.500000 -46.500000
v -7.500000 -3.500000 -46.000000
v -7.500000 -4.000000 -46.000000
v -7.500000 -1.500000 -37.500000
v -7.500000 -1.000000 -37.500000
v -7.500000 -1.000000 -37.000000
v -7.500000 -1.500000 -37.000000
v -7.000000 -5.500000 -43.000000
v -7.000000 -5.000000 -43.000000
v -7.000000 -5.000000 -42.500000
v -7.000000 -5.500000 -42.500000
v -7.000000 -3.000000 -46.500000
v -7.000000 -2.500000 -46.500000
v -7.000000 -2.500000 -46.000000
v -7.000000 -3.000000 -46.000000
v -6.000000 -5.500000 -38.000000
v -6.000000 -5.000000 -38.000000
v -6.000000 -5.000000 -37.500000
v -6.000000 -5.500000 -37.500000
v -5.000000 -5.500000 -37.500000
v -5.000000 -5.000000 -37.500000
v -5.000000 -5.000000 -37.000000
v -5.000000 -5.500000 -37.000000
v -3.500000 -1.500000 -31.500000
v -3.500000 -1.000000 -31.500000
v -3.500000 0.500000 49.000000
v -3.500000 1.000000 49.000000
v -3.500000 1.000000 49.500000
v -3.000000 -1.000000 -31.500000
v -3.000000 -1.500000 -31.500000
v -3.000000 7.000000 -20.500000
v -3.000000 7.500000 -20.500000
v -3.000000 7.500000 -20.000000
v -3.000000 7.000000 -20.000000
v -3.000000 8.500000 -21.000000
v -3.000000 9.000000 -21.000000
v -3.000000 9.000000 -20.500000
v -3.000000 8.500000 -20.500000
v -2.500000 -4.000000 -46.500000
v -2.500000 -3.500000 -46.500000
v -2.500000 -3.500000 -46.000000
v -2.500000 -4.000000 -46.000000
v -2.500000 5.500000 -18.000000
v -2.500000 6.000000 -18.000000
v -2.500000 6.000000 -19.500000
v -2.500000 6.500000 -19.500000
v -2.500000 6.500000 -19.000000
v -2.500000 6.000000 -19.000000
v -2.000000 -9.500000 50.500000
v -2.000000 -9.000000 50.500000
v -2.000000 -9.500000 51.000000
v -2.000000 1.500000 -41.500000
v -2.000000 1.000000 -41.500000
v -2.000000 6.500000 -20.500000
v -2.000000 7.000000 -20.500000
v -2.000000 7.000000 -20.000000
v -2.000000 6.500000 -20.000000
v -1.500000 -4.500000 -46.000000
v -1.500000 -4.000000 -46.000000
v -1.500000 -4.000000 -45.500000
v -1.500000 -4.500000 -45.500000
v -1.500000 -3.000000 53.000000
v -1.500000 -2.500000 53.000000
v -1.500000 -2.500000 53.500000
v -1.500000 -3.000000 53.500000
v -1.500000 1.000000 -45.500000
v -1.500000 5.000000 37.000000
v -1.500000 5.500000 37.000000
v -1.500000 5.500000 37.500000
v -1.500000 5.000000 37.500000
v -1.500000 5.500000 -18.500000
v -1.500000 6.000000 -18.500000
v -1.000000 5.000000 36.500000
v -1.000000 5.500000 36.500000
v -1.000000 5.500000 37.000000
v -1.000000 5.000000 37.000000
v -1.000000 6.000000 16.000000
v -1.000000 6.500000 16.000000
v -1.000000 6.500000 16.500000
v -1.000000 6.000000 16.500000
v 0.000000 3.000000 47.500000
v 0.000000 3.500000 47.500000
v 0.000000 3.500000 48.000000
v 0.000000 3.000000 48.000000
v 0.000000 7.000000 26.000000
v 0.000000 7.500000 26.000000
v 0.000000 7.500000 26.500000
v 0.000000 7.000000 26.500000
v 0.500000 -3.000000 -33.000000
v 0.500000 -2.500000 -33.000000
v 0.500000 -2.500000 -32.500000
v 0.500000 -3.000000 -32.500000
v 0.500000 -0.500000 52.000000
v 0.500000 0.000000 52.000000
v 0.500000 0.000000 52.500000
v 0.500000 -0.500000 52.500000
v 0.500000 1.000000 -45.000000
v 0.500000 1.500000 -45.000000
v 0.500000 1.500000 -44.500000
v 0.500000 1.000000 -44.500000
v 0.500000 3.500000 -40.500000
v 0.500000 4.000000 -40.500000
v 0.500000 4.000000 -40.000000
v 0.500000 3.500000 -40.000000
v 0.500000 5.500000 20.500000
v 0.500000 6.000000 20.500000
v 0.500000 6.000000 21.000000
v 0.500000 5.500000 21.000000
v 0.500000 6.000000 -20.000000
v 0.500000 6.500000 -20.000000
v 0.500000 6.500000 -19.500000
v 0.500000 6.000000 -19.500000
v 0.500000 6.000000 21.500000
v 0.500000 6.500000 21.500000
v 0.500000 6.500000 22.000000
v 0.500000 6.000000 22.000000
v 0.500000 6.500000 8.000000
v 0.500000 7.000000 8.000000
v 0.500000 7.000000 8.500000
v 0.500000 6.500000 8.500000
v 1.000000 -5.000000 -35.000000
v 1.000000 -4.500000 -35.000000
v 1.000000 -4.500000 -34.500000
v 1.000000 -5.000000 -34.500000
v 1.000000 -4.000000 -34.000000
v 1.000000 -3.500000 -34.000000
v 1.000000 -3.500000 -33.500000
v 1.000000 -4.000000 -33.500000
v 1.000000 -3.000000 53.000000
v 1.000000 -2.500000 53.000000
v 1.000000 -2.500000 53.500000
v 1.000000 -3.000000 53.500000
v 1.000000 -2.500000 -32.000000
v 1.000000 -2.000000 -32.000000
v 1.000000 -2.000000 -31.500000
v 1.000000 -2.500000 -31.500000
v 1.000000 -2.500000 40.500000
v 1.000000 -2.000000 40.500000
v 1.000000 -2.000000 41.000000
v 1.000000 -2.500000 41.000000
v 1.000000 0.500000 51.500000
v 1.000000 1.000000 51.500000
v 1.000000 1.000000 52.000000
v 1.000000 0.500000 52.000000
v 1.000000 1.500000 -44.000000
v 1.000000 2.000000 -44.000000
v 1.000000 2.000000 -43.500000
v 1.000000 1.500000 -43.500000
v 1.000000 2.000000 -43.000000
v 1.000000 2.500000 -43.000000
v 1.000000 2.500000 -42.500000
v 1.000000 2.000000 -42.500000
v 1.000000 2.500000 -42.000000
v 1.000000 3.000000 -42.000000
v 1.000000 3.000000 -41.500000
v 1.000000 2.500000 -41.500000
v 1.000000 3.000000 -41.000000
v 1.000000 3.500000 -41.000000
v 1.000000 3.500000 -40.500000
v 1.000000 3.000000 -40.500000
v 1.000000 4.000000 -39.500000
v 1.000000 4.500000 -39.500000
v 1.000000 4.500000 -39.000000
v 1.000000 4.000000 -39.000000
v 1.000000 4.500000 -38.500000
v 1.000000 5.000000 -38.500000
v 1.000000 5.000000 -38.000000
v 1.000000 4.500000 -38.000000
v 1.000000 5.000000 38.500000
v 1.000000 5.500000 38.500000
v 1.000000 5.500000 39.000000
v 1.000000 5.000000 39.000000
v 1.000000 5.500000 21.000000
v 1.000000 6.000000 21.000000
v 1.000000 6.000000 21.500000
v 1.000000 5.500000 21.500000
v 1.000000 6.000000 -17.500000
v 1.000000 6.500000 -17.500000
v 1.000000 6.500000 -17.000000
v 1.000000 6.000000 -17.000000
v 1.000000 6.000000 16.500000
v 1.000000 6.500000 16.500000
v 1.000000 6.500000 17.000000
v 1.000000 6.000000 17.000000
v 1.000000 6.000000 22.000000
v 1.000000 6.500000 22.000000
v 1.000000 6.500000 22.500000
v 1.000000 6.000000 22.500000
v 1.000000 6.500000 -15.000000
v 1.000000 7.000000 -15.000000
v 1.000000 7.000000 -14.500000
v 1.000000 6.500000 -14.500000
v 1.000000 6.500000 23.500000
v 1.000000 7.000000 23.500000
v 1.000000 7.000000 24.000000
v 1.000000 6.500000 24.000000
v 1.000000 7.000000 5.000000
v 1.000000 7.500000 5.000000
v 1.000000 7.500000 5.500000
v 1.000000 7.000000 5.500000
v 1.000000 7.000000 26.000000
v 1.000000 7.500000 26.000000
v 1.000000 7.500000 26.500000
v 1.000000 7.000000 26.500000
v 1.000000 7.500000 2.500000
v 1.000000 8.000000 2.500000
v 1.000000 8.000000 3.000000
v 1.000000 7.500000 3.000000
v 1.000000 7.500000 29.000000
v 1.000000 8.000000 29.000000
v 1.000000 8.000000 29.500000
v 1.000000 7.500000 29.500000
v 1.000000 8.000000 -21.000000
v 1.000000 8.500000 -21.000000
v 1.000000 8.500000 -20.500000
v 1.000000 8.000000 -20.500000
v 1.000000 8.000000 -7.000000
v 1.000000 8.500000 -7.000000
v 1.000000 8.500000 -6.500000
v 1.000000 8.000000 -6.500000
v 1.000000 8.000000 32.000000
v 1.000000 8.500000 32.000000
v 1.000000 8.500000 33.000000
v 1.000000 8.000000 33.000000
v 1.000000 8.000000 36.500000
v 1.000000 8.500000 36.500000
v 1.000000 8.500000 37.000000
v 1.000000 8.000000 37.000000
v 1.500000 -10.000000 50.000000
v 1.500000 -9.500000 50.000000
v 1.500000 -9.500000 51.000000
v 1.500000 -10.000000 51.000000
v 1.500000 -9.500000 50.500000
v 1.500000 -9.000000 50.500000
v 1.500000 -9.000000 51.500000
v 1.500000 -9.500000 51.500000
v 1.500000 -4.500000 -34.500000
v 1.500000 -4.000000 -34.500000
v 1.500000 -4.000000 -34.000000
v 1.500000 -4.500000 -34.000000
v 1.500000 -4.500000 43.500000
v 1.500000 -4.000000 43.500000
v 1.500000 -4.000000 44.000000
v 1.500000 -4.500000 44.000000
v 1.500000 -3.000000 -33.500000
v 1.500000 -2.500000 -33.500000
v 1.500000 -2.500000 -33.000000
v 1.500000 -3.000000 -33.000000
v 1.500000 -2.500000 -32.500000
v 1.500000 -2.000000 -32.500000
v 1.500000 -2.000000 -32.000000
v 1.500000 -2.500000 -32.000000
v 1.500000 -2.000000 32.500000
v 1.500000 -1.500000 32.500000
v 1.500000 -1.500000 39.000000
v 1.500000 -2.000000 39.000000
v 1.500000 -2.000000 52.500000
v 1.500000 -1.500000 52.500000
v 1.500000 -1.500000 53.000000
v 1.500000 -2.000000 53.000000
v 1.500000 -1.000000 52.000000
v 1.500000 -0.500000 52.000000
v 1.500000 -0.500000 52.500000
v 1.500000 -1.000000 52.500000
v 1.500000 -0.500000 -46.500000
v 1.500000 0.000000 -46.500000
v 1.500000 0.000000 -46.000000
v 1.500000 -0.500000 -46.000000
v 1.500000 0.500000 -46.000000
v 1.500000 0.000000 -45.500000
v 1.500000 0.000000 51.500000
v 1.500000 0.500000 51.500000
v 1.500000 0.500000 52.000000
v 1.500000 0.000000 52.000000
v 1.500000 1.000000 -44.500000
v 1.500000 0.500000 -44.500000
v 1.500000 1.500000 -44.500000
v 1.500000 1.500000 -43.500000
v 1.500000 1.000000 -43.500000
v 1.500000 1.000000 51.000000
v 1.500000 1.500000 51.000000
v 1.500000 1.500000 52.000000
v 1.500000 1.000000 52.000000
v 1.500000 2.000000 -43.500000
v 1.500000 2.000000 -42.500000
v 1.500000 1.500000 -42.500000
v 1.500000 2.500000 -42.500000
v 1.500000 2.500000 -41.500000
v 1.500000 2.000000 -41.500000
v 1.500000 3.000000 -41.500000
v 1.500000 3.000000 -40.500000
v 1.500000 2.500000 -40.500000
v 1.500000 3.500000 -40.500000
v 1.500000 3.500000 -40.000000
v 1.500000 3.000000 -40.000000
v 1.500000 4.000000 -40.000000
v 1.500000 4.000000 -39.000000
v 1.500000 3.500000 -39.000000
v 1.500000 4.500000 -39.000000
v 1.500000 4.500000 -38.500000
v 1.500000 4.000000 -38.500000
v 1.500000 5.000000 -37.500000
v 1.500000 5.500000 -37.500000
v 1.500000 5.500000 -37.000000
v 1.500000 5.000000 -37.000000
v 1.500000 5.000000 38.000000
v 1.500000 5.500000 38.000000
v 1.500000 5.500000 38.500000
v 1.500000 5.000000 38.500000
v 1.500000 6.000000 -37.000000
v 1.500000 6.000000 -36.500000
v 1.500000 5.500000 -36.500000
v 1.500000 6.000000 -17.500000
v 1.500000 5.500000 -17.500000
v 1.500000 5.500000 18.000000
v 1.500000 6.000000 18.000000
v 1.500000 6.000000 18.500000
v 1.500000 5.500000 18.500000
v 1.500000 5.500000 21.500000
v 1.500000 6.000000 21.500000
v 1.500000 6.000000 25.000000
v 1.500000 5.500000 25.000000
v 1.500000 6.000000 16.000000
v 1.500000 6.500000 16.000000
v 1.500000 6.500000 16.500000
v 1.500000 6.000000 16.500000
v 1.500000 6.000000 22.500000
v 1.500000 6.500000 22.500000
v 1.500000 6.500000 25.500000
v 1.500000 6.000000 25.500000
v 1.500000 6.000000 36.500000
v 1.500000 6.500000 36.500000
v 1.500000 6.500000 37.000000
v 1.500000 6.000000 37.000000
v 1.500000 6.500000 -35.500000
v 1.500000 7.000000 -35.500000
v 1.500000 7.000000 -35.000000
v 1.500000 6.500000 -35.000000
v 1.500000 6.500000 24.000000
v 1.500000 7.000000 24.000000
v 1.500000 7.000000 27.000000
v 1.500000 6.500000 27.000000
v 1.500000 7.500000 -35.000000
v 1.500000 7.500000 -34.500000
v 1.500000 7.000000 -34.500000
v 1.500000 7.000000 -12.500000
v 1.500000 7.500000 -12.500000
v 1.500000 7.500000 -11.500000
v 1.500000 7.000000 -11.500000
v 1.500000 7.000000 26.500000
v 1.500000 7.500000 26.500000
v 1.500000 7.500000 29.500000
v 1.500000 7.000000 29.500000
v 1.500000 7.000000 36.500000
v 1.500000 8.000000 36.500000
v 1.500000 8.000000 37.000000
v 1.500000 7.000000 37.000000
v 1.500000 8.000000 -34.500000
v 1.500000 8.000000 -34.000000
v 1.500000 7.500000 -34.000000
v 1.500000 7.500000 -10.000000
v 1.500000 8.000000 -10.000000
v 1.500000 8.000000 -9.000000
v 1.500000 7.500000 -9.000000
v 1.500000 8.000000 29.500000
v 1.500000 8.000000 32.500000
v 1.500000 7.500000 32.500000
v 1.500000 8.500000 -34.000000
v 1.500000 8.500000 -33.500000
v 1.500000 8.000000 -33.500000
v 1.500000 8.000000 -6.500000
v 1.500000 8.500000 -6.500000
v 1.500000 8.500000 -6.000000
v 1.500000 8.000000 -6.000000
v 1.500000 8.000000 -0.500000
v 1.500000 8.500000 -0.500000
v 1.500000 8.500000 0.000000
v 1.500000 8.000000 0.000000
v 1.500000 8.000000 33.000000
v 1.500000 8.500000 33.000000
v 1.500000 8.500000 36.500000
v 1.500000 9.000000 -33.500000
v 1.500000 9.000000 -33.000000
v 1.500000 8.500000 -33.000000
v 1.500000 9.500000 -33.000000
v 1.500000 9.500000 -32.500000
v 1.500000 9.000000 -32.500000
v 1.500000 10.000000 -32.500000
v 1.500000 10.000000 -32.000000
v 1.500000 9.500000 -32.000000
v 2.000000 -10.000000 49.500000
v 2.000000 -9.500000 49.500000
v 2.000000 -9.500000 50.000000
v 2.000000 -10.000000 50.000000
v 2.000000 -9.500000 48.500000
v 2.000000 -9.000000 48.500000
v 2.000000 -9.000000 50.000000
v 2.000000 -9.000000 47.500000
v 2.000000 -8.500000 47.500000
v 2.000000 -8.500000 48.000000
v 2.000000 -9.000000 48.000000
v 2.000000 -9.000000 49.500000
v 2.000000 -8.500000 49.500000
v 2.000000 -8.500000 50.000000
v 2.000000 -8.500000 51.000000
v 2.000000 -8.500000 51.500000
v 2.000000 -9.000000 51.500000
v 2.000000 -7.500000 51.500000
v 2.000000 -7.500000 52.000000
v 2.000000 -8.500000 52.000000
v 2.000000 -7.000000 52.000000
v 2.000000 -7.000000 52.500000
v 2.000000 -7.500000 52.500000
v 2.000000 -3.500000 -34.000000
v 2.000000 -3.000000 -34.000000
v 2.000000 -3.000000 -33.500000
v 2.000000 -3.500000 -33.500000
v 2.000000 -3.000000 53.000000
v 2.000000 -2.500000 53.000000
v 2.000000 -2.500000 53.500000
v 2.000000 -3.000000 53.500000
v 2.000000 -2.500000 -33.000000
v 2.000000 -2.000000 -33.000000
v 2.000000 -2.000000 -32.500000
v 2.000000 -2.500000 -32.500000
v 2.000000 -2.500000 41.000000
v 2.000000 -2.000000 41.000000
v 2.000000 -2.000000 41.500000
v 2.000000 -2.500000 41.500000
v 2.000000 -2.500000 52.500000
v 2.000000 -2.000000 52.500000
v 2.000000 -2.000000 53.000000
v 2.000000 -2.000000 30.500000
v 2.000000 -1.500000 30.500000
v 2.000000 -1.500000 32.500000
v 2.000000 -2.000000 32.500000
v 2.000000 -2.000000 39.000000
v 2.000000 -1.500000 39.000000
v 2.000000 -1.500000 40.000000
v 2.000000 -2.000000 40.000000
v 2.000000 -2.000000 51.500000
v 2.000000 -1.500000 51.500000
v 2.000000 -1.500000 52.500000
v 2.000000 -1.500000 -46.500000
v 2.000000 -0.500000 -46.500000
v 2.000000 -0.500000 -46.000000
v 2.000000 -1.500000 -46.000000
v 2.000000 -1.500000 33.000000
v 2.000000 -1.000000 33.000000
v 2.000000 -1.000000 38.000000
v 2.000000 -1.500000 38.000000
v 2.000000 -1.500000 52.000000
v 2.000000 -1.000000 52.000000
v 2.000000 -1.000000 52.500000
v 2.000000 -1.000000 51.500000
v 2.000000 0.000000 51.500000
v 2.000000 0.000000 52.000000
v 2.000000 0.000000 -46.000000
v 2.000000 0.000000 -45.500000
v 2.000000 -0.500000 -45.500000
v 2.000000 0.500000 -45.500000
v 2.000000 0.500000 -45.000000
v 2.000000 0.000000 -45.000000
v 2.000000 0.000000 51.000000
v 2.000000 1.000000 51.000000
v 2.000000 1.000000 51.500000
v 2.000000 0.500000 -44.500000
v 2.000000 1.000000 -44.500000
v 2.000000 1.000000 -43.000000
v 2.000000 0.500000 -43.000000
v 2.000000 1.000000 -43.500000
v 2.000000 1.500000 -43.500000
v 2.000000 1.000000 50.500000
v 2.000000 1.500000 50.500000
v 2.000000 1.500000 51.000000
v 2.000000 1.500000 -42.500000
v 2.000000 2.000000 -42.500000
v 2.000000 2.000000 -40.500000
v 2.000000 1.500000 -40.500000
v 2.000000 2.000000 -41.500000
v 2.000000 2.500000 -41.500000
v 2.000000 2.500000 -39.500000
v 2.000000 2.000000 -39.500000
v 2.000000 2.500000 -40.500000
v 2.000000 3.000000 -40.500000
v 2.000000 3.000000 -39.000000
v 2.000000 2.500000 -39.000000
v 2.000000 3.000000 -40.000000
v 2.000000 3.500000 -40.000000
v 2.000000 3.500000 -38.500000
v 2.000000 3.000000 -38.500000
v 2.000000 3.500000 -39.000000
v 2.000000 4.000000 -39.000000
v 2.000000 4.000000 -38.000000
v 2.000000 3.500000 -38.000000
v 2.000000 4.000000 -38.500000
v 2.000000 4.500000 -38.500000
v 2.000000 4.500000 -37.500000
v 2.000000 4.000000 -37.500000
v 2.000000 4.500000 -38.000000
v 2.000000 5.000000 -38.000000
v 2.000000 5.000000 -37.000000
v 2.000000 4.500000 -37.000000
v 2.000000 5.500000 -37.000000
v 2.000000 5.500000 -36.500000
v 2.000000 5.000000 -36.500000
v 2.000000 5.000000 32.500000
v 2.000000 5.500000 32.500000
v 2.000000 5.500000 36.000000
v 2.000000 5.000000 36.000000
v 2.000000 5.000000 37.000000
v 2.000000 5.500000 37.000000
v 2.000000 5.500000 38.000000
v 2.000000 5.000000 38.000000
v 2.000000 6.000000 -36.500000
v 2.000000 6.000000 -36.000000
v 2.000000 5.500000 -36.000000
v 2.000000 5.500000 -17.500000
v 2.000000 6.000000 -17.500000
v 2.000000 6.000000 -17.000000
v 2.000000 5.500000 -17.000000
v 2.000000 5.500000 17.500000
v 2.000000 6.000000 17.500000
v 2.000000 6.000000 18.000000
v 2.000000 5.500000 18.000000
v 2.000000 5.500000 25.000000
v 2.000000 6.000000 25.000000
v 2.000000 6.000000 37.000000
v 2.000000 6.500000 -36.000000
v 2.000000 6.500000 -35.500000
v 2.000000 6.000000 -35.500000
v 2.000000 6.500000 -17.000000
v 2.000000 6.500000 -16.500000
v 2.000000 6.000000 -16.500000
v 2.000000 6.000000 15.500000
v 2.000000 6.500000 15.500000
v 2.000000 6.500000 16.000000
v 2.000000 6.000000 16.000000
v 2.000000 6.000000 25.500000
v 2.000000 6.500000 25.500000
v 2.000000 6.500000 36.500000
v 2.000000 6.000000 36.500000
v 2.000000 6.500000 -14.500000
v 2.000000 7.000000 -14.500000
v 2.000000 7.000000 -14.000000
v 2.000000 6.500000 -14.000000
v 2.000000 6.500000 8.000000
v 2.000000 7.000000 8.000000
v 2.000000 7.000000 8.500000
v 2.000000 6.500000 8.500000
v 2.000000 6.500000 27.000000
v 2.000000 7.000000 27.000000
v 2.000000 7.000000 37.000000
v 2.000000 6.500000 37.000000
v 2.000000 7.000000 -11.500000
v 2.000000 7.500000 -11.500000
v 2.000000 7.500000 -11.000000
v 2.000000 7.000000 -11.000000
v 2.000000 7.000000 29.500000
v 2.000000 7.500000 29.500000
v 2.000000 7.500000 36.500000
v 2.000000 7.000000 36.500000
v 2.000000 7.500000 -9.000000
v 2.000000 8.000000 -9.000000
v 2.000000 8.000000 -8.500000
v 2.000000 7.500000 -8.500000
v 2.000000 7.500000 2.000000
v 2.000000 8.000000 2.000000
v 2.000000 8.000000 2.500000
v 2.000000 7.500000 2.500000
v 2.000000 7.500000 32.500000
v 2.000000 8.000000 32.500000
v 2.000000 8.000000 36.500000
v 2.000000 8.000000 -6.000000
v 2.000000 8.500000 -6.000000
v 2.000000 8.500000 -0.500000
v 2.000000 8.000000 -0.500000
v 2.500000 -9.500000 50.000000
v 2.500000 -9.000000 50.000000
v 2.500000 -9.000000 51.000000
v 2.500000 -9.500000 51.000000
v 2.500000 -9.000000 48.000000
v 2.500000 -8.500000 48.000000
v 2.500000 -8.500000 49.500000
v 2.500000 -9.000000 49.500000
v 2.500000 -8.500000 47.000000
v 2.500000 -8.000000 47.000000
v 2.500000 -8.000000 49.000000
v 2.500000 -8.500000 49.000000
v 2.500000 -8.000000 49.500000
v 2.500000 -8.000000 50.000000
v 2.500000 -8.500000 50.000000
v 2.500000 -8.000000 46.500000
v 2.500000 -7.500000 46.500000
v 2.500000 -7.500000 47.000000
v 2.500000 -7.000000 52.000000
v 2.500000 -6.500000 52.000000
v 2.500000 -6.500000 52.500000
v 2.500000 -7.000000 52.500000
v 2.500000 -5.000000 -35.500000
v 2.500000 -4.500000 -35.500000
v 2.500000 -4.500000 -35.000000
v 2.500000 -5.000000 -35.000000
v 2.500000 -4.000000 43.000000
v 2.500000 -3.500000 43.000000
v 2.500000 -3.500000 43.500000
v 2.500000 -4.000000 43.500000
v 2.500000 -4.000000 53.000000
v 2.500000 -3.000000 53.000000
v 2.500000 -3.000000 53.500000
v 2.500000 -4.000000 53.500000
v 2.500000 -3.500000 42.500000
v 2.500000 -3.000000 42.500000
v 2.500000 -3.000000 43.000000
v 2.500000 -3.000000 -34.000000
v 2.500000 -2.000000 -34.000000
v 2.500000 -2.000000 -33.500000
v 2.500000 -3.000000 -33.500000
v 2.500000 -3.000000 42.000000
v 2.500000 -2.500000 42.000000
v 2.500000 -2.500000 42.500000
v 2.500000 -2.500000 -33.500000
v 2.500000 -2.000000 -33.000000
v 2.500000 -2.500000 -33.000000
v 2.500000 -2.000000 -46.500000
v 2.500000 -1.500000 -46.500000
v 2.500000 -1.500000 -46.000000
v 2.500000 -2.000000 -46.000000
v 2.500000 -1.500000 -33.000000
v 2.500000 -1.500000 -28.000000
v 2.500000 -2.000000 -28.000000
v 2.500000 -2.000000 28.500000
v 2.500000 -1.500000 28.500000
v 2.500000 -1.500000 30.500000
v 2.500000 -2.000000 30.500000
v 2.500000 -2.000000 40.000000
v 2.500000 -1.500000 40.000000
v 2.500000 -1.500000 40.500000
v 2.500000 -2.000000 40.500000
v 2.500000 -1.500000 31.000000
v 2.500000 -1.000000 31.000000
v 2.500000 -1.000000 33.000000
v 2.500000 -1.500000 33.000000
v 2.500000 -1.500000 38.000000
v 2.500000 -1.000000 38.000000
v 2.500000 -1.000000 39.500000
v 2.500000 -1.500000 39.500000
v 2.500000 -1.500000 51.500000
v 2.500000 -1.000000 51.500000
v 2.500000 -1.000000 52.000000
v 2.500000 -1.500000 52.000000
v 2.500000 -1.000000 32.000000
v 2.500000 -0.500000 32.000000
v 2.500000 -0.500000 38.500000
v 2.500000 -1.000000 38.500000
v 2.500000 -1.000000 51.000000
v 2.500000 0.000000 51.000000
v 2.500000 0.000000 51.500000
v 2.500000 -0.500000 -45.500000
v 2.500000 0.000000 -45.500000
v 2.500000 0.000000 -45.000000
v 2.500000 -0.500000 -45.000000
v 2.500000 -0.500000 33.000000
v 2.500000 0.000000 33.000000
v 2.500000 0.000000 38.500000
v 2.500000 0.500000 -45.000000
v 2.500000 0.500000 -42.500000
v 2.500000 0.000000 -42.500000
v 2.500000 0.000000 33.500000
v 2.500000 0.500000 33.500000
v 2.500000 0.500000 37.500000
v 2.500000 0.000000 37.500000
v 2.500000 0.000000 50.500000
v 2.500000 1.000000 50.500000
v 2.500000 1.000000 51.000000
v 2.500000 0.500000 -43.000000
v 2.500000 1.000000 -43.000000
v 2.500000 1.000000 -38.500000
v 2.500000 0.500000 -38.500000
v 2.500000 0.500000 34.000000
v 2.500000 1.500000 34.000000
v 2.500000 1.500000 37.000000
v 2.500000 0.500000 37.000000
v 2.500000 1.000000 37.000000
v 2.500000 1.000000 37.500000
v 2.500000 0.500000 50.000000
v 2.500000 1.500000 50.000000
v 2.500000 1.500000 50.500000
v 2.500000 0.500000 50.500000
v 2.500000 1.000000 -41.500000
v 2.500000 1.500000 -41.500000
v 2.500000 1.500000 -38.000000
v 2.500000 1.000000 -38.000000
v 2.500000 2.000000 -40.500000
v 2.500000 2.000000 -37.000000
v 2.500000 1.500000 -37.000000
v 2.500000 1.500000 34.500000
v 2.500000 3.000000 34.500000
v 2.500000 3.000000 37.000000
v 2.500000 1.500000 49.500000
v 2.500000 2.000000 49.500000
v 2.500000 2.000000 51.000000
v 2.500000 1.500000 51.000000
v 2.500000 2.000000 -39.500000
v 2.500000 2.500000 -39.500000
v 2.500000 2.500000 -36.500000
v 2.500000 2.000000 -36.500000
v 2.500000 2.500000 -39.000000
v 2.500000 3.000000 -39.000000
v 2.500000 3.000000 -36.500000
v 2.500000 3.000000 -38.500000
v 2.500000 3.500000 -38.500000
v 2.500000 3.500000 -36.000000
v 2.500000 3.000000 -36.000000
v 2.500000 3.000000 33.500000
v 2.500000 3.500000 33.500000
v 2.500000 3.500000 37.500000
v 2.500000 3.000000 37.500000
v 2.500000 3.500000 -38.000000
v 2.500000 4.000000 -38.000000
v 2.500000 4.000000 -36.000000
v 2.500000 3.500000 33.000000
v 2.500000 4.000000 33.000000
v 2.500000 4.000000 38.000000
v 2.500000 3.500000 38.000000
v 2.500000 4.000000 -37.500000
v 2.500000 4.500000 -37.500000
v 2.500000 4.500000 -35.500000
v 2.500000 4.000000 -35.500000
v 2.500000 4.000000 30.500000
v 2.500000 4.500000 30.500000
v 2.500000 4.500000 38.500000
v 2.500000 4.000000 38.500000
v 2.500000 4.500000 -37.000000
v 2.500000 5.000000 -37.000000
v 2.500000 5.000000 -35.500000
v 2.500000 4.500000 28.000000
v 2.500000 5.000000 28.000000
v 2.500000 5.000000 41.000000
v 2.500000 4.500000 41.000000
v 2.500000 5.000000 -36.500000
v 2.500000 5.500000 -36.500000
v 2.500000 5.500000 -35.000000
v 2.500000 5.000000 -35.000000
v 2.500000 5.000000 22.000000
v 2.500000 5.500000 22.000000
v 2.500000 5.500000 32.500000
v 2.500000 5.000000 32.500000
v 2.500000 5.000000 36.000000
v 2.500000 5.500000 36.000000
v 2.500000 5.500000 37.000000
v 2.500000 5.000000 37.000000
v 2.500000 5.500000 -36.000000
v 2.500000 6.000000 -36.000000
v 2.500000 6.000000 -34.500000
v 2.500000 5.500000 -34.500000
v 2.500000 6.000000 -16.500000
v 2.500000 5.500000 -16.500000
v 2.500000 5.500000 16.500000
v 2.500000 6.000000 16.500000
v 2.500000 6.000000 17.500000
v 2.500000 5.500000 17.500000
v 2.500000 6.000000 -35.500000
v 2.500000 6.500000 -35.500000
v 2.500000 6.500000 -34.500000
v 2.500000 6.500000 -16.500000
v 2.500000 6.500000 -15.500000
v 2.500000 6.000000 -15.500000
v 2.500000 6.000000 14.500000
v 2.500000 6.500000 14.500000
v 2.500000 6.500000 15.500000
v 2.500000 6.000000 15.500000
v 2.500000 6.500000 -35.000000
v 2.500000 7.000000 -35.000000
v 2.500000 7.000000 -34.000000
v 2.500000 6.500000 -34.000000
v 2.500000 6.500000 7.500000
v 2.500000 7.000000 7.500000
v 2.500000 7.000000 8.000000
v 2.500000 6.500000 8.000000
v 2.500000 7.000000 -34.500000
v 2.500000 7.500000 -34.500000
v 2.500000 7.500000 -33.500000
v 2.500000 7.000000 -33.500000
v 2.500000 7.000000 4.500000
v 2.500000 7.500000 4.500000
v 2.500000 7.500000 5.000000
v 2.500000 7.000000 5.000000
v 2.500000 7.500000 -34.000000
v 2.500000 8.000000 -34.000000
v 2.500000 8.000000 -33.000000
v 2.500000 7.500000 -33.000000
v 2.500000 7.500000 -8.500000
v 2.500000 8.000000 -8.500000
v 2.500000 8.000000 -8.000000
v 2.500000 7.500000 -8.000000
v 2.500000 7.500000 1.500000
v 2.500000 8.000000 1.500000
v 2.500000 8.000000 2.000000
v 2.500000 7.500000 2.000000
v 2.500000 8.000000 -33.500000
v 2.500000 8.500000 -33.500000
v 2.500000 8.500000 -33.000000
v 2.500000 9.000000 -33.000000
v 2.500000 9.000000 -32.500000
v 2.500000 8.500000 -32.500000
v 2.500000 9.500000 -32.500000
v 2.500000 9.500000 -32.000000
v 2.500000 9.000000 -32.000000
v 2.500000 10.000000 -32.000000
v 2.500000 10.000000 -31.500000
v 2.500000 9.500000 -31.500000
v 3.000000 -9.000000 50.000000
v 3.000000 -8.000000 50.000000
v 3.000000 -8.000000 51.000000
v 3.000000 -9.000000 51.000000
v 3.000000 -8.500000 49.000000
v 3.000000 -8.000000 49.000000
v 3.000000 -8.000000 49.500000
v 3.000000 -8.500000 49.500000
v 3.000000 -8.500000 51.000000
v 3.000000 -8.000000 51.500000
v 3.000000 -8.500000 51.500000
v 3.000000 -8.000000 47.000000
v 3.000000 -7.500000 47.000000
v 3.000000 -7.500000 50.000000
v 3.000000 -7.500000 46.500000
v 3.000000 -7.000000 46.500000
v 3.000000 -7.000000 48.500000
v 3.000000 -7.500000 48.500000
v 3.000000 -7.000000 46.000000
v 3.000000 -6.500000 46.000000
v 3.000000 -6.500000 47.000000
v 3.000000 -7.000000 47.000000
v 3.000000 -6.000000 52.500000
v 3.000000 -5.500000 52.500000
v 3.000000 -5.500000 53.000000
v 3.000000 -6.000000 53.000000
v 3.000000 -5.000000 44.000000
v 3.000000 -4.500000 44.000000
v 3.000000 -4.500000 44.500000
v 3.000000 -5.000000 44.500000
v 3.000000 -4.500000 53.000000
v 3.000000 -4.000000 53.000000
v 3.000000 -4.000000 53.500000
v 3.000000 -4.500000 53.500000
v 3.000000 -4.000000 -34.500000
v 3.000000 -3.500000 -34.500000
v 3.000000 -3.500000 -34.000000
v 3.000000 -4.000000 -34.000000
v 3.000000 -3.000000 52.500000
v 3.000000 -2.500000 52.500000
v 3.000000 -2.500000 53.000000
v 3.000000 -3.000000 53.000000
v 3.000000 -2.500000 -34.500000
v 3.000000 -1.500000 -34.500000
v 3.000000 -1.500000 -34.000000
v 3.000000 -2.500000 -34.000000
v 3.000000 -2.500000 41.500000
v 3.000000 -2.000000 41.500000
v 3.000000 -2.000000 42.000000
v 3.000000 -2.500000 42.000000
v 3.000000 -2.000000 -34.000000
v 3.000000 -1.000000 -34.000000
v 3.000000 -1.000000 -33.000000
v 3.000000 -2.000000 -33.000000
v 3.000000 -2.000000 -28.000000
v 3.000000 -1.500000 -28.000000
v 3.000000 -1.500000 -26.000000
v 3.000000 -2.000000 -26.000000
v 3.000000 -2.000000 27.500000
v 3.000000 -1.500000 27.500000
v 3.000000 -1.500000 28.500000
v 3.000000 -2.000000 28.500000
v 3.000000 -2.000000 40.500000
v 3.000000 -1.500000 40.500000
v 3.000000 -1.500000 41.500000
v 3.000000 -1.500000 -46.000000
v 3.000000 -0.500000 -46.000000
v 3.000000 -0.500000 -45.500000
v 3.000000 -1.500000 -45.500000
v 3.000000 -1.500000 -33.000000
v 3.000000 -1.500000 30.000000
v 3.000000 -1.000000 30.000000
v 3.000000 -1.000000 31.000000
v 3.000000 -1.500000 31.000000
v 3.000000 -1.500000 39.500000
v 3.000000 -0.500000 39.500000
v 3.000000 -0.500000 40.000000
v 3.000000 -1.500000 40.000000
v 3.000000 -1.000000 40.000000
v 3.000000 -1.000000 40.500000
v 3.000000 -1.500000 51.000000
v 3.000000 -1.000000 51.000000
v 3.000000 -1.000000 51.500000
v 3.000000 -1.500000 51.500000
v 3.000000 -1.000000 30.500000
v 3.000000 -0.500000 30.500000
v 3.000000 -0.500000 32.000000
v 3.000000 -1.000000 32.000000
v 3.000000 -1.000000 38.500000
v 3.000000 0.000000 38.500000
v 3.000000 0.000000 39.500000
v 3.000000 -1.000000 39.500000
v 3.000000 -1.000000 50.500000
v 3.000000 0.000000 50.500000
v 3.000000 0.000000 51.000000
v 3.000000 -0.500000 -45.000000
v 3.000000 0.000000 -45.000000
v 3.000000 0.000000 -43.500000
v 3.000000 -0.500000 -43.500000
v 3.000000 -0.500000 -38.500000
v 3.000000 0.000000 -38.500000
v 3.000000 0.000000 -35.000000
v 3.000000 -0.500000 -35.000000
v 3.000000 -0.500000 31.000000
v 3.000000 0.500000 31.000000
v 3.000000 0.500000 33.000000
v 3.000000 -0.500000 33.000000
v 3.000000 -0.500000 50.000000
v 3.000000 0.500000 50.000000
v 3.000000 0.500000 50.500000
v 3.000000 -0.500000 50.500000
v 3.000000 0.000000 -42.500000
v 3.000000 0.500000 -42.500000
v 3.000000 0.000000 33.000000
v 3.000000 0.500000 33.500000
v 3.000000 0.000000 33.500000
v 3.000000 0.000000 37.500000
v 3.000000 1.000000 37.500000
v 3.000000 1.000000 39.000000
v 3.000000 0.000000 39.000000
v 3.000000 0.500000 39.000000
v 3.000000 0.500000 39.500000
v 3.000000 0.500000 -38.500000
v 3.000000 1.000000 -38.500000
v 3.000000 1.000000 -34.500000
v 3.000000 0.500000 -34.500000
v 3.000000 0.500000 31.500000
v 3.000000 1.000000 31.500000
v 3.000000 1.000000 34.000000
v 3.000000 0.500000 34.000000
v 3.000000 0.500000 49.500000
v 3.000000 1.000000 49.500000
v 3.000000 1.000000 50.000000
v 3.000000 1.000000 -38.000000
v 3.000000 1.500000 -38.000000
v 3.000000 1.500000 -34.000000
v 3.000000 1.000000 -34.000000
v 3.000000 1.000000 31.000000
v 3.000000 2.000000 31.000000
v 3.000000 2.000000 34.000000
v 3.000000 1.000000 37.000000
v 3.000000 3.000000 37.000000
v 3.000000 3.000000 39.000000
v 3.000000 1.000000 49.000000
v 3.000000 1.500000 49.000000
v 3.000000 1.500000 50.000000
v 3.000000 1.500000 -37.000000
v 3.000000 2.000000 -37.000000
v 3.000000 2.000000 -33.500000
v 3.000000 1.500000 -33.500000
v 3.000000 1.500000 34.000000
v 3.000000 2.000000 34.500000
v 3.000000 1.500000 34.500000
v 3.000000 2.000000 -36.500000
v 3.000000 3.000000 -36.500000
v 3.000000 3.000000 -33.000000
v 3.000000 2.000000 -33.000000
v 3.000000 2.000000 30.500000
v 3.000000 2.500000 30.500000
v 3.000000 2.500000 34.500000
v 3.000000 2.500000 29.500000
v 3.000000 3.000000 29.500000
v 3.000000 3.000000 34.500000
v 3.000000 2.500000 48.500000
v 3.000000 3.000000 48.500000
v 3.000000 3.000000 49.000000
v 3.000000 2.500000 49.000000
v 3.000000 3.000000 -36.000000
v 3.000000 4.000000 -36.000000
v 3.000000 4.000000 -32.500000
v 3.000000 3.000000 -32.500000
v 3.000000 3.000000 28.500000
v 3.000000 3.500000 28.500000
v 3.000000 3.500000 33.500000
v 3.000000 3.000000 33.500000
v 3.000000 3.000000 37.500000
v 3.000000 3.500000 37.500000
v 3.000000 3.500000 39.500000
v 3.000000 3.000000 39.500000
v 3.000000 3.500000 26.500000
v 3.000000 4.000000 26.500000
v 3.000000 4.000000 33.000000
v 3.000000 3.500000 33.000000
v 3.000000 3.500000 38.000000
v 3.000000 4.000000 38.000000
v 3.000000 4.000000 40.000000
v 3.000000 3.500000 40.000000
v 3.000000 3.500000 46.000000
v 3.000000 4.000000 46.000000
v 3.000000 4.000000 46.500000
v 3.000000 3.500000 46.500000
v 3.000000 4.000000 -35.500000
v 3.000000 5.000000 -35.500000
v 3.000000 5.000000 -32.500000
v 3.000000 4.000000 24.500000
v 3.000000 4.500000 24.500000
v 3.000000 4.500000 30.500000
v 3.000000 4.000000 30.500000
v 3.000000 4.000000 38.500000
v 3.000000 4.500000 38.500000
v 3.000000 4.500000 40.500000
v 3.000000 4.000000 40.500000
v 3.000000 4.500000 22.000000
v 3.000000 5.000000 22.000000
v 3.000000 5.000000 28.000000
v 3.000000 4.500000 28.000000
v 3.000000 4.500000 41.000000
v 3.000000 5.000000 41.000000
v 3.000000 5.000000 42.500000
v 3.000000 4.500000 42.500000
v 3.000000 5.000000 -35.000000
v 3.000000 5.500000 -35.000000
v 3.000000 5.500000 -32.500000
v 3.000000 5.000000 19.500000
v 3.000000 5.500000 19.500000
v 3.000000 5.500000 22.000000
v 3.000000 5.500000 -34.500000
v 3.000000 6.500000 -34.500000
v 3.000000 6.500000 -32.500000
v 3.000000 5.500000 -19.500000
v 3.000000 6.500000 -19.500000
v 3.000000 6.500000 -19.000000
v 3.000000 5.500000 -19.000000
v 3.000000 6.000000 -19.000000
v 3.000000 6.000000 -17.000000
v 3.000000 5.500000 -17.000000
v 3.000000 5.500000 -16.500000
v 3.000000 6.000000 -16.500000
v 3.000000 6.000000 -15.500000
v 3.000000 5.500000 -15.500000
v 3.000000 5.500000 16.000000
v 3.000000 6.000000 16.000000
v 3.000000 6.000000 16.500000
v 3.000000 5.500000 16.500000
v 3.000000 6.500000 -15.500000
v 3.000000 6.500000 -15.000000
v 3.000000 6.000000 -15.000000
v 3.000000 6.000000 13.500000
v 3.000000 6.500000 13.500000
v 3.000000 6.500000 14.500000
v 3.000000 6.000000 14.500000
v 3.000000 6.500000 -34.000000
v 3.000000 7.000000 -34.000000
v 3.000000 7.000000 -32.500000
v 3.000000 6.500000 -14.000000
v 3.000000 7.000000 -14.000000
v 3.000000 7.000000 -13.000000
v 3.000000 6.500000 -13.000000
v 3.000000 6.500000 6.000000
v 3.000000 7.000000 6.000000
v 3.000000 7.000000 7.500000
v 3.000000 6.500000 7.500000
v 3.000000 7.000000 -33.500000
v 3.000000 7.500000 -33.500000
v 3.000000 7.500000 -32.000000
v 3.000000 7.000000 -32.000000
v 3.000000 7.000000 -11.000000
v 3.000000 7.500000 -11.000000
v 3.000000 7.500000 -10.000000
v 3.000000 7.000000 -10.000000
v 3.000000 7.000000 3.000000
v 3.000000 7.500000 3.000000
v 3.000000 7.500000 4.500000
v 3.000000 7.000000 4.500000
v 3.000000 7.500000 -33.000000
v 3.000000 8.500000 -33.000000
v 3.000000 8.500000 -32.000000
v 3.000000 7.500000 -8.000000
v 3.000000 8.000000 -8.000000
v 3.000000 8.000000 -6.000000
v 3.000000 7.500000 -6.000000
v 3.000000 7.500000 0.000000
v 3.000000 8.000000 0.000000
v 3.000000 8.000000 1.500000
v 3.000000 7.500000 1.500000
v 3.000000 8.000000 -32.000000
v 3.000000 8.500000 -31.500000
v 3.000000 8.000000 -31.500000
v 3.000000 8.500000 -32.500000
v 3.000000 9.000000 -32.500000
v 3.000000 9.000000 -31.500000
v 3.000000 9.000000 -32.000000
v 3.000000 9.500000 -32.000000
v 3.000000 9.500000 -31.000000
v 3.000000 9.000000 -31.000000
v 3.000000 9.500000 -31.500000
v 3.000000 10.000000 -31.500000
v 3.000000 10.000000 -31.000000
v 3.000000 9.500000 -29.000000
v 3.000000 10.000000 -29.000000
v 3.000000 10.000000 -28.000000
v 3.000000 9.500000 -28.000000
v 3.500000 -8.000000 50.000000
v 3.500000 -7.500000 50.000000
v 3.500000 -7.500000 51.500000
v 3.500000 -8.000000 51.500000
v 3.500000 -7.500000 48.500000
v 3.500000 -7.000000 48.500000
v 3.500000 -7.000000 50.000000
v 3.500000 -7.500000 51.000000
v 3.500000 -7.000000 51.000000
v 3.500000 -7.000000 52.000000
v 3.500000 -7.500000 52.000000
v 3.500000 -7.000000 47.000000
v 3.500000 -6.500000 47.000000
v 3.500000 -6.500000 49.500000
v 3.500000 -7.000000 49.500000
v 3.500000 -7.000000 51.500000
v 3.500000 -6.500000 51.500000
v 3.500000 -6.500000 52.000000
v 3.500000 -6.500000 45.500000
v 3.500000 -6.000000 45.500000
v 3.500000 -6.000000 48.000000
v 3.500000 -6.500000 48.000000
v 3.500000 -6.000000 52.000000
v 3.500000 -6.000000 52.500000
v 3.500000 -6.500000 52.500000
v 3.500000 -6.000000 45.000000
v 3.500000 -5.500000 45.000000
v 3.500000 -5.500000 46.500000
v 3.500000 -6.000000 46.500000
v 3.500000 -5.500000 44.500000
v 3.500000 -5.000000 44.500000
v 3.500000 -5.000000 45.000000
v 3.500000 -5.500000 52.500000
v 3.500000 -5.000000 52.500000
v 3.500000 -5.000000 53.000000
v 3.500000 -5.500000 53.000000
v 3.500000 -4.500000 -35.000000
v 3.500000 -4.000000 -35.000000
v 3.500000 -4.000000 -34.500000
v 3.500000 -4.500000 -34.500000
v 3.500000 -4.000000 -46.500000
v 3.500000 -3.500000 -46.500000
v 3.500000 -3.500000 -46.000000
v 3.500000 -4.000000 -46.000000
v 3.500000 -3.500000 -34.500000
v 3.500000 -2.500000 -34.500000
v 3.500000 -2.500000 -34.000000
v 3.500000 -3.500000 -34.000000
v 3.500000 -3.500000 43.000000
v 3.500000 -3.000000 43.000000
v 3.500000 -3.000000 43.500000
v 3.500000 -3.500000 43.500000
v 3.500000 -3.500000 52.500000
v 3.500000 -3.000000 52.500000
v 3.500000 -3.000000 53.000000
v 3.500000 -3.500000 53.000000
v 3.500000 -3.000000 42.500000
v 3.500000 -2.500000 42.500000
v 3.500000 -2.500000 43.000000
v 3.500000 -3.000000 52.000000
v 3.500000 -2.000000 52.000000
v 3.500000 -2.000000 52.500000
v 3.500000 -2.500000 -46.500000
v 3.500000 -2.000000 -46.500000
v 3.500000 -2.000000 -46.000000
v 3.500000 -2.500000 -46.000000
v 3.500000 -2.500000 42.000000
v 3.500000 -2.000000 42.000000
v 3.500000 -2.000000 42.500000
v 3.500000 -2.000000 -35.000000
v 3.500000 -1.500000 -35.000000
v 3.500000 -1.500000 -34.500000
v 3.500000 -2.000000 -34.500000
v 3.500000 -2.000000 26.500000
v 3.500000 -1.500000 26.500000
v 3.500000 -1.500000 27.500000
v 3.500000 -2.000000 27.500000
v 3.500000 -2.000000 41.500000
v 3.500000 -1.500000 41.500000
v 3.500000 -1.500000 42.000000
v 3.500000 -1.500000 -36.000000
v 3.500000 -1.000000 -36.000000
v 3.500000 -1.000000 -34.000000
v 3.500000 -1.500000 -34.000000
v 3.500000 -1.000000 -29.000000
v 3.500000 -1.500000 -29.000000
v 3.500000 -1.500000 29.000000
v 3.500000 -1.000000 29.000000
v 3.500000 -1.000000 30.000000
v 3.500000 -1.500000 30.000000
v 3.500000 -1.500000 40.500000
v 3.500000 -1.000000 40.500000
v 3.500000 -1.000000 41.500000
v 3.500000 -1.000000 -45.500000
v 3.500000 -0.500000 -45.500000
v 3.500000 -0.500000 -44.500000
v 3.500000 -1.000000 -44.500000
v 3.500000 -1.000000 -37.500000
v 3.500000 -0.500000 -37.500000
v 3.500000 -0.500000 -30.500000
v 3.500000 -1.000000 -30.500000
v 3.500000 -1.000000 29.500000
v 3.500000 -0.500000 29.500000
v 3.500000 -0.500000 30.500000
v 3.500000 -1.000000 30.500000
v 3.500000 -1.000000 40.000000
v 3.500000 -0.500000 40.000000
v 3.500000 -0.500000 41.000000
v 3.500000 -1.000000 41.000000
v 3.500000 -0.500000 -43.500000
v 3.500000 0.000000 -43.500000
v 3.500000 0.000000 -38.500000
v 3.500000 -0.500000 -38.500000
v 3.500000 -0.500000 -35.000000
v 3.500000 0.500000 -35.000000
v 3.500000 0.500000 -31.500000
v 3.500000 -0.500000 -31.500000
v 3.500000 -0.500000 30.000000
v 3.500000 0.500000 30.000000
v 3.500000 0.500000 31.000000
v 3.500000 -0.500000 31.000000
v 3.500000 -0.500000 39.500000
v 3.500000 0.500000 39.500000
v 3.500000 0.500000 40.500000
v 3.500000 -0.500000 40.500000
v 3.500000 0.000000 49.500000
v 3.500000 0.500000 50.000000
v 3.500000 0.000000 50.000000
v 3.500000 0.500000 -34.500000
v 3.500000 1.000000 -34.500000
v 3.500000 1.000000 -31.500000
v 3.500000 0.500000 29.500000
v 3.500000 1.500000 29.500000
v 3.500000 1.500000 31.000000
v 3.500000 1.000000 31.000000
v 3.500000 1.000000 31.500000
v 3.500000 0.500000 31.500000
v 3.500000 0.500000 39.000000
v 3.500000 3.000000 39.000000
v 3.500000 3.000000 40.000000
v 3.500000 0.500000 40.000000
v 3.500000 1.000000 -34.000000
v 3.500000 1.500000 -34.000000
v 3.500000 1.500000 -31.000000
v 3.500000 1.000000 -31.000000
v 3.500000 1.500000 -33.500000
v 3.500000 2.000000 -33.500000
v 3.500000 2.000000 -30.000000
v 3.500000 1.500000 -30.000000
v 3.500000 1.500000 29.000000
v 3.500000 2.000000 29.000000
v 3.500000 2.000000 31.000000
v 3.500000 2.000000 -33.000000
v 3.500000 3.000000 -33.000000
v 3.500000 3.000000 -29.500000
v 3.500000 2.000000 -29.500000
v 3.500000 2.000000 28.000000
v 3.500000 2.500000 28.000000
v 3.500000 2.500000 30.500000
v 3.500000 2.000000 30.500000
v 3.500000 2.000000 49.000000
v 3.500000 2.500000 49.000000
v 3.500000 2.500000 50.000000
v 3.500000 2.000000 50.000000
v 3.500000 2.500000 -29.500000
v 3.500000 3.000000 -28.000000
v 3.500000 2.500000 -28.000000
v 3.500000 2.500000 27.000000
v 3.500000 3.000000 27.000000
v 3.500000 3.000000 29.500000
v 3.500000 2.500000 29.500000
v 3.500000 2.500000 47.500000
v 3.500000 3.000000 47.500000
v 3.500000 3.000000 48.500000
v 3.500000 2.500000 48.500000
v 3.500000 3.000000 -32.500000
v 3.500000 7.000000 -32.500000
v 3.500000 7.000000 -26.500000
v 3.500000 3.000000 -26.500000
v 3.500000 3.000000 25.500000
v 3.500000 3.500000 25.500000
v 3.500000 3.500000 28.500000
v 3.500000 3.000000 28.500000
v 3.500000 3.000000 39.500000
v 3.500000 3.500000 39.500000
v 3.500000 3.500000 40.500000
v 3.500000 3.000000 40.500000
v 3.500000 3.000000 46.500000
v 3.500000 3.500000 46.500000
v 3.500000 3.500000 47.500000
v 3.500000 3.500000 -26.500000
v 3.500000 7.000000 -24.500000
v 3.500000 3.500000 -24.500000
v 3.500000 3.500000 24.000000
v 3.500000 4.000000 24.000000
v 3.500000 4.000000 26.500000
v 3.500000 3.500000 26.500000
v 3.500000 3.500000 40.000000
v 3.500000 4.000000 40.000000
v 3.500000 4.000000 41.000000
v 3.500000 3.500000 41.000000
v 3.500000 3.500000 45.500000
v 3.500000 4.000000 45.500000
v 3.500000 4.000000 46.000000
v 3.500000 3.500000 46.000000
v 3.500000 4.000000 -24.500000
v 3.500000 7.000000 -22.000000
v 3.500000 4.000000 -22.000000
v 3.500000 4.000000 21.500000
v 3.500000 4.500000 21.500000
v 3.500000 4.500000 24.500000
v 3.500000 4.000000 24.500000
v 3.500000 4.000000 40.500000
v 3.500000 4.500000 40.500000
v 3.500000 4.500000 41.500000
v 3.500000 4.000000 41.500000
v 3.500000 4.000000 44.500000
v 3.500000 4.500000 44.500000
v 3.500000 4.500000 45.000000
v 3.500000 4.000000 45.000000
v 3.500000 4.500000 -22.000000
v 3.500000 7.000000 -20.000000
v 3.500000 4.500000 -20.000000
v 3.500000 4.500000 20.000000
v 3.500000 5.000000 20.000000
v 3.500000 5.000000 22.000000
v 3.500000 4.500000 22.000000
v 3.500000 4.500000 42.500000
v 3.500000 5.000000 42.500000
v 3.500000 5.000000 43.000000
v 3.500000 4.500000 43.000000
v 3.500000 5.000000 -20.000000
v 3.500000 6.500000 -20.000000
v 3.500000 6.500000 -19.500000
v 3.500000 5.000000 -19.500000
v 3.500000 5.500000 -19.500000
v 3.500000 5.500000 -17.500000
v 3.500000 5.000000 -17.500000
v 3.500000 5.000000 18.000000
v 3.500000 5.500000 18.000000
v 3.500000 5.500000 19.500000
v 3.500000 5.000000 19.500000
v 3.500000 5.500000 -15.500000
v 3.500000 6.000000 -15.500000
v 3.500000 6.000000 -14.500000
v 3.500000 5.500000 -14.500000
v 3.500000 5.500000 14.500000
v 3.500000 6.000000 14.500000
v 3.500000 6.000000 16.000000
v 3.500000 5.500000 16.000000
v 3.500000 6.000000 -15.000000
v 3.500000 6.500000 -15.000000
v 3.500000 6.500000 -13.500000
v 3.500000 6.000000 -13.500000
v 3.500000 6.000000 10.000000
v 3.500000 6.500000 10.000000
v 3.500000 6.500000 13.500000
v 3.500000 6.000000 13.500000
v 3.500000 6.500000 -13.000000
v 3.500000 7.000000 -13.000000
v 3.500000 7.000000 -11.000000
v 3.500000 6.500000 -11.000000
v 3.500000 6.500000 4.000000
v 3.500000 7.000000 4.000000
v 3.500000 7.000000 6.000000
v 3.500000 6.500000 6.000000
v 3.500000 7.000000 -32.000000
v 3.500000 8.000000 -32.000000
v 3.500000 8.000000 -27.000000
v 3.500000 7.000000 -27.000000
v 3.500000 7.500000 -27.000000
v 3.500000 7.500000 -20.000000
v 3.500000 7.000000 -10.000000
v 3.500000 7.500000 -10.000000
v 3.500000 7.500000 -6.000000
v 3.500000 7.000000 -6.000000
v 3.500000 7.000000 0.500000
v 3.500000 7.500000 0.500000
v 3.500000 7.500000 3.000000
v 3.500000 7.000000 3.000000
v 3.500000 7.500000 -26.500000
v 3.500000 8.000000 -26.500000
v 3.500000 8.000000 -20.500000
v 3.500000 7.500000 -20.500000
v 3.500000 8.000000 -6.000000
v 3.500000 8.000000 0.000000
v 3.500000 7.500000 0.000000
v 3.500000 8.000000 -31.500000
v 3.500000 9.000000 -31.500000
v 3.500000 9.000000 -28.500000
v 3.500000 8.000000 -28.500000
v 3.500000 8.500000 -28.500000
v 3.500000 8.500000 -28.000000
v 3.500000 8.000000 -28.000000
v 3.500000 8.000000 -25.000000
v 3.500000 8.500000 -25.000000
v 3.500000 8.500000 -20.500000
v 3.500000 8.500000 -24.000000
v 3.500000 9.000000 -24.000000
v 3.500000 9.000000 -20.500000
v 3.500000 9.000000 -31.000000
v 3.500000 10.000000 -31.000000
v 3.500000 10.000000 -29.000000
v 3.500000 9.000000 -29.000000
v 3.500000 9.000000 -23.000000
v 3.500000 9.500000 -23.000000
v 3.500000 9.500000 -21.500000
v 3.500000 9.000000 -21.500000
v 3.500000 9.500000 -23.500000
v 3.500000 10.000000 -23.500000
v 3.500000 10.000000 -21.000000
v 3.500000 9.500000 -21.000000
v 4.000000 -7.500000 50.000000
v 4.000000 -7.000000 50.000000
v 4.000000 -7.000000 51.000000
v 4.000000 -7.500000 51.000000
v 4.000000 -7.000000 49.500000
v 4.000000 -6.500000 49.500000
v 4.000000 -6.500000 51.500000
v 4.000000 -7.000000 51.500000
v 4.000000 -6.500000 48.000000
v 4.000000 -6.000000 48.000000
v 4.000000 -6.000000 50.000000
v 4.000000 -6.500000 50.000000
v 4.000000 -6.500000 51.000000
v 4.000000 -6.000000 51.000000
v 4.000000 -6.000000 52.000000
v 4.000000 -6.500000 52.000000
v 4.000000 -6.000000 46.500000
v 4.000000 -5.500000 46.500000
v 4.000000 -5.500000 49.500000
v 4.000000 -6.000000 49.500000
v 4.000000 -6.000000 51.500000
v 4.000000 -5.500000 51.500000
v 4.000000 -5.500000 52.500000
v 4.000000 -6.000000 52.500000
v 4.000000 -5.500000 45.000000
v 4.000000 -5.000000 45.000000
v 4.000000 -5.000000 48.000000
v 4.000000 -5.500000 48.000000
v 4.000000 -5.500000 49.000000
v 4.000000 -5.000000 49.000000
v 4.000000 -5.000000 49.500000
v 4.000000 -5.500000 52.000000
v 4.000000 -4.500000 52.000000
v 4.000000 -4.500000 52.500000
v 4.000000 -5.000000 44.500000
v 4.000000 -4.500000 44.500000
v 4.000000 -4.500000 46.500000
v 4.000000 -5.000000 46.500000
v 4.000000 -5.000000 52.500000
v 4.000000 -3.500000 52.500000
v 4.000000 -3.500000 53.000000
v 4.000000 -5.000000 53.000000
v 4.000000 -4.500000 -46.000000
v 4.000000 -4.000000 -46.000000
v 4.000000 -4.000000 -45.500000
v 4.000000 -4.500000 -45.500000
v 4.000000 -4.500000 44.000000
v 4.000000 -4.000000 44.000000
v 4.000000 -4.000000 45.500000
v 4.000000 -4.500000 45.500000
v 4.000000 -4.000000 43.500000
v 4.000000 -3.500000 43.500000
v 4.000000 -3.500000 44.000000
v 4.000000 -2.500000 -35.000000
v 4.000000 -2.000000 -35.000000
v 4.000000 -2.000000 -34.500000
v 4.000000 -2.500000 -34.500000
v 4.000000 -2.500000 42.500000
v 4.000000 -2.000000 42.500000
v 4.000000 -2.000000 43.000000
v 4.000000 -2.500000 43.000000
v 4.000000 -2.500000 51.500000
v 4.000000 -2.000000 51.500000
v 4.000000 -2.000000 52.000000
v 4.000000 -2.500000 52.000000
v 4.000000 -2.000000 -35.500000
v 4.000000 -1.500000 -35.500000
v 4.000000 -1.500000 -35.000000
v 4.000000 -2.000000 -26.000000
v 4.000000 -1.500000 -26.000000
v 4.000000 -1.500000 -25.500000
v 4.000000 -2.000000 -25.500000
v 4.000000 -2.000000 25.500000
v 4.000000 -1.500000 25.500000
v 4.000000 -1.500000 26.500000
v 4.000000 -2.000000 26.500000
v 4.000000 -2.000000 42.000000
v 4.000000 -1.500000 42.000000
v 4.000000 -1.500000 42.500000
v 4.000000 -2.000000 51.000000
v 4.000000 -1.500000 51.000000
v 4.000000 -1.500000 51.500000
v 4.000000 -1.500000 -37.000000
v 4.000000 -1.000000 -37.000000
v 4.000000 -1.000000 -36.000000
v 4.000000 -1.500000 -36.000000
v 4.000000 -1.500000 -29.000000
v 4.000000 -1.000000 -29.000000
v 4.000000 -1.000000 -28.000000
v 4.000000 -1.500000 -28.000000
v 4.000000 -1.500000 28.000000
v 4.000000 -1.000000 28.000000
v 4.000000 -1.000000 29.000000
v 4.000000 -1.500000 29.000000
v 4.000000 -1.500000 41.500000
v 4.000000 -0.500000 41.500000
v 4.000000 -0.500000 42.000000
v 4.000000 -1.000000 -44.500000
v 4.000000 -0.500000 -44.500000
v 4.000000 -0.500000 -44.000000
v 4.000000 -1.000000 -44.000000
v 4.000000 -1.000000 -39.500000
v 4.000000 -0.500000 -39.500000
v 4.000000 -0.500000 -37.500000
v 4.000000 -1.000000 -37.500000
v 4.000000 -1.000000 -30.500000
v 4.000000 -0.500000 -30.500000
v 4.000000 -0.500000 -29.000000
v 4.000000 -1.000000 28.500000
v 4.000000 1.000000 28.500000
v 4.000000 1.000000 29.500000
v 4.000000 -1.000000 29.500000
v 4.000000 -1.000000 41.000000
v 4.000000 0.000000 41.000000
v 4.000000 0.000000 41.500000
v 4.000000 -1.000000 41.500000
v 4.000000 -0.500000 -31.500000
v 4.000000 1.000000 -31.500000
v 4.000000 1.000000 -29.500000
v 4.000000 -0.500000 -29.500000
v 4.000000 -0.500000 29.500000
v 4.000000 0.500000 29.500000
v 4.000000 0.500000 30.000000
v 4.000000 -0.500000 30.000000
v 4.000000 -0.500000 40.500000
v 4.000000 0.500000 40.500000
v 4.000000 0.500000 41.000000
v 4.000000 -0.500000 41.000000
v 4.000000 0.500000 -29.500000
v 4.000000 1.000000 -29.000000
v 4.000000 0.500000 -29.000000
v 4.000000 0.500000 40.000000
v 4.000000 3.000000 40.000000
v 4.000000 3.000000 41.000000
v 4.000000 0.500000 49.000000
v 4.000000 1.000000 49.000000
v 4.000000 1.000000 49.500000
v 4.000000 0.500000 49.500000
v 4.000000 1.000000 -31.000000
v 4.000000 1.500000 -31.000000
v 4.000000 1.500000 -28.500000
v 4.000000 1.000000 -28.500000
v 4.000000 1.000000 28.000000
v 4.000000 1.500000 28.000000
v 4.000000 1.500000 29.500000
v 4.000000 1.500000 -30.000000
v 4.000000 2.000000 -30.000000
v 4.000000 2.000000 -27.500000
v 4.000000 1.500000 -27.500000
v 4.000000 1.500000 27.500000
v 4.000000 2.000000 27.500000
v 4.000000 2.000000 29.000000
v 4.000000 1.500000 29.000000
v 4.000000 1.500000 48.500000
v 4.000000 2.000000 48.500000
v 4.000000 2.000000 49.500000
v 4.000000 1.500000 49.500000
v 4.000000 2.000000 -29.500000
v 4.000000 2.500000 -29.500000
v 4.000000 2.500000 -27.000000
v 4.000000 2.000000 -27.000000
v 4.000000 2.000000 26.500000
v 4.000000 2.500000 26.500000
v 4.000000 2.500000 28.000000
v 4.000000 2.000000 28.000000
v 4.000000 2.000000 47.500000
v 4.000000 2.500000 47.500000
v 4.000000 2.500000 49.000000
v 4.000000 2.000000 49.000000
v 4.000000 2.500000 -28.000000
v 4.000000 3.000000 -28.000000
v 4.000000 3.000000 -25.500000
v 4.000000 2.500000 -25.500000
v 4.000000 2.500000 25.500000
v 4.000000 3.000000 25.500000
v 4.000000 3.000000 27.000000
v 4.000000 2.500000 27.000000
v 4.000000 2.500000 46.500000
v 4.000000 3.000000 46.500000
v 4.000000 3.000000 47.500000
v 4.000000 3.000000 -26.500000
v 4.000000 3.500000 -26.500000
v 4.000000 3.500000 -24.000000
v 4.000000 3.000000 -24.000000
v 4.000000 3.000000 24.000000
v 4.000000 3.500000 24.000000
v 4.000000 3.500000 25.500000
v 4.000000 3.000000 40.500000
v 4.000000 3.500000 40.500000
v 4.000000 3.500000 41.500000
v 4.000000 3.000000 41.500000
v 4.000000 3.000000 46.000000
v 4.000000 3.500000 46.000000
v 4.000000 3.500000 46.500000
v 4.000000 3.500000 -24.500000
v 4.000000 4.000000 -24.500000
v 4.000000 4.000000 -21.500000
v 4.000000 3.500000 -21.500000
v 4.000000 3.500000 22.000000
v 4.000000 4.000000 22.000000
v 4.000000 4.000000 24.000000
v 4.000000 3.500000 41.000000
v 4.000000 4.000000 41.000000
v 4.000000 4.000000 42.000000
v 4.000000 3.500000 42.000000
v 4.000000 3.500000 45.000000
v 4.000000 4.000000 45.000000
v 4.000000 4.000000 45.500000
v 4.000000 3.500000 45.500000
v 4.000000 4.000000 -22.000000
v 4.000000 4.500000 -22.000000
v 4.000000 4.500000 -20.000000
v 4.000000 4.000000 -20.000000
v 4.000000 4.000000 20.000000
v 4.000000 4.500000 20.000000
v 4.000000 4.500000 21.500000
v 4.000000 4.000000 21.500000
v 4.000000 4.000000 41.500000
v 4.000000 4.500000 41.500000
v 4.000000 4.500000 42.000000
v 4.000000 4.000000 44.000000
v 4.000000 4.500000 44.000000
v 4.000000 4.500000 44.500000
v 4.000000 4.000000 44.500000
v 4.000000 5.000000 -20.000000
v 4.000000 5.000000 -18.000000
v 4.000000 4.500000 -18.000000
v 4.000000 4.500000 18.500000
v 4.000000 5.000000 18.500000
v 4.000000 5.000000 20.000000
v 4.000000 4.500000 43.000000
v 4.000000 5.000000 43.000000
v 4.000000 5.000000 43.500000
v 4.000000 4.500000 43.500000
v 4.000000 5.000000 -17.500000
v 4.000000 5.500000 -17.500000
v 4.000000 5.500000 -16.000000
v 4.000000 5.000000 -16.000000
v 4.000000 5.000000 16.500000
v 4.000000 5.500000 16.500000
v 4.000000 5.500000 18.000000
v 4.000000 5.000000 18.000000
v 4.000000 5.500000 -14.500000
v 4.000000 6.000000 -14.500000
v 4.000000 6.000000 14.500000
v 4.000000 5.500000 14.500000
v 4.000000 6.000000 -13.500000
v 4.000000 6.500000 -13.500000
v 4.000000 6.500000 10.000000
v 4.000000 6.000000 10.000000
v 4.000000 6.500000 -11.000000
v 4.000000 7.000000 -11.000000
v 4.000000 7.000000 4.000000
v 4.000000 6.500000 4.000000
v 4.000000 7.000000 -6.000000
v 4.000000 7.500000 -6.000000
v 4.000000 7.500000 0.500000
v 4.000000 7.000000 0.500000
v 4.000000 7.500000 -27.000000
v 4.000000 8.000000 -27.000000
v 4.000000 8.000000 -26.500000
v 4.000000 7.500000 -26.500000
v 4.000000 8.000000 -28.000000
v 4.000000 8.500000 -28.000000
v 4.000000 8.500000 -25.000000
v 4.000000 8.000000 -25.000000
v 4.000000 8.500000 -28.500000
v 4.000000 9.000000 -28.500000
v 4.000000 9.000000 -24.000000
v 4.000000 8.500000 -24.000000
v 4.000000 9.000000 -29.000000
v 4.000000 9.500000 -29.000000
v 4.000000 9.500000 -23.000000
v 4.000000 9.000000 -23.000000
v 4.000000 9.500000 -28.500000
v 4.000000 10.000000 -28.500000
v 4.000000 10.000000 -23.500000
v 4.000000 9.500000 -23.500000
v 4.500000 -6.500000 50.000000
v 4.500000 -5.500000 50.000000
v 4.500000 -5.500000 51.000000
v 4.500000 -6.500000 51.000000
v 4.500000 -6.000000 49.500000
v 4.500000 -5.000000 49.500000
v 4.500000 -5.000000 50.000000
v 4.500000 -6.000000 50.000000
v 4.500000 -6.000000 51.000000
v 4.500000 -5.500000 51.500000
v 4.500000 -6.000000 51.500000
v 4.500000 -5.500000 48.000000
v 4.500000 -5.000000 48.000000
v 4.500000 -5.000000 49.000000
v 4.500000 -5.500000 49.000000
v 4.500000 -5.500000 50.500000
v 4.500000 -5.000000 50.500000
v 4.500000 -5.000000 52.000000
v 4.500000 -5.500000 52.000000
v 4.500000 -5.000000 46.500000
v 4.500000 -4.500000 46.500000
v 4.500000 -4.500000 49.500000
v 4.500000 -5.000000 51.000000
v 4.500000 -4.500000 51.000000
v 4.500000 -4.500000 52.000000
v 4.500000 -4.500000 45.500000
v 4.500000 -4.000000 45.500000
v 4.500000 -4.000000 48.500000
v 4.500000 -4.500000 48.500000
v 4.500000 -4.500000 49.000000
v 4.500000 -4.000000 49.000000
v 4.500000 -4.000000 49.500000
v 4.500000 -4.500000 51.500000
v 4.500000 -2.500000 51.500000
v 4.500000 -2.500000 52.000000
v 4.500000 -3.000000 52.000000
v 4.500000 -3.000000 52.500000
v 4.500000 -4.500000 52.500000
v 4.500000 -4.000000 44.000000
v 4.500000 -3.500000 44.000000
v 4.500000 -3.500000 47.500000
v 4.500000 -4.000000 47.500000
v 4.500000 -3.500000 43.500000
v 4.500000 -3.000000 43.500000
v 4.500000 -3.000000 46.500000
v 4.500000 -3.500000 46.500000
v 4.500000 -3.000000 43.000000
v 4.500000 -2.000000 43.000000
v 4.500000 -2.000000 44.000000
v 4.500000 -3.000000 44.000000
v 4.500000 -2.500000 44.000000
v 4.500000 -2.500000 45.000000
v 4.500000 -3.000000 45.000000
v 4.500000 -2.500000 49.000000
v 4.500000 -2.000000 49.000000
v 4.500000 -2.000000 49.500000
v 4.500000 -2.500000 49.500000
v 4.500000 -2.500000 51.000000
v 4.500000 -2.000000 51.000000
v 4.500000 -2.000000 51.500000
v 4.500000 -2.000000 -25.500000
v 4.500000 -1.500000 -25.500000
v 4.500000 -1.500000 -25.000000
v 4.500000 -2.000000 -25.000000
v 4.500000 -2.000000 42.500000
v 4.500000 -1.000000 42.500000
v 4.500000 -1.000000 43.000000
v 4.500000 0.000000 49.500000
v 4.500000 0.000000 50.000000
v 4.500000 -2.000000 50.000000
v 4.500000 -0.500000 50.000000
v 4.500000 -0.500000 50.500000
v 4.500000 -2.000000 50.500000
v 4.500000 -1.000000 50.500000
v 4.500000 -1.000000 51.000000
v 4.500000 -1.500000 -45.500000
v 4.500000 -1.000000 -45.500000
v 4.500000 -1.000000 -45.000000
v 4.500000 -1.500000 -45.000000
v 4.500000 -1.500000 -37.500000
v 4.500000 -1.000000 -37.500000
v 4.500000 -1.000000 -37.000000
v 4.500000 -1.500000 -37.000000
v 4.500000 -1.500000 -28.000000
v 4.500000 -1.000000 -28.000000
v 4.500000 -1.000000 -26.500000
v 4.500000 -1.500000 -26.500000
v 4.500000 -1.500000 27.000000
v 4.500000 -1.000000 27.000000
v 4.500000 -1.000000 28.000000
v 4.500000 -1.500000 28.000000
v 4.500000 -1.500000 42.000000
v 4.500000 -0.500000 42.000000
v 4.500000 -0.500000 42.500000
v 4.500000 -1.500000 42.500000
v 4.500000 -1.000000 -44.000000
v 4.500000 -0.500000 -44.000000
v 4.500000 -0.500000 -43.500000
v 4.500000 -1.000000 -43.500000
v 4.500000 -1.000000 -40.500000
v 4.500000 -0.500000 -40.500000
v 4.500000 -0.500000 -39.500000
v 4.500000 -1.000000 -39.500000
v 4.500000 -1.000000 -29.000000
v 4.500000 -0.500000 -29.000000
v 4.500000 -0.500000 -27.500000
v 4.500000 -1.000000 -27.500000
v 4.500000 -1.000000 27.500000
v 4.500000 1.000000 27.500000
v 4.500000 1.000000 28.500000
v 4.500000 -1.000000 28.500000
v 4.500000 -0.500000 -29.500000
v 4.500000 0.500000 -29.500000
v 4.500000 0.500000 -28.000000
v 4.500000 -0.500000 -28.000000
v 4.500000 -0.500000 41.500000
v 4.500000 0.000000 41.500000
v 4.500000 0.000000 42.000000
v 4.500000 0.000000 41.000000
v 4.500000 3.000000 41.000000
v 4.500000 3.000000 42.000000
v 4.500000 0.000000 49.000000
v 4.500000 0.500000 49.000000
v 4.500000 0.500000 49.500000
v 4.500000 0.500000 -29.000000
v 4.500000 1.000000 -29.000000
v 4.500000 1.000000 -27.500000
v 4.500000 0.500000 -27.500000
v 4.500000 0.500000 48.500000
v 4.500000 1.000000 48.500000
v 4.500000 1.000000 49.000000
v 4.500000 1.000000 -28.500000
v 4.500000 1.500000 -28.500000
v 4.500000 1.500000 -27.000000
v 4.500000 1.000000 -27.000000
v 4.500000 1.000000 27.000000
v 4.500000 1.500000 27.000000
v 4.500000 1.500000 28.000000
v 4.500000 1.000000 28.000000
v 4.500000 1.000000 47.500000
v 4.500000 1.500000 47.500000
v 4.500000 1.500000 49.000000
v 4.500000 1.500000 -27.500000
v 4.500000 2.000000 -27.500000
v 4.500000 2.000000 -26.000000
v 4.500000 1.500000 -26.000000
v 4.500000 1.500000 26.500000
v 4.500000 2.000000 26.500000
v 4.500000 2.000000 27.500000
v 4.500000 1.500000 27.500000
v 4.500000 1.500000 47.000000
v 4.500000 2.000000 47.000000
v 4.500000 2.000000 48.500000
v 4.500000 1.500000 48.500000
v 4.500000 2.000000 -27.000000
v 4.500000 2.500000 -27.000000
v 4.500000 2.500000 -25.000000
v 4.500000 2.000000 -25.000000
v 4.500000 2.000000 25.500000
v 4.500000 2.500000 25.500000
v 4.500000 2.500000 26.500000
v 4.500000 2.000000 46.000000
v 4.500000 2.500000 46.000000
v 4.500000 2.500000 47.500000
v 4.500000 2.000000 47.500000
v 4.500000 2.500000 -25.500000
v 4.500000 3.000000 -25.500000
v 4.500000 3.000000 -24.000000
v 4.500000 2.500000 -24.000000
v 4.500000 2.500000 24.000000
v 4.500000 3.000000 24.000000
v 4.500000 3.000000 25.500000
v 4.500000 2.500000 45.500000
v 4.500000 3.000000 45.500000
v 4.500000 3.000000 46.500000
v 4.500000 2.500000 46.500000
v 4.500000 3.500000 -24.000000
v 4.500000 3.500000 -22.500000
v 4.500000 3.000000 -22.500000
v 4.500000 3.000000 22.500000
v 4.500000 3.500000 22.500000
v 4.500000 3.500000 24.000000
v 4.500000 3.000000 41.500000
v 4.500000 3.500000 41.500000
v 4.500000 3.500000 42.000000
v 4.500000 3.000000 44.500000
v 4.500000 3.500000 44.500000
v 4.500000 3.500000 46.000000
v 4.500000 3.000000 46.000000
v 4.500000 3.500000 -21.500000
v 4.500000 4.000000 -21.500000
v 4.500000 4.000000 -20.500000
v 4.500000 3.500000 -20.500000
v 4.500000 3.500000 21.000000
v 4.500000 4.000000 21.000000
v 4.500000 4.000000 22.000000
v 4.500000 3.500000 22.000000
v 4.500000 4.500000 42.000000
v 4.500000 4.500000 42.500000
v 4.500000 3.500000 42.500000
v 4.500000 3.500000 44.000000
v 4.500000 4.000000 44.000000
v 4.500000 4.000000 45.000000
v 4.500000 3.500000 45.000000
v 4.500000 4.000000 -20.000000
v 4.500000 4.500000 -20.000000
v 4.500000 4.500000 -18.500000
v 4.500000 4.000000 -18.500000
v 4.500000 4.000000 19.000000
v 4.500000 4.500000 19.000000
v 4.500000 4.500000 20.000000
v 4.500000 4.000000 20.000000
v 4.500000 4.000000 42.500000
v 4.500000 4.500000 44.000000
v 4.500000 4.500000 -18.000000
v 4.500000 5.000000 -18.000000
v 4.500000 5.000000 -16.000000
v 4.500000 4.500000 -16.000000
v 4.500000 4.500000 16.500000
v 4.500000 5.000000 16.500000
v 4.500000 5.000000 18.500000
v 4.500000 4.500000 18.500000
v 4.500000 5.500000 -16.000000
v 4.500000 5.500000 16.500000
v 5.000000 -5.500000 50.000000
v 5.000000 -5.000000 50.000000
v 5.000000 -5.000000 50.500000
v 5.000000 -5.500000 50.500000
v 5.000000 -5.000000 -36.000000
v 5.000000 -4.500000 -36.000000
v 5.000000 -4.500000 -35.500000
v 5.000000 -5.000000 -35.500000
v 5.000000 -5.000000 49.500000
v 5.000000 -4.000000 49.500000
v 5.000000 -4.000000 51.000000
v 5.000000 -5.000000 51.000000
v 5.000000 -4.500000 48.500000
v 5.000000 -4.000000 48.500000
v 5.000000 -4.000000 49.000000
v 5.000000 -4.500000 49.000000
v 5.000000 -4.500000 51.000000
v 5.000000 -4.000000 51.500000
v 5.000000 -4.500000 51.500000
v 5.000000 -4.000000 47.500000
v 5.000000 -3.500000 47.500000
v 5.000000 -3.500000 51.500000
v 5.000000 -3.500000 46.500000
v 5.000000 -3.000000 46.500000
v 5.000000 -3.000000 49.500000
v 5.000000 -3.500000 49.500000
v 5.000000 -3.500000 50.500000
v 5.000000 -2.500000 50.500000
v 5.000000 -2.500000 51.500000
v 5.000000 -3.000000 45.000000
v 5.000000 -2.500000 45.000000
v 5.000000 -2.500000 49.500000
v 5.000000 -2.500000 44.000000
v 5.000000 -2.000000 44.000000
v 5.000000 -2.000000 49.000000
v 5.000000 -2.500000 49.000000
v 5.000000 -2.000000 49.500000
v 5.000000 -2.000000 51.000000
v 5.000000 -2.500000 51.000000
v 5.000000 -2.000000 -46.000000
v 5.000000 -1.500000 -46.000000
v 5.000000 -1.500000 -45.500000
v 5.000000 -2.000000 -45.500000
v 5.000000 -2.000000 -36.000000
v 5.000000 -1.500000 -36.000000
v 5.000000 -1.500000 -35.500000
v 5.000000 -2.000000 -35.500000
v 5.000000 -2.000000 -25.000000
v 5.000000 -1.500000 -25.000000
v 5.000000 -1.500000 -24.000000
v 5.000000 -2.000000 -24.000000
v 5.000000 -2.000000 25.000000
v 5.000000 -1.500000 25.000000
v 5.000000 -1.500000 25.500000
v 5.000000 -2.000000 25.500000
v 5.000000 -2.000000 43.000000
v 5.000000 -1.000000 43.000000
v 5.000000 -1.000000 49.500000
v 5.000000 -1.500000 -26.500000
v 5.000000 -1.000000 -26.500000
v 5.000000 -1.000000 -25.500000
v 5.000000 -1.500000 -25.500000
v 5.000000 -1.500000 26.000000
v 5.000000 -1.000000 26.000000
v 5.000000 -1.000000 27.000000
v 5.000000 -1.500000 27.000000
v 5.000000 -1.000000 -43.500000
v 5.000000 -0.500000 -43.500000
v 5.000000 -0.500000 -40.500000
v 5.000000 -1.000000 -40.500000
v 5.000000 -1.000000 -27.500000
v 5.000000 -0.500000 -27.500000
v 5.000000 -0.500000 -26.500000
v 5.000000 -1.000000 26.500000
v 5.000000 -0.500000 26.500000
v 5.000000 -0.500000 27.500000
v 5.000000 -1.000000 27.500000
v 5.000000 -1.000000 42.500000
v 5.000000 -0.500000 42.500000
v 5.000000 -0.500000 49.500000
v 5.000000 -0.500000 -28.000000
v 5.000000 0.500000 -28.000000
v 5.000000 0.500000 -26.500000
v 5.000000 -0.500000 27.000000
v 5.000000 0.500000 27.000000
v 5.000000 0.500000 27.500000
v 5.000000 -0.500000 42.000000
v 5.000000 3.500000 42.000000
v 5.000000 3.500000 44.500000
v 5.000000 -0.500000 44.500000
v 5.000000 3.000000 44.500000
v 5.000000 3.000000 45.500000
v 5.000000 -0.500000 45.500000
v 5.000000 2.500000 45.500000
v 5.000000 2.500000 46.000000
v 5.000000 -0.500000 46.000000
v 5.000000 2.000000 46.000000
v 5.000000 2.000000 47.000000
v 5.000000 -0.500000 47.000000
v 5.000000 1.500000 47.000000
v 5.000000 1.500000 47.500000
v 5.000000 -0.500000 47.500000
v 5.000000 1.000000 47.500000
v 5.000000 1.000000 48.500000
v 5.000000 -0.500000 48.500000
v 5.000000 0.500000 48.500000
v 5.000000 0.500000 49.000000
v 5.000000 -0.500000 49.000000
v 5.000000 0.000000 49.000000
v 5.000000 0.000000 49.500000
v 5.000000 0.500000 -27.500000
v 5.000000 1.000000 -27.500000
v 5.000000 1.000000 -26.500000
v 5.000000 0.500000 26.500000
v 5.000000 1.000000 26.500000
v 5.000000 1.000000 27.500000
v 5.000000 1.000000 -27.000000
v 5.000000 1.500000 -27.000000
v 5.000000 1.500000 -26.000000
v 5.000000 1.000000 -26.000000
v 5.000000 1.000000 26.000000
v 5.000000 1.500000 26.000000
v 5.000000 1.500000 27.000000
v 5.000000 1.000000 27.000000
v 5.000000 2.000000 -26.000000
v 5.000000 2.000000 -25.000000
v 5.000000 1.500000 -25.000000
v 5.000000 1.500000 25.500000
v 5.000000 2.000000 25.500000
v 5.000000 2.000000 26.500000
v 5.000000 1.500000 26.500000
v 5.000000 2.500000 -25.000000
v 5.000000 2.500000 -24.500000
v 5.000000 2.000000 -24.500000
v 5.000000 2.000000 24.500000
v 5.000000 2.500000 24.500000
v 5.000000 2.500000 25.500000
v 5.000000 2.500000 -24.000000
v 5.000000 3.000000 -24.000000
v 5.000000 3.000000 -22.500000
v 5.000000 2.500000 -22.500000
v 5.000000 2.500000 23.000000
v 5.000000 3.000000 23.000000
v 5.000000 3.000000 24.000000
v 5.000000 2.500000 24.000000
v 5.000000 3.500000 -22.500000
v 5.000000 3.500000 -21.000000
v 5.000000 3.000000 -21.000000
v 5.000000 3.000000 21.500000
v 5.000000 3.500000 21.500000
v 5.000000 3.500000 22.500000
v 5.000000 3.000000 22.500000
v 5.000000 3.500000 -20.500000
v 5.000000 4.000000 -20.500000
v 5.000000 4.000000 21.000000
v 5.000000 3.500000 21.000000
v 5.000000 3.500000 42.500000
v 5.000000 4.000000 42.500000
v 5.000000 4.000000 44.000000
v 5.000000 3.500000 44.000000
v 5.000000 4.000000 -18.500000
v 5.000000 4.500000 -18.500000
v 5.000000 4.500000 19.000000
v 5.000000 4.000000 19.000000
v 5.000000 4.500000 -16.000000
v 5.000000 5.000000 -16.000000
v 5.000000 5.000000 16.500000
v 5.000000 4.500000 16.500000
v 5.500000 -4.000000 -35.000000
v 5.500000 -3.500000 -35.000000
v 5.500000 -3.500000 -34.500000
v 5.500000 -4.000000 -34.500000
v 5.500000 -3.500000 49.500000
v 5.500000 -2.500000 49.500000
v 5.500000 -2.500000 50.500000
v 5.500000 -3.500000 50.500000
v 5.500000 -3.000000 -46.500000
v 5.500000 -2.500000 -46.500000
v 5.500000 -2.500000 -46.000000
v 5.500000 -3.000000 -46.000000
v 5.500000 -3.000000 -35.000000
v 5.500000 -2.500000 -35.000000
v 5.500000 -2.500000 -34.500000
v 5.500000 -3.000000 -34.500000
v 5.500000 -2.000000 -24.000000
v 5.500000 -1.500000 -24.000000
v 5.500000 -1.500000 -23.500000
v 5.500000 -2.000000 -23.500000
v 5.500000 -2.000000 24.000000
v 5.500000 -1.500000 24.000000
v 5.500000 -1.500000 25.000000
v 5.500000 -2.000000 25.000000
v 5.500000 -1.500000 -25.500000
v 5.500000 -1.000000 -25.500000
v 5.500000 -1.000000 -25.000000
v 5.500000 -1.500000 -25.000000
v 5.500000 -1.500000 -24.500000
v 5.500000 -1.000000 -24.500000
v 5.500000 -1.000000 -24.000000
v 5.500000 -1.500000 24.500000
v 5.500000 -1.000000 24.500000
v 5.500000 -1.000000 25.000000
v 5.500000 -1.500000 25.500000
v 5.500000 -1.000000 25.500000
v 5.500000 -1.000000 26.000000
v 5.500000 -1.500000 26.000000
v 5.500000 -1.000000 -26.500000
v 5.500000 1.000000 -26.500000
v 5.500000 1.000000 -25.500000
v 5.500000 0.000000 -25.000000
v 5.500000 0.000000 -24.500000
v 5.500000 0.000000 25.000000
v 5.500000 0.000000 25.500000
v 5.500000 1.000000 26.000000
v 5.500000 1.000000 26.500000
v 5.500000 -1.000000 26.500000
v 5.500000 -0.500000 26.500000
v 5.500000 0.500000 26.500000
v 5.500000 0.500000 27.000000
v 5.500000 -0.500000 27.000000
v 5.500000 0.500000 -25.000000
v 5.500000 1.000000 -25.000000
v 5.500000 1.000000 -24.500000
v 5.500000 0.500000 -24.500000
v 5.500000 0.500000 25.000000
v 5.500000 1.000000 25.000000
v 5.500000 1.000000 25.500000
v 5.500000 0.500000 25.500000
v 5.500000 1.000000 -26.000000
v 5.500000 1.500000 -26.000000
v 5.500000 1.500000 -25.000000
v 5.500000 1.500000 -24.500000
v 5.500000 1.500000 -24.000000
v 5.500000 1.000000 -24.000000
v 5.500000 1.000000 24.500000
v 5.500000 1.500000 24.500000
v 5.500000 1.500000 25.000000
v 5.500000 1.500000 25.500000
v 5.500000 1.500000 26.000000
v 5.500000 2.000000 -25.000000
v 5.500000 2.000000 -24.500000
v 5.500000 1.500000 -23.000000
v 5.500000 2.000000 -23.000000
v 5.500000 2.000000 23.500000
v 5.500000 1.500000 23.500000
v 5.500000 2.000000 25.000000
v 5.500000 2.000000 25.500000
v 5.500000 2.000000 -24.000000
v 5.500000 2.500000 -24.000000
v 5.500000 2.500000 -22.500000
v 5.500000 2.000000 -22.500000
v 5.500000 2.000000 23.000000
v 5.500000 2.500000 23.000000
v 5.500000 2.500000 24.500000
v 5.500000 2.000000 24.500000
v 5.500000 3.000000 -22.500000
v 5.500000 3.000000 23.000000
v 5.500000 3.000000 -21.000000
v 5.500000 3.500000 -21.000000
v 5.500000 3.500000 21.500000
v 5.500000 3.000000 21.500000
v 6.000000 -2.000000 -23.500000
v 6.000000 -1.500000 -23.500000
v 6.000000 -1.500000 24.000000
v 6.000000 -2.000000 24.000000
v 6.000000 -1.500000 -45.000000
v 6.000000 -1.000000 -45.000000
v 6.000000 -1.000000 -44.500000
v 6.000000 -1.500000 -44.500000
v 6.000000 -1.500000 -25.000000
v 6.000000 -1.000000 -25.000000
v 6.000000 -1.000000 -24.500000
v 6.000000 -1.500000 -24.500000
v 6.000000 -1.500000 -24.000000
v 6.000000 -1.000000 -24.000000
v 6.000000 -1.000000 24.500000
v 6.000000 -1.500000 24.500000
v 6.000000 -1.500000 25.000000
v 6.000000 -1.000000 25.000000
v 6.000000 -1.000000 25.500000
v 6.000000 -1.500000 25.500000
v 6.000000 -1.000000 -25.500000
v 6.000000 1.000000 -25.500000
v 6.000000 1.000000 -25.000000
v 6.000000 0.000000 -24.500000
v 6.000000 0.000000 25.000000
v 6.000000 0.000000 25.500000
v 6.000000 0.000000 26.000000
v 6.000000 -1.000000 26.000000
v 6.000000 0.000000 -25.000000
v 6.000000 0.500000 -25.000000
v 6.000000 0.500000 26.000000
v 6.000000 0.500000 -24.500000
v 6.000000 1.000000 -24.500000
v 6.000000 1.000000 25.000000
v 6.000000 0.500000 25.000000
v 6.000000 0.500000 25.500000
v 6.000000 1.000000 25.500000
v 6.000000 1.000000 26.000000
v 6.000000 1.500000 -25.000000
v 6.000000 1.500000 -24.500000
v 6.000000 1.000000 -24.000000
v 6.000000 1.500000 -24.000000
v 6.000000 1.500000 24.500000
v 6.000000 1.000000 24.500000
v 6.000000 1.500000 25.000000
v 6.000000 1.500000 25.500000
v 6.000000 2.000000 -24.500000
v 6.000000 2.000000 -23.000000
v 6.000000 1.500000 -23.000000
v 6.000000 1.500000 23.500000
v 6.000000 2.000000 23.500000
v 6.000000 2.000000 25.000000
v 6.000000 2.000000 -22.500000
v 6.000000 2.500000 -22.500000
v 6.000000 2.500000 23.000000
v 6.000000 2.000000 23.000000
v 9.000000 -2.000000 -47.000000
v 9.000000 -2.500000 -46.500000
v 11.000000 -6.500000 -41.500000
v 11.000000 -7.000000 -41.500000
v 11.000000 -5.000000 -51.000000
v 11.000000 -2.000000 -50.000000
v 11.000000 -4.000000 -50.000000
v 11.000000 -3.500000 -50.000000
v 11.000000 -2.500000 -50.000000
v 11.000000 -2.500000 -49.500000
v 11.000000 -3.500000 -49.500000
v 11.000000 0.000000 -38.000000
v 11.000000 0.500000 -38.000000
v 11.000000 0.500000 -37.500000
v 11.000000 0.000000 -37.500000
v 11.500000 -6.000000 -38.000000
v 11.500000 -5.500000 -38.000000
v 11.500000 -5.500000 -36.500000
v 11.500000 -6.000000 -36.500000
v 11.500000 -5.500000 -39.000000
v 11.500000 -4.500000 -35.500000
v 11.500000 -5.500000 -35.500000
v 11.500000 -5.000000 -35.500000
v 11.500000 -5.000000 -34.000000
v 11.500000 -5.500000 -34.000000
v 11.500000 -5.500000 -32.500000
v 11.500000 -4.000000 -52.500000
v 11.500000 -4.000000 -50.500000
v 11.500000 -4.500000 -50.500000
v 11.500000 -4.500000 -41.000000
v 11.500000 -4.000000 -41.000000
v 11.500000 -4.000000 -37.500000
v 11.500000 -4.500000 -37.500000
v 11.500000 -4.000000 -50.000000
v 11.500000 -3.500000 -50.000000
v 11.500000 -3.500000 -48.500000
v 11.500000 -4.000000 -48.500000
v 11.500000 -4.000000 -42.000000
v 11.500000 -3.500000 -42.000000
v 11.500000 -3.500000 -39.500000
v 11.500000 -4.000000 -39.500000
v 11.500000 -3.500000 -49.500000
v 11.500000 -2.500000 -49.500000
v 11.500000 -2.500000 -48.000000
v 11.500000 -3.500000 -48.000000
v 11.500000 -3.500000 -43.500000
v 11.500000 -2.500000 -43.500000
v 11.500000 -2.500000 -41.500000
v 11.500000 -3.500000 -41.500000
v 11.500000 -2.500000 -50.000000
v 11.500000 -2.000000 -50.000000
v 11.500000 -2.000000 -48.500000
v 11.500000 -2.500000 -48.500000
v 11.500000 -2.500000 -42.500000
v 11.500000 -2.000000 -42.500000
v 11.500000 -2.000000 -39.500000
v 11.500000 -2.500000 -39.500000
v 11.500000 -2.000000 -52.500000
v 11.500000 -1.500000 -50.500000
v 11.500000 -2.000000 -50.500000
v 11.500000 -2.000000 -41.000000
v 11.500000 -1.500000 -41.000000
v 11.500000 -1.500000 -37.500000
v 11.500000 -2.000000 -37.500000
v 11.500000 -0.500000 -39.000000
v 11.500000 -0.500000 -35.500000
v 11.500000 -1.500000 -35.500000
v 11.500000 -1.000000 -31.500000
v 11.500000 -0.500000 -52.500000
v 11.500000 -0.500000 -51.500000
v 11.500000 -1.000000 -35.500000
v 11.500000 -0.500000 -34.000000
v 11.500000 -1.000000 -34.000000
v 11.500000 -0.500000 -38.000000
v 11.500000 0.000000 -38.000000
v 11.500000 0.000000 -36.500000
v 11.500000 -0.500000 -36.500000
v 12.000000 -6.500000 -46.000000
v 12.000000 -7.000000 -46.000000
v 12.000000 -5.500000 -33.500000
v 12.000000 -5.000000 -33.500000
v 12.000000 -5.000000 -33.000000
v 12.000000 -5.500000 -33.000000
v 12.000000 -5.000000 -35.500000
v 12.000000 -4.500000 -35.500000
v 12.000000 -4.500000 -35.000000
v 12.000000 -5.000000 -35.000000
v 12.000000 -5.000000 -31.500000
v 12.000000 -4.500000 -37.500000
v 12.000000 -4.000000 -37.500000
v 12.000000 -4.000000 -37.000000
v 12.000000 -4.500000 -37.000000
v 12.000000 -4.000000 -39.500000
v 12.000000 -3.500000 -39.500000
v 12.000000 -3.500000 -39.000000
v 12.000000 -4.000000 -39.000000
v 12.000000 -3.500000 -41.500000
v 12.000000 -2.500000 -41.500000
v 12.000000 -2.500000 -41.000000
v 12.000000 -3.500000 -41.000000
v 12.000000 -2.500000 -39.500000
v 12.000000 -2.000000 -39.500000
v 12.000000 -2.000000 -39.000000
v 12.000000 -2.500000 -39.000000
v 12.000000 -2.000000 -37.500000
v 12.000000 -1.500000 -37.500000
v 12.000000 -1.500000 -37.000000
v 12.000000 -2.000000 -37.000000
v 12.000000 -1.500000 -35.500000
v 12.000000 -1.000000 -35.500000
v 12.000000 -1.000000 -35.000000
v 12.000000 -1.500000 -35.000000
v 12.000000 -1.000000 -31.500000
v 12.000000 -1.000000 -33.500000
v 12.000000 -0.500000 -33.500000
v 12.000000 -0.500000 -33.000000
v 12.000000 -1.000000 -33.000000
v 12.000000 1.500000 -41.500000
v 12.500000 -5.500000 -52.000000
v 12.500000 -5.000000 -53.000000
v 12.500000 -4.500000 -53.000000
v 12.500000 -4.500000 -52.500000
v 12.500000 -5.000000 -52.500000
v 12.500000 -5.000000 -40.000000
v 12.500000 -5.000000 -39.000000
v 12.500000 -4.000000 -52.500000
v 12.500000 -2.000000 -52.500000
v 12.500000 -2.000000 -52.000000
v 12.500000 -4.000000 -52.000000
v 12.500000 -1.500000 -53.000000
v 12.500000 -1.000000 -53.000000
v 12.500000 -1.000000 -52.500000
v 12.500000 -1.500000 -52.500000
v 12.500000 -1.000000 -40.000000
v 12.500000 -1.000000 -39.000000
v 12.500000 0.500000 -50.000000
v 12.500000 1.000000 -50.000000
v 13.000000 -7.500000 -43.500000
v 13.000000 -7.000000 -43.500000
v 13.000000 -7.000000 -42.000000
v 13.000000 -7.500000 -42.000000
v 13.000000 -7.000000 -50.000000
v 13.000000 -6.500000 -50.000000
v 13.000000 -6.500000 -44.500000
v 13.000000 -7.000000 -44.500000
v 13.000000 -5.000000 -52.500000
v 13.000000 -4.500000 -52.500000
v 13.000000 -4.500000 -53.000000
v 13.000000 -4.000000 -53.000000
v 13.000000 -4.000000 -49.500000
v 13.000000 -4.500000 -49.500000
v 13.000000 -4.000000 -52.000000
v 13.000000 -2.000000 -52.000000
v 13.000000 -2.000000 -48.500000
v 13.000000 -4.000000 -48.500000
v 13.000000 -2.000000 -53.000000
v 13.000000 -1.500000 -53.000000
v 13.000000 -1.500000 -49.500000
v 13.000000 -2.000000 -49.500000
v 13.000000 -1.500000 -52.500000
v 13.000000 -1.000000 -52.500000
v 13.000000 -1.000000 -51.000000
v 13.000000 -1.500000 -51.000000
v 13.000000 1.000000 -44.000000
v 13.000000 0.500000 -44.000000
v 13.000000 1.000000 -43.500000
v 13.000000 1.500000 -43.500000
v 13.000000 1.500000 -42.000000
v 13.000000 1.000000 -42.000000
v 13.500000 -7.500000 -41.000000
v 13.500000 -7.000000 -41.000000
v 13.500000 -7.000000 -40.000000
v 13.500000 -7.500000 -40.000000
v 13.500000 -5.000000 -53.500000
v 13.500000 -5.000000 -50.500000
v 13.500000 -5.500000 -50.500000
v 13.500000 -5.000000 -51.000000
v 13.500000 -4.500000 -51.000000
v 13.500000 -4.500000 -48.000000
v 13.500000 -5.000000 -48.000000
v 13.500000 -4.500000 -49.500000
v 13.500000 -4.000000 -49.500000
v 13.500000 -4.000000 -46.500000
v 13.500000 -4.500000 -46.500000
v 13.500000 -4.000000 -48.500000
v 13.500000 -2.000000 -48.500000
v 13.500000 -4.000000 -47.000000
v 13.500000 -2.500000 -46.000000
v 13.500000 -4.000000 -46.000000
v 13.500000 -3.500000 -46.000000
v 13.500000 -2.500000 -45.500000
v 13.500000 -3.500000 -45.500000
v 13.500000 -3.500000 -29.000000
v 13.500000 -2.000000 -46.000000
v 13.500000 -2.000000 -49.500000
v 13.500000 -1.500000 -49.500000
v 13.500000 -1.500000 -46.500000
v 13.500000 -1.500000 -51.000000
v 13.500000 -1.000000 -51.000000
v 13.500000 -1.000000 -48.000000
v 13.500000 -1.500000 -48.000000
v 13.500000 -1.000000 -53.500000
v 13.500000 -0.500000 -50.500000
v 13.500000 -1.000000 -50.500000
v 13.500000 0.500000 -45.500000
v 13.500000 1.000000 -45.500000
v 13.500000 0.500000 -35.500000
v 13.500000 1.000000 -35.500000
v 13.500000 1.000000 -35.000000
v 13.500000 0.500000 -35.000000
v 13.500000 1.000000 -40.500000
v 13.500000 1.500000 -40.500000
v 14.000000 -6.500000 -46.000000
v 14.000000 -7.000000 -46.000000
v 14.000000 -6.000000 -53.500000
v 14.000000 -5.500000 -53.500000
v 14.000000 -5.500000 -52.500000
v 14.000000 -6.000000 -52.500000
v 14.000000 -5.500000 -50.500000
v 14.000000 -5.000000 -50.500000
v 14.000000 -5.000000 -49.000000
v 14.000000 -5.500000 -49.000000
v 14.000000 -5.500000 -29.500000
v 14.000000 -5.000000 -29.500000
v 14.000000 -5.000000 -29.000000
v 14.000000 -5.500000 -29.000000
v 14.000000 -5.000000 -48.000000
v 14.000000 -4.500000 -48.000000
v 14.000000 -4.500000 -46.500000
v 14.000000 -5.000000 -46.500000
v 14.000000 -4.000000 -46.500000
v 14.000000 -4.000000 -46.000000
v 14.000000 -4.500000 -46.000000
v 14.000000 -4.500000 -37.000000
v 14.000000 -4.000000 -37.000000
v 14.000000 -4.000000 -27.500000
v 14.000000 -3.500000 -46.000000
v 14.000000 -3.500000 -45.500000
v 14.000000 -4.000000 -45.500000
v 14.000000 -4.000000 -38.000000
v 14.000000 -3.500000 -38.000000
v 14.000000 -3.500000 -27.500000
v 14.000000 -3.500000 -38.500000
v 14.000000 -2.500000 -38.500000
v 14.000000 -2.500000 -29.000000
v 14.000000 -3.500000 -29.000000
v 14.000000 -2.500000 -46.000000
v 14.000000 -2.000000 -46.000000
v 14.000000 -2.000000 -45.500000
v 14.000000 -2.500000 -45.500000
v 14.000000 -2.500000 -38.000000
v 14.000000 -2.000000 -38.000000
v 14.000000 -2.000000 -27.500000
v 14.000000 -2.500000 -27.500000
v 14.000000 -2.000000 -46.500000
v 14.000000 -1.500000 -46.500000
v 14.000000 -1.500000 -46.000000
v 14.000000 -2.000000 -37.000000
v 14.000000 -1.500000 -37.000000
v 14.000000 -1.500000 -48.000000
v 14.000000 -1.000000 -48.000000
v 14.000000 -1.000000 -47.000000
v 14.000000 -1.500000 -47.000000
v 14.000000 -1.000000 -50.500000
v 14.000000 -0.500000 -50.500000
v 14.000000 -0.500000 -49.000000
v 14.000000 -1.000000 -49.000000
v 14.000000 -1.000000 -29.500000
v 14.000000 -0.500000 -29.500000
v 14.000000 -0.500000 -29.000000
v 14.000000 -1.000000 -29.000000
v 14.000000 -0.500000 -53.500000
v 14.000000 0.000000 -53.500000
v 14.000000 0.000000 -52.500000
v 14.000000 -0.500000 -52.500000
v 14.000000 1.000000 -46.000000
v 14.000000 0.500000 -46.000000
v 14.500000 -4.000000 -38.500000
v 14.500000 -3.500000 -38.500000
v 14.500000 -3.500000 -38.000000
v 14.500000 -4.000000 -38.000000
v 14.500000 -2.500000 -38.500000
v 14.500000 -2.000000 -38.500000
v 14.500000 -2.000000 -38.000000
v 14.500000 -2.500000 -38.000000
v 15.000000 -8.000000 -42.500000
v 15.000000 -7.500000 -42.500000
v 15.000000 -7.500000 -38.000000
v 15.000000 -8.000000 -38.000000
v 15.000000 -7.500000 -49.500000
v 15.000000 -6.500000 -49.500000
v 15.000000 -7.500000 -47.500000
v 15.000000 -7.000000 -42.000000
v 15.000000 -7.500000 -42.000000
v 15.000000 -7.500000 -41.500000
v 15.000000 -7.000000 -41.500000
v 15.000000 -7.000000 -39.500000
v 15.000000 -7.500000 -39.500000
v 15.000000 -7.500000 -38.500000
v 15.000000 -7.000000 -38.500000
v 15.000000 -7.000000 -35.500000
v 15.000000 -7.500000 -35.500000
v 15.000000 -7.000000 -51.000000
v 15.000000 -6.500000 -51.000000
v 15.000000 -6.500000 -50.000000
v 15.000000 -7.000000 -50.000000
v 15.000000 -6.500000 -45.500000
v 15.000000 -7.000000 -45.500000
v 15.000000 -6.500000 -35.500000
v 15.000000 -6.500000 -33.500000
v 15.000000 -7.000000 -33.500000
v 15.000000 -6.000000 -33.500000
v 15.000000 -6.000000 -32.000000
v 15.000000 -6.500000 -32.000000
v 15.000000 -6.000000 -31.500000
v 15.000000 -5.500000 -31.500000
v 15.000000 -5.500000 -30.500000
v 15.000000 -6.000000 -30.500000
v 15.000000 -5.000000 -28.500000
v 15.000000 -4.500000 -28.500000
v 15.000000 -4.500000 -28.000000
v 15.000000 -5.000000 -28.000000
v 15.000000 -1.000000 -51.500000
v 15.000000 -1.500000 -28.500000
v 15.000000 -1.000000 -28.500000
v 15.000000 -1.000000 -28.000000
v 15.000000 -1.500000 -28.000000
v 15.000000 -0.500000 -52.500000
v 15.000000 -0.500000 -31.500000
v 15.000000 0.000000 -31.500000
v 15.000000 0.000000 -30.500000
v 15.000000 -0.500000 -30.500000
v 15.000000 0.000000 -33.500000
v 15.000000 0.500000 -33.500000
v 15.000000 0.500000 -32.000000
v 15.000000 0.000000 -32.000000
v 15.000000 0.500000 -51.000000
v 15.000000 1.000000 -51.000000
v 15.000000 1.000000 -50.000000
v 15.000000 0.500000 -50.000000
v 15.000000 0.500000 -49.500000
v 15.000000 1.500000 -49.500000
v 15.000000 1.500000 -46.500000
v 15.000000 1.000000 -33.500000
v 15.000000 1.500000 -35.500000
v 15.000000 1.500000 -42.500000
v 15.000000 2.000000 -42.500000
v 15.000000 2.000000 -38.000000
v 15.000000 1.500000 -38.000000
v 15.500000 -7.500000 -41.000000
v 15.500000 -7.000000 -41.000000
v 15.500000 -7.000000 -40.000000
v 15.500000 -7.500000 -40.000000
v 15.500000 -7.500000 -39.500000
v 15.500000 -7.000000 -39.500000
v 15.500000 -7.000000 -38.500000
v 15.500000 -7.500000 -38.500000
v 15.500000 -7.000000 -47.500000
v 15.500000 -6.500000 -47.500000
v 15.500000 -6.500000 -46.000000
v 15.500000 -7.000000 -46.000000
v 15.500000 -7.000000 -45.500000
v 15.500000 -6.500000 -45.500000
v 15.500000 -6.500000 -42.000000
v 15.500000 -7.000000 -42.000000
v 15.500000 -7.000000 -41.500000
v 15.500000 -6.500000 -41.500000
v 15.500000 -6.500000 -39.500000
v 15.500000 -7.000000 -39.000000
v 15.500000 -6.500000 -39.000000
v 15.500000 -6.500000 -35.500000
v 15.500000 -7.000000 -35.500000
v 15.500000 -6.500000 -53.000000
v 15.500000 -6.000000 -53.000000
v 15.500000 -6.000000 -46.500000
v 15.500000 -6.500000 -46.500000
v 15.500000 -6.000000 -35.500000
v 15.500000 -6.000000 -33.500000
v 15.500000 -6.500000 -33.500000
v 15.500000 -5.500000 -33.500000
v 15.500000 -5.500000 -31.500000
v 15.500000 -6.000000 -31.500000
v 15.500000 -5.000000 -31.500000
v 15.500000 -5.000000 -29.000000
v 15.500000 -5.500000 -29.000000
v 15.500000 -5.000000 -53.500000
v 15.500000 -1.000000 -53.500000
v 15.500000 -1.000000 -53.000000
v 15.500000 -5.000000 -53.000000
v 15.500000 -5.000000 -30.000000
v 15.500000 -4.500000 -30.000000
v 15.500000 -4.500000 -28.500000
v 15.500000 -5.000000 -28.500000
v 15.500000 -5.000000 -28.000000
v 15.500000 -4.500000 -28.000000
v 15.500000 -4.500000 -27.500000
v 15.500000 -5.000000 -27.500000
v 15.500000 -4.500000 -30.500000
v 15.500000 -4.000000 -30.500000
v 15.500000 -4.500000 -29.500000
v 15.500000 -4.000000 -29.500000
v 15.500000 -4.000000 -27.500000
v 15.500000 -2.000000 -30.500000
v 15.500000 -1.500000 -30.500000
v 15.500000 -1.500000 -30.000000
v 15.500000 -2.000000 -29.500000
v 15.500000 -1.500000 -29.500000
v 15.500000 -1.500000 -27.500000
v 15.500000 -2.000000 -27.500000
v 15.500000 -1.000000 -30.000000
v 15.500000 -1.000000 -28.500000
v 15.500000 -1.500000 -28.500000
v 15.500000 -1.500000 -28.000000
v 15.500000 -1.000000 -28.000000
v 15.500000 -1.000000 -27.500000
v 15.500000 -1.000000 -31.500000
v 15.500000 -0.500000 -31.500000
v 15.500000 -0.500000 -29.000000
v 15.500000 -1.000000 -29.000000
v 15.500000 -0.500000 -33.500000
v 15.500000 0.000000 -33.500000
v 15.500000 0.000000 -31.500000
v 15.500000 0.000000 -53.000000
v 15.500000 0.500000 -53.000000
v 15.500000 0.500000 -49.000000
v 15.500000 0.000000 -49.000000
v 15.500000 0.000000 -35.500000
v 15.500000 0.500000 -35.500000
v 15.500000 0.500000 -33.500000
v 15.500000 0.500000 -46.500000
v 15.500000 1.000000 -46.500000
v 15.500000 1.000000 -46.000000
v 15.500000 0.500000 -46.000000
v 15.500000 0.500000 -45.000000
v 15.500000 1.000000 -45.000000
v 15.500000 1.000000 -40.500000
v 15.500000 0.500000 -40.500000
v 15.500000 0.500000 -39.000000
v 15.500000 1.000000 -39.000000
v 15.500000 1.000000 -35.000000
v 15.500000 0.500000 -35.000000
v 15.500000 1.000000 -42.000000
v 15.500000 1.500000 -42.000000
v 15.500000 1.500000 -41.500000
v 15.500000 1.000000 -41.500000
v 15.500000 1.000000 -41.000000
v 15.500000 1.500000 -41.000000
v 15.500000 1.500000 -40.000000
v 15.500000 1.000000 -40.000000
v 16.000000 -7.000000 -39.500000
v 16.000000 -6.500000 -39.500000
v 16.000000 -6.500000 -39.000000
v 16.000000 -7.000000 -39.000000
v 16.000000 -6.500000 -46.500000
v 16.000000 -6.000000 -46.500000
v 16.000000 -6.000000 -39.000000
v 16.000000 -6.500000 -38.000000
v 16.000000 -6.000000 -38.000000
v 16.000000 -6.000000 -35.500000
v 16.000000 -6.500000 -35.500000
v 16.000000 -6.000000 -53.000000
v 16.000000 0.000000 -53.000000
v 16.000000 0.000000 -52.500000
v 16.000000 -6.000000 -52.500000
v 16.000000 -6.000000 -52.000000
v 16.000000 -5.000000 -52.000000
v 16.000000 -5.000000 -51.500000
v 16.000000 -6.000000 -51.500000
v 16.000000 -5.500000 -51.500000
v 16.000000 -5.500000 -44.000000
v 16.000000 -6.000000 -44.000000
v 16.000000 -6.000000 -37.500000
v 16.000000 -5.500000 -37.500000
v 16.000000 -5.500000 -33.500000
v 16.000000 -6.000000 -33.500000
v 16.000000 -5.500000 -52.500000
v 16.000000 -1.000000 -52.500000
v 16.000000 -1.000000 -52.000000
v 16.000000 -5.500000 -52.000000
v 16.000000 -5.500000 -35.000000
v 16.000000 -5.000000 -35.000000
v 16.000000 -5.000000 -33.000000
v 16.000000 -5.500000 -33.000000
v 16.000000 -5.500000 -32.500000
v 16.000000 -5.000000 -32.500000
v 16.000000 -5.000000 -31.500000
v 16.000000 -5.500000 -31.500000
v 16.000000 -5.000000 -33.500000
v 16.000000 -4.500000 -33.500000
v 16.000000 -4.500000 -31.500000
v 16.000000 -5.000000 -31.000000
v 16.000000 -2.000000 -31.000000
v 16.000000 -2.000000 -30.500000
v 16.000000 -5.000000 -30.500000
v 16.000000 -4.500000 -30.500000
v 16.000000 -4.500000 -30.000000
v 16.000000 -5.000000 -30.000000
v 16.000000 -4.500000 -52.000000
v 16.000000 -3.500000 -52.000000
v 16.000000 -3.500000 -51.500000
v 16.000000 -4.500000 -51.500000
v 16.000000 -4.500000 -33.000000
v 16.000000 -1.500000 -33.000000
v 16.000000 -1.500000 -31.000000
v 16.000000 -4.500000 -31.000000
v 16.000000 -4.000000 -30.000000
v 16.000000 -4.000000 -29.500000
v 16.000000 -4.500000 -29.500000
v 16.000000 -4.000000 -43.000000
v 16.000000 -3.500000 -43.000000
v 16.000000 -3.500000 -37.000000
v 16.000000 -4.000000 -37.000000
v 16.000000 -4.000000 -30.500000
v 16.000000 -2.000000 -30.000000
v 16.000000 -3.500000 -43.500000
v 16.000000 -2.500000 -43.500000
v 16.000000 -2.500000 -36.500000
v 16.000000 -3.500000 -36.500000
v 16.000000 -3.500000 -30.000000
v 16.000000 -2.500000 -30.000000
v 16.000000 -2.500000 -29.500000
v 16.000000 -3.500000 -29.500000
v 16.000000 -3.500000 -28.000000
v 16.000000 -2.500000 -28.000000
v 16.000000 -2.500000 -27.500000
v 16.000000 -3.500000 -27.500000
v 16.000000 -2.500000 -43.000000
v 16.000000 -2.000000 -43.000000
v 16.000000 -2.000000 -37.000000
v 16.000000 -2.500000 -37.000000
v 16.000000 -2.000000 -52.000000
v 16.000000 -1.500000 -52.000000
v 16.000000 -1.500000 -51.500000
v 16.000000 -2.000000 -51.500000
v 16.000000 -1.500000 -30.000000
v 16.000000 -1.500000 -29.500000
v 16.000000 -2.000000 -29.500000
v 16.000000 -1.500000 -33.500000
v 16.000000 -1.000000 -33.500000
v 16.000000 -1.000000 -32.000000
v 16.000000 -1.500000 -32.000000
v 16.000000 -1.000000 -31.000000
v 16.000000 -1.000000 -30.000000
v 16.000000 -1.000000 -35.000000
v 16.000000 -0.500000 -35.000000
v 16.000000 -0.500000 -31.500000
v 16.000000 -1.000000 -31.500000
v 16.000000 -0.500000 -52.500000
v 16.000000 0.000000 -44.000000
v 16.000000 -0.500000 -44.000000
v 16.000000 -0.500000 -37.500000
v 16.000000 0.500000 -37.500000
v 16.000000 0.500000 -35.500000
v 16.000000 -0.500000 -35.500000
v 16.000000 0.000000 -35.500000
v 16.000000 0.000000 -33.500000
v 16.000000 -0.500000 -33.500000
v 16.000000 0.000000 -49.000000
v 16.000000 0.500000 -49.000000
v 16.000000 0.500000 -39.000000
v 16.000000 0.000000 -39.000000
v 16.000000 0.500000 -40.500000
v 16.000000 1.000000 -40.500000
v 16.000000 1.000000 -39.000000
v 16.500000 -5.500000 -51.500000
v 16.500000 -5.000000 -51.500000
v 16.500000 -5.000000 -49.500000
v 16.500000 -5.500000 -49.500000
v 16.500000 -5.000000 -51.000000
v 16.500000 -4.500000 -51.000000
v 16.500000 -4.500000 -50.500000
v 16.500000 -5.000000 -50.500000
v 16.500000 -4.500000 -51.500000
v 16.500000 -3.500000 -51.500000
v 16.500000 -3.500000 -50.500000
v 16.500000 -4.500000 -40.000000
v 16.500000 -4.000000 -40.000000
v 16.500000 -4.000000 -39.000000
v 16.500000 -4.500000 -39.000000
v 16.500000 -4.500000 -38.500000
v 16.500000 -4.000000 -38.500000
v 16.500000 -4.000000 -33.000000
v 16.500000 -4.500000 -33.000000
v 16.500000 -4.000000 -37.000000
v 16.500000 -3.500000 -37.000000
v 16.500000 -3.500000 -33.000000
v 16.500000 -3.500000 -52.000000
v 16.500000 -2.000000 -52.000000
v 16.500000 -2.000000 -50.500000
v 16.500000 -3.500000 -36.500000
v 16.500000 -2.500000 -36.500000
v 16.500000 -2.500000 -33.000000
v 16.500000 -2.500000 -37.000000
v 16.500000 -2.000000 -37.000000
v 16.500000 -2.000000 -33.000000
v 16.500000 -2.000000 -51.500000
v 16.500000 -0.500000 -51.500000
v 16.500000 -0.500000 -50.500000
v 16.500000 -2.000000 -40.000000
v 16.500000 -1.500000 -40.000000
v 16.500000 -1.500000 -33.000000
v 16.500000 -1.000000 -50.500000
v 16.500000 -0.500000 -49.500000
v 16.500000 -1.000000 -49.500000
v 17.000000 -6.000000 -44.000000
v 17.000000 -5.500000 -44.000000
v 17.000000 -5.500000 -43.000000
v 17.000000 -6.000000 -43.000000
v 17.000000 -5.500000 -49.500000
v 17.000000 -5.000000 -49.500000
v 17.000000 -5.000000 -45.500000
v 17.000000 -5.500000 -45.500000
v 17.000000 -5.000000 -50.500000
v 17.000000 -1.000000 -50.500000
v 17.000000 -1.000000 -48.000000
v 17.000000 -5.000000 -48.000000
v 17.000000 -5.000000 -47.500000
v 17.000000 -1.000000 -47.500000
v 17.000000 -1.000000 -47.000000
v 17.000000 -5.000000 -47.000000
v 17.000000 -4.500000 -47.000000
v 17.000000 -4.500000 -46.500000
v 17.000000 -5.000000 -46.500000
v 17.000000 -1.500000 -47.000000
v 17.000000 -1.000000 -46.500000
v 17.000000 -1.500000 -46.500000
v 17.000000 -1.000000 -49.500000
v 17.000000 -0.500000 -49.500000
v 17.000000 -0.500000 -45.500000
v 17.000000 -1.000000 -45.500000
v 17.000000 -0.500000 -44.000000
v 17.000000 0.000000 -44.000000
v 17.000000 0.000000 -43.000000
v 17.000000 -0.500000 -43.000000
v 17.500000 -6.000000 -43.000000
v 17.500000 -5.500000 -43.000000
v 17.500000 -5.500000 -41.000000
v 17.500000 -6.000000 -41.000000
v 17.500000 -6.000000 -38.500000
v 17.500000 -5.500000 -38.500000
v 17.500000 -5.500000 -37.500000
v 17.500000 -6.000000 -37.500000
v 17.500000 -5.500000 -45.500000
v 17.500000 -5.000000 -45.500000
v 17.500000 -5.000000 -42.000000
v 17.500000 -5.500000 -42.000000
v 17.500000 -5.500000 -35.500000
v 17.500000 -5.000000 -35.500000
v 17.500000 -5.000000 -35.000000
v 17.500000 -5.500000 -35.000000
v 17.500000 -5.000000 -48.000000
v 17.500000 -1.000000 -48.000000
v 17.500000 -1.000000 -47.500000
v 17.500000 -5.000000 -47.500000
v 17.500000 -5.000000 -46.500000
v 17.500000 -4.500000 -46.500000
v 17.500000 -4.500000 -44.000000
v 17.500000 -5.000000 -44.000000
v 17.500000 -5.000000 -43.500000
v 17.500000 -3.500000 -43.500000
v 17.500000 -3.500000 -43.000000
v 17.500000 -5.000000 -43.000000
v 17.500000 -4.500000 -43.000000
v 17.500000 -4.500000 -42.500000
v 17.500000 -5.000000 -42.500000
v 17.500000 -4.500000 -47.000000
v 17.500000 -2.500000 -47.000000
v 17.500000 -2.500000 -44.000000
v 17.500000 -4.500000 -42.000000
v 17.500000 -4.000000 -42.000000
v 17.500000 -4.000000 -41.500000
v 17.500000 -4.500000 -41.500000
v 17.500000 -4.000000 -44.000000
v 17.500000 -2.500000 -43.500000
v 17.500000 -4.000000 -43.500000
v 17.500000 -2.500000 -46.500000
v 17.500000 -2.000000 -46.500000
v 17.500000 -2.000000 -43.000000
v 17.500000 -2.500000 -43.000000
v 17.500000 -2.000000 -47.000000
v 17.500000 -1.500000 -47.000000
v 17.500000 -1.500000 -43.000000
v 17.500000 -2.000000 -42.000000
v 17.500000 -1.500000 -42.000000
v 17.500000 -1.500000 -41.500000
v 17.500000 -2.000000 -41.500000
v 17.500000 -1.500000 -46.500000
v 17.500000 -1.000000 -46.500000
v 17.500000 -1.000000 -42.500000
v 17.500000 -1.500000 -42.500000
v 17.500000 -1.000000 -45.500000
v 17.500000 -0.500000 -45.500000
v 17.500000 -0.500000 -42.000000
v 17.500000 -1.000000 -42.000000
v 17.500000 -1.000000 -35.500000
v 17.500000 -0.500000 -35.500000
v 17.500000 -0.500000 -35.000000
v 17.500000 -1.000000 -35.000000
v 17.500000 -0.500000 -43.000000
v 17.500000 0.000000 -43.000000
v 17.500000 0.000000 -41.000000
v 17.500000 -0.500000 -41.000000
v 17.500000 -0.500000 -38.500000
v 17.500000 0.000000 -38.500000
v 17.500000 0.000000 -37.500000
v 17.500000 -0.500000 -37.500000
v 18.000000 -6.000000 -41.000000
v 18.000000 -5.500000 -41.000000
v 18.000000 -5.500000 -38.500000
v 18.000000 -6.000000 -38.500000
v 18.000000 -5.500000 -42.000000
v 18.000000 -5.000000 -42.000000
v 18.000000 -5.000000 -40.000000
v 18.000000 -5.500000 -40.000000
v 18.000000 -5.500000 -39.500000
v 18.000000 -5.000000 -39.500000
v 18.000000 -5.000000 -35.500000
v 18.000000 -5.500000 -35.500000
v 18.000000 -5.000000 -42.500000
v 18.000000 -4.500000 -42.500000
v 18.000000 -4.500000 -41.500000
v 18.000000 -5.000000 -41.500000
v 18.000000 -5.000000 -39.000000
v 18.000000 -2.500000 -39.000000
v 18.000000 -2.500000 -38.000000
v 18.000000 -5.000000 -38.000000
v 18.000000 -4.000000 -38.000000
v 18.000000 -5.000000 -37.500000
v 18.000000 -4.500000 -37.500000
v 18.000000 -4.500000 -36.000000
v 18.000000 -5.000000 -36.000000
v 18.000000 -5.000000 -33.500000
v 18.000000 -4.500000 -43.000000
v 18.000000 -3.500000 -43.000000
v 18.000000 -3.500000 -42.500000
v 18.000000 -4.000000 -41.500000
v 18.000000 -4.000000 -40.500000
v 18.000000 -4.500000 -40.500000
v 18.000000 -4.000000 -42.500000
v 18.000000 -3.500000 -40.500000
v 18.000000 -3.500000 -43.500000
v 18.000000 -2.500000 -43.500000
v 18.000000 -2.500000 -40.500000
v 18.000000 -2.500000 -43.000000
v 18.000000 -1.500000 -43.000000
v 18.000000 -1.500000 -42.500000
v 18.000000 -2.500000 -42.500000
v 18.000000 -2.000000 -42.500000
v 18.000000 -2.000000 -40.500000
v 18.000000 -2.500000 -38.500000
v 18.000000 -2.000000 -38.500000
v 18.000000 -2.000000 -38.000000
v 18.000000 -2.000000 -41.500000
v 18.000000 -1.500000 -41.500000
v 18.000000 -1.500000 -40.500000
v 18.000000 -2.000000 -39.000000
v 18.000000 -1.000000 -39.000000
v 18.000000 -1.000000 -37.500000
v 18.000000 -1.000000 -42.500000
v 18.000000 -1.000000 -41.500000
v 18.000000 -1.500000 -37.500000
v 18.000000 -1.000000 -36.000000
v 18.000000 -1.500000 -35.500000
v 18.000000 -1.000000 -35.500000
v 18.000000 -1.000000 -33.500000
v 18.000000 -1.000000 -42.000000
v 18.000000 -0.500000 -42.000000
v 18.000000 -0.500000 -35.500000
v 18.000000 -0.500000 -41.000000
v 18.000000 0.000000 -41.000000
v 18.000000 0.000000 -38.500000
v 18.000000 -0.500000 -38.500000
v 18.500000 -5.000000 -36.000000
v 18.500000 -4.500000 -36.000000
v 18.500000 -4.500000 -35.500000
v 18.500000 -5.000000 -35.500000
v 18.500000 -4.500000 -40.000000
v 18.500000 -4.000000 -40.000000
v 18.500000 -4.000000 -39.000000
v 18.500000 -4.500000 -39.000000
v 18.500000 -4.500000 -37.500000
v 18.500000 -4.000000 -37.500000
v 18.500000 -4.000000 -33.500000
v 18.500000 -4.500000 -33.500000
v 18.500000 -4.000000 -40.500000
v 18.500000 -2.000000 -40.500000
v 18.500000 -2.000000 -39.000000
v 18.500000 -4.000000 -38.000000
v 18.500000 -2.000000 -38.000000
v 18.500000 -2.000000 -34.500000
v 18.500000 -4.000000 -34.500000
v 18.500000 -2.000000 -40.000000
v 18.500000 -1.500000 -40.000000
v 18.500000 -1.500000 -39.000000
v 18.500000 -2.000000 -37.500000
v 18.500000 -1.500000 -37.500000
v 18.500000 -1.500000 -33.500000
v 18.500000 -2.000000 -33.500000
v 18.500000 -1.500000 -36.000000
v 18.500000 -1.000000 -36.000000
v 18.500000 -1.000000 -35.500000
v 18.500000 -1.500000 -35.500000
v -2.500000 -9.500000 50.500000
v 2.500000 -9.500000 50.500000
v 2.500000 -8.500000 47.500000
v -14.500000 -7.500000 -35.500000
v -14.000000 -7.500000 -40.000000
v -3.000000 -7.500000 47.000000
v 14.500000 -7.500000 -35.500000
v -15.000000 -7.000000 -42.000000
v -15.000000 -7.000000 -41.500000
v -14.000000 -7.000000 -49.500000
v -14.000000 -7.000000 -45.000000
v -14.000000 -7.000000 -45.500000
v -13.500000 -7.000000 -42.000000
v -14.000000 -7.000000 -42.000000
v -14.000000 -7.000000 -41.500000
v -14.000000 -7.000000 -37.000000
v -12.000000 -7.000000 -40.000000
v -12.500000 -7.000000 -47.500000
v -11.500000 -7.000000 -43.500000
v -11.500000 -7.000000 -42.000000
v 11.500000 -7.000000 -42.000000
v 11.500000 -7.000000 -43.500000
v 12.500000 -7.000000 -47.500000
v 14.000000 -7.000000 -38.500000
v 12.000000 -7.000000 -40.000000
v 14.000000 -7.000000 -37.000000
v 13.500000 -7.000000 -42.000000
v -13.500000 -6.500000 -51.000000
v -15.500000 -6.500000 -51.000000
v -14.000000 -6.500000 -45.500000
v -13.500000 -6.500000 -47.500000
v -11.000000 -6.500000 -41.000000
v -11.500000 -6.500000 -47.500000
v -11.000000 -6.500000 -38.000000
v -12.000000 -6.500000 -38.000000
v -11.000000 -6.500000 -46.000000
v -11.000000 -6.500000 -45.500000
v -11.000000 -6.500000 -45.000000
v 3.500000 -6.500000 46.000000
v -3.500000 -6.500000 46.000000
v 11.000000 -6.500000 -45.500000
v 11.000000 -6.500000 -46.000000
v 11.000000 -6.500000 -45.000000
v 11.000000 -6.500000 -41.000000
v 12.000000 -6.500000 -39.000000
v 12.500000 -6.500000 -38.000000
v 12.500000 -6.500000 -37.500000
v 11.500000 -6.500000 -47.500000
v 13.500000 -6.500000 -47.500000
v 15.500000 -6.500000 -51.000000
v 13.500000 -6.500000 -51.000000
v 15.500000 -6.500000 -38.000000
v -17.000000 -6.000000 -37.500000
v -14.000000 -6.000000 -53.000000
v -14.000000 -6.000000 -31.500000
v -10.500000 -6.000000 -38.000000
v -10.500000 -6.000000 -39.000000
v 10.500000 -6.000000 -39.000000
v 11.000000 -6.000000 -36.500000
v 10.500000 -6.000000 -38.000000
v 11.500000 -6.000000 -37.500000
v 14.000000 -6.000000 -31.500000
v 14.000000 -6.000000 -53.000000
v 15.500000 -6.000000 -52.500000
v 15.500000 -6.000000 -52.000000
v 17.000000 -6.000000 -37.500000
v -16.500000 -5.500000 -44.000000
v -15.500000 -5.500000 -33.000000
v -15.500000 -5.500000 -32.500000
v -13.000000 -5.500000 -33.000000
v -13.000000 -5.500000 -32.000000
v -13.000000 -5.500000 -32.500000
v -11.500000 -5.500000 -34.500000
v -10.000000 -5.500000 -40.000000
v -10.500000 -5.500000 -40.000000
v 10.500000 -5.500000 -39.500000
v 10.500000 -5.500000 -38.000000
v -10.500000 -5.500000 -38.000000
v -10.500000 -5.500000 -39.500000
v -10.500000 -5.500000 -37.500000
v -10.500000 -5.500000 -37.000000
v -9.500000 -5.500000 -40.000000
v -7.000000 -5.500000 -40.000000
v 8.500000 -5.500000 -40.000000
v 9.500000 -5.500000 -40.000000
v 10.500000 -5.500000 -37.500000
v 10.500000 -5.500000 -37.000000
v 10.000000 -5.500000 -40.000000
v 10.500000 -5.500000 -40.000000
v 11.500000 -5.500000 -34.500000
v 13.000000 -5.500000 -32.500000
v 13.000000 -5.500000 -32.000000
v 13.500000 -5.500000 -52.500000
v 13.500000 -5.500000 -52.000000
v 13.000000 -5.500000 -33.000000
v 15.000000 -5.500000 -52.000000
v 15.000000 -5.500000 -52.500000
v 15.500000 -5.500000 -33.000000
v 15.500000 -5.500000 -32.500000
v 16.500000 -5.500000 -44.000000
v -17.500000 -5.000000 -33.500000
v -12.500000 -5.000000 -32.500000
v -15.500000 -5.000000 -31.000000
v -15.000000 -5.000000 -27.500000
v -13.500000 -5.000000 -52.000000
v -13.000000 -5.000000 -30.500000
v -11.500000 -5.000000 -39.500000
v -12.500000 -5.000000 -39.500000
v -12.500000 -5.000000 -31.500000
v -11.500000 -5.000000 -31.000000
v -11.000000 -5.000000 -33.000000
v 11.500000 -5.000000 -31.000000
v 11.000000 -5.000000 -51.500000
v -11.000000 -5.000000 -51.500000
v -9.000000 -5.000000 -44.000000
v -9.000000 -5.000000 -35.500000
v 9.500000 -5.000000 -43.500000
v -9.500000 -5.000000 -43.500000
v -8.500000 -5.000000 -44.000000
v 8.500000 -5.000000 -44.000000
v -7.000000 -5.000000 -36.000000
v -5.500000 -5.000000 -36.000000
v 9.000000 -5.000000 -36.000000
v 9.000000 -5.000000 -44.000000
v 9.000000 -5.000000 -35.500000
v 11.000000 -5.000000 -33.000000
v 12.500000 -5.000000 -39.500000
v 11.500000 -5.000000 -39.500000
v 12.500000 -5.000000 -32.500000
v 12.500000 -5.000000 -31.500000
v 13.000000 -5.000000 -30.500000
v 13.500000 -5.000000 -52.000000
v 15.000000 -5.000000 -27.500000
v 15.500000 -5.000000 -31.000000
v 17.500000 -5.000000 -33.500000
v -17.000000 -4.500000 -39.000000
v 18.000000 -4.500000 -41.000000
v -18.000000 -4.500000 -41.000000
v -16.000000 -4.500000 -51.000000
v -16.500000 -4.500000 -39.000000
v -16.500000 -4.500000 -33.500000
v -15.000000 -4.500000 -31.500000
v -15.000000 -4.500000 -31.000000
v -14.000000 -4.500000 -31.000000
v -14.000000 -4.500000 -31.500000
v -12.000000 -4.500000 -52.000000
v -12.000000 -4.500000 -51.000000
v -11.500000 -4.500000 -51.000000
v -11.500000 -4.500000 -52.000000
v -10.500000 -4.500000 -51.000000
v -9.500000 -4.500000 -46.000000
v -8.500000 -4.500000 -35.000000
v -0.500000 -4.500000 -45.000000
v -5.000000 -4.500000 -35.000000
v 4.000000 -4.500000 -45.000000
v 5.000000 -4.500000 -35.000000
v 8.500000 -4.500000 -35.000000
v 9.500000 -4.500000 -46.000000
v 10.500000 -4.500000 -51.000000
v 11.500000 -4.500000 -52.000000
v 11.500000 -4.500000 -51.000000
v 12.000000 -4.500000 -51.000000
v 12.000000 -4.500000 -52.000000
v 14.000000 -4.500000 -31.500000
v 14.000000 -4.500000 -31.000000
v 16.000000 -4.500000 -51.000000
v 15.000000 -4.500000 -31.000000
v 15.000000 -4.500000 -31.500000
v 16.500000 -4.500000 -33.500000
v -17.500000 -4.000000 -40.000000
v -17.000000 -4.000000 -42.000000
v -18.000000 -4.000000 -42.000000
v 16.000000 -4.000000 -42.500000
v 16.000000 -4.000000 -42.000000
v -16.000000 -4.000000 -42.000000
v -16.000000 -4.000000 -42.500000
v -16.000000 -4.000000 -40.000000
v -16.000000 -4.000000 -40.500000
v 16.000000 -4.000000 -40.500000
v 16.000000 -4.000000 -40.000000
v 18.000000 -4.000000 -42.000000
v 17.000000 -4.000000 -42.000000
v 17.500000 -4.000000 -40.000000
v -12.000000 -2.500000 -42.000000
v -2.000000 -2.500000 42.000000
v 0.000000 -2.500000 42.000000
v 1.000000 -2.500000 42.000000
v 2.000000 -2.500000 42.000000
v -17.000000 -2.000000 -39.000000
v -17.500000 -2.000000 -40.000000
v -17.000000 -2.000000 -38.500000
v -16.000000 -2.000000 -42.000000
v -16.000000 -2.000000 -40.500000
v -17.000000 -2.000000 -42.000000
v -16.000000 -2.000000 -42.500000
v -16.000000 -2.000000 -40.000000
v -16.500000 -2.000000 -39.000000
v -16.500000 -2.000000 -38.500000
v -12.500000 -2.000000 -38.500000
v -14.500000 -2.000000 -37.000000
v -13.000000 -2.000000 -52.500000
v 11.500000 -2.000000 -39.000000
v 11.500000 -2.000000 -38.500000
v -11.500000 -2.000000 -38.500000
v -11.500000 -2.000000 -39.000000
v -4.500000 -2.000000 25.500000
v -2.500000 -2.000000 41.500000
v -2.000000 -2.000000 -31.000000
v 2.500000 -2.000000 30.000000
v -1.500000 -2.000000 -31.000000
v -2.000000 -2.000000 30.500000
v 2.000000 -2.000000 32.000000
v -1.500000 -2.000000 41.000000
v -1.000000 -2.000000 -31.000000
v -1.500000 -2.000000 32.500000
v 1.500000 -2.000000 40.500000
v -1.500000 -2.000000 40.500000
v 1.000000 -2.000000 -31.000000
v 1.500000 -2.000000 -31.000000
v 1.500000 -2.000000 41.000000
v 2.000000 -2.000000 -31.000000
v 2.500000 -2.000000 41.500000
v 3.000000 -2.000000 26.500000
v 4.500000 -2.000000 25.500000
v 11.500000 -2.000000 -42.000000
v 13.000000 -2.000000 -52.500000
v 12.500000 -2.000000 -38.500000
v 14.500000 -2.000000 -37.000000
v 15.500000 -2.000000 -31.000000
v 16.000000 -2.000000 -42.500000
v 17.000000 -2.000000 -42.000000
v 16.000000 -2.000000 -40.500000
v 16.000000 -2.000000 -42.000000
v 16.500000 -2.000000 -39.000000
v 16.000000 -2.000000 -40.000000
v 16.500000 -2.000000 -38.500000
v 17.500000 -2.000000 -40.000000
v 17.000000 -2.000000 -39.000000
v 17.000000 -2.000000 -38.500000
v 18.000000 -1.500000 -42.000000
v -18.000000 -1.500000 -42.000000
v -17.500000 -1.500000 -33.500000
v -17.000000 -1.500000 -33.500000
v -16.500000 -1.500000 -39.000000
v -16.500000 -1.500000 -33.500000
v -17.000000 -1.500000 -39.000000
v -14.000000 -1.500000 -32.000000
v -15.000000 -1.500000 -32.000000
v -14.000000 -1.500000 -31.000000
v -15.000000 -1.500000 -31.000000
v -11.500000 -1.500000 -52.000000
v -12.000000 -1.500000 -52.000000
v -11.500000 -1.500000 -51.500000
v -12.000000 -1.500000 -51.500000
v -4.000000 -1.500000 26.000000
v -4.000000 -1.500000 27.000000
v -3.500000 -1.500000 -28.000000
v -3.500000 -1.500000 -30.500000
v -2.500000 -1.500000 -32.000000
v 2.500000 -1.500000 -32.000000
v 3.500000 -1.500000 -30.500000
v 3.500000 -1.500000 -28.000000
v 3.500000 -1.500000 -26.000000
v 4.000000 -1.500000 26.000000
v 4.000000 -1.500000 27.000000
v 12.000000 -1.500000 -52.000000
v 11.500000 -1.500000 -52.000000
v 12.000000 -1.500000 -51.500000
v 11.500000 -1.500000 -51.500000
v 15.000000 -1.500000 -32.000000
v 14.000000 -1.500000 -32.000000
v 16.000000 -1.500000 -30.500000
v 17.000000 -1.500000 -39.000000
v 17.000000 -1.500000 -33.500000
v 16.500000 -1.500000 -33.500000
v 16.500000 -1.500000 -39.000000
v 17.500000 -1.500000 -33.500000
v -9.000000 -1.000000 -40.000000
v -18.000000 -1.000000 -40.000000
v -12.500000 -1.000000 -31.500000
v -15.500000 -1.000000 -31.000000
v -13.500000 -1.000000 -52.000000
v -11.500000 -1.000000 -52.000000
v -11.500000 -1.000000 -39.500000
v -9.500000 -1.000000 -39.000000
v 5.000000 -1.000000 -41.500000
v -5.000000 -1.000000 -41.500000
v 4.000000 -1.000000 -39.000000
v -4.000000 -1.000000 -39.000000
v -3.500000 -1.000000 -32.000000
v -3.000000 -1.000000 -31.000000
v 3.000000 -1.000000 -31.000000
v 3.500000 -1.000000 -32.000000
v 18.000000 -1.000000 -40.000000
v 9.000000 -1.000000 -40.000000
v 11.500000 -1.000000 -39.500000
v 9.500000 -1.000000 -39.000000
v 11.500000 -1.000000 -52.000000
v 12.500000 -1.000000 -31.500000
v 15.500000 -1.000000 -31.000000
v 13.500000 -1.000000 -52.000000
v -16.000000 -0.500000 -51.500000
v -15.000000 -0.500000 -50.500000
v -14.000000 -0.500000 -50.000000
v -12.500000 -0.500000 -52.500000
v -12.500000 -0.500000 -51.500000
v 12.500000 -0.500000 -51.500000
v 12.500000 -0.500000 -52.500000
v 15.000000 -0.500000 -50.500000
v 14.000000 -0.500000 -50.000000
v 16.000000 -0.500000 -51.500000
v -14.000000 0.000000 -53.000000
v -11.500000 0.000000 -37.500000
v -12.500000 0.000000 -37.500000
v -10.500000 0.000000 -37.500000
v -10.500000 0.000000 -38.000000
v 10.500000 0.000000 -38.000000
v 10.500000 0.000000 -37.500000
v 12.500000 0.000000 -37.500000
v 14.000000 0.000000 -53.000000
v -13.000000 0.500000 -35.000000
v 11.500000 0.500000 -50.000000
v 11.500000 0.500000 -49.500000
v -11.500000 0.500000 -49.500000
v -11.500000 0.500000 -50.000000
v -11.000000 0.500000 -45.000000
v -11.000000 0.500000 -45.500000
v 11.000000 0.500000 -45.500000
v 11.000000 0.500000 -45.000000
v 13.000000 0.500000 -35.000000
v 15.500000 0.500000 -38.500000
v 12.000000 0.500000 -39.000000
v 15.500000 0.500000 -37.500000
v 12.500000 0.500000 -37.500000
v -12.000000 1.000000 -40.000000
v -12.000000 1.000000 -40.500000
v -2.500000 1.000000 -42.000000
v -11.000000 1.000000 -42.000000
v -1.500000 1.000000 51.500000
v 1.500000 1.000000 51.500000
v 11.000000 1.000000 -42.000000
v 2.500000 1.000000 -42.000000
v 12.000000 1.000000 -40.500000
v 12.000000 1.000000 -40.000000
v 15.000000 1.000000 -45.000000
v 14.000000 1.000000 -45.000000
v -3.000000 1.500000 49.500000
v -4.000000 1.500000 49.000000
v 4.000000 1.500000 49.000000
v 3.000000 1.500000 49.500000
v 14.000000 1.500000 -40.000000
v -2.500000 2.000000 50.000000
v -3.500000 2.000000 49.500000
v 3.500000 2.000000 49.500000
v 2.500000 2.000000 50.000000
v 4.500000 2.500000 -24.500000
v -4.500000 2.500000 -24.500000
v 15.500000 -6.500000 -38.500000
v -12.500000 -6.000000 -37.500000
v 12.500000 -6.000000 -37.500000
v 14.000000 -6.000000 -52.000000
v 14.500000 -6.000000 -52.000000
v 15.000000 -5.500000 -50.500000
v 14.000000 -5.500000 -50.000000
v -16.000000 -5.000000 -51.000000
v -13.000000 -5.000000 -51.500000
v 13.000000 -5.000000 -51.500000
v 16.000000 -5.000000 -51.000000
v -18.000000 -4.500000 -42.000000
v 18.000000 -4.500000 -42.000000
v -17.500000 -4.500000 -33.500000
v -17.000000 -4.500000 -33.500000
v 17.000000 -4.500000 -33.500000
v 17.500000 -4.500000 -33.500000
v -14.500000 -4.000000 -37.000000
v -13.000000 -4.000000 -52.500000
v 13.000000 -4.000000 -52.500000
v 14.500000 -4.000000 -37.000000
v -12.000000 -3.500000 -42.000000
v 12.000000 -3.500000 -42.000000
v -12.500000 -2.500000 -38.500000
v -9.500000 -2.500000 -46.500000
v -12.000000 -2.500000 -38.500000
v 12.000000 -2.500000 -38.500000
v 9.500000 -2.500000 -46.500000
v 12.500000 -2.500000 -38.500000
v -12.500000 -2.000000 -37.500000
v -8.000000 -2.000000 -35.000000
v -5.000000 -2.000000 -35.000000
v 2.000000 -2.000000 52.000000
v 5.000000 -2.000000 -35.000000
v 8.000000 -2.000000 -35.000000
v 12.500000 -2.000000 -37.500000
v 18.000000 -2.000000 -42.000000
v -18.000000 -1.500000 -41.000000
v 18.000000 -1.500000 -41.000000
v -14.000000 -1.500000 -31.500000
v -9.500000 -1.500000 -35.000000
v -8.500000 -1.500000 -35.500000
v -8.500000 -1.500000 -36.000000
v -7.500000 -1.500000 -36.000000
v -4.500000 -1.500000 -36.000000
v -4.500000 -1.500000 -35.500000
v 4.500000 -1.500000 -35.500000
v 4.500000 -1.500000 -36.000000
v 7.500000 -1.500000 -36.000000
v 8.500000 -1.500000 -36.000000
v 8.500000 -1.500000 -35.500000
v 9.500000 -1.500000 -35.000000
v 14.000000 -1.500000 -31.500000
v -17.500000 -1.000000 -33.500000
v -15.000000 -1.000000 -27.500000
v -13.000000 -1.000000 -30.500000
v -11.500000 -1.000000 -31.000000
v -9.500000 -1.000000 -37.500000
v -9.500000 -1.000000 -37.000000
v -9.500000 -1.000000 -36.500000
v -8.000000 -1.000000 -41.500000
v -6.000000 -1.000000 -41.500000
v -6.000000 -1.000000 -43.500000
v -4.500000 -1.000000 -44.500000
v -3.500000 -1.000000 -37.000000
v 4.500000 -1.000000 -44.500000
v 3.500000 -1.000000 -37.000000
v 11.500000 -1.000000 -31.000000
v 9.500000 -1.000000 -37.500000
v 6.000000 -1.000000 -43.500000
v 6.000000 -1.000000 -41.500000
v 8.000000 -1.000000 -41.500000
v 9.500000 -1.000000 -37.000000
v 9.500000 -1.000000 -36.500000
v 12.000000 -1.000000 -52.000000
v 13.000000 -1.000000 -30.500000
v 15.000000 -1.000000 -27.500000
v 17.500000 -1.000000 -33.500000
v -16.500000 -0.500000 -44.000000
v -11.500000 -0.500000 -34.500000
v -3.500000 -0.500000 -45.000000
v 3.500000 -0.500000 -45.000000
v 11.500000 -0.500000 -34.500000
v 16.500000 -0.500000 -44.000000
v -17.000000 0.000000 -37.500000
v -14.000000 0.000000 -31.500000
v -12.500000 0.000000 -52.500000
v 11.000000 0.000000 -36.500000
v 16.000000 0.000000 -38.000000
v 12.500000 0.000000 -52.500000
v 16.000000 0.000000 -37.500000
v 14.000000 0.000000 -31.500000
v 17.000000 0.000000 -37.500000
v -15.500000 0.500000 -51.000000
v -13.500000 0.500000 -51.000000
v -13.500000 0.500000 -50.000000
v -13.000000 0.500000 -46.000000
v -12.000000 0.500000 -50.000000
v -11.500000 0.500000 -48.500000
v -11.000000 0.500000 -37.500000
v -2.500000 0.500000 -44.500000
v 2.500000 0.500000 -44.500000
v 12.000000 0.500000 -50.000000
v 11.500000 0.500000 -48.500000
v 13.500000 0.500000 -50.000000
v 13.000000 0.500000 -46.500000
v 13.500000 0.500000 -51.000000
v 15.500000 0.500000 -51.000000
v 14.000000 0.500000 -45.000000
v 15.000000 0.500000 -45.000000
v -13.500000 1.000000 -42.000000
v -12.500000 1.000000 -41.000000
v -13.500000 1.000000 -35.000000
v -12.500000 1.000000 -40.500000
v -13.500000 1.000000 -38.500000
v -13.500000 1.000000 -37.000000
v -13.000000 1.000000 -35.000000
v -12.500000 1.000000 -45.500000
v -11.500000 1.000000 -43.500000
v -12.000000 1.000000 -45.500000
v -11.500000 1.000000 -42.000000
v 13.000000 1.000000 -35.000000
v 11.500000 1.000000 -42.000000
v 12.000000 1.000000 -45.500000
v 11.500000 1.000000 -43.500000
v 12.500000 1.000000 -45.500000
v 12.500000 1.000000 -40.500000
v 13.500000 1.000000 -38.500000
v 14.000000 1.000000 -40.500000
v 13.500000 1.000000 -37.000000
v 13.500000 1.000000 -42.000000
v 14.000000 1.000000 -40.000000
v -14.500000 1.500000 -35.500000
v -1.500000 1.500000 -44.000000
v -0.500000 1.500000 -44.000000
v 0.500000 1.500000 -44.000000
v 1.500000 1.500000 -44.000000
v 14.500000 1.500000 -35.500000
v -5.000000 2.000000 -24.000000
v 5.000000 2.000000 -24.000000
v -2.500000 2.500000 50.000000
v 3.000000 2.500000 50.000000
v -2.000000 3.000000 48.500000
v -2.000000 3.000000 49.000000
v 0.000000 3.000000 49.000000
v 0.000000 3.000000 48.500000
v -3.000000 3.500000 47.500000
v 3.000000 3.500000 47.500000
v 0.500000 4.000000 -39.500000
v 1.500000 4.000000 -39.500000
v -1.000000 4.500000 -38.500000
v 1.500000 4.500000 -38.000000
v -3.500000 5.000000 43.500000
v -3.000000 5.000000 43.500000
v -2.500000 5.000000 43.500000
v -2.000000 5.000000 43.500000
v -1.500000 5.000000 43.500000
v 1.000000 5.000000 -37.500000
v -1.000000 5.000000 37.500000
v -1.000000 5.000000 43.500000
v 1.000000 5.000000 37.500000
v 1.000000 5.000000 43.500000
v 2.000000 5.000000 -37.500000
v 1.500000 5.000000 43.500000
v 2.000000 5.000000 43.500000
v 2.500000 5.000000 43.500000
v 3.000000 5.000000 43.500000
v 3.500000 5.000000 43.500000
v -2.500000 5.500000 -17.500000
v -1.500000 5.500000 20.500000
v 1.500000 5.500000 20.500000
v -1.500000 5.500000 21.000000
v 1.500000 5.500000 21.000000
v 2.500000 5.500000 -17.500000
v -2.500000 6.000000 -18.500000
v 0.500000 6.000000 -18.500000
v -1.500000 6.000000 17.500000
v -1.500000 6.000000 -36.000000
v 1.500000 6.000000 -36.000000
v -1.000000 6.000000 18.500000
v -0.500000 6.000000 18.500000
v 0.500000 6.000000 18.500000
v 1.000000 6.000000 -18.500000
v 1.000000 6.000000 18.500000
v 2.500000 6.000000 -18.500000
v -2.500000 6.500000 -14.000000
v -2.000000 6.500000 15.500000
v 0.500000 6.500000 15.500000
v -1.500000 6.500000 16.000000
v 0.500000 6.500000 16.000000
v -0.500000 6.500000 23.500000
v 0.500000 6.500000 23.500000
v 1.000000 6.500000 16.000000
v 2.500000 6.500000 -14.000000
v -3.000000 7.000000 -12.000000
v -2.000000 7.000000 -12.000000
v -1.000000 7.000000 -12.000000
v -1.000000 7.000000 8.500000
v -1.000000 7.000000 -12.500000
v 1.000000 7.000000 -12.500000
v -1.000000 7.000000 8.000000
v 2.000000 7.000000 -12.500000
v -2.500000 7.500000 -10.000000
v -0.500000 7.500000 -10.000000
v -2.500000 7.500000 -9.500000
v 0.000000 7.500000 5.000000
v 0.000000 7.500000 5.500000
v 0.000000 7.500000 29.000000
v 0.500000 7.500000 29.000000
v 2.000000 7.500000 5.000000
v 3.000000 7.500000 -8.500000
v -1.500000 8.000000 2.500000
v -1.500000 8.000000 -7.000000
v 1.500000 8.000000 -7.000000
v 1.500000 8.000000 2.500000
v -1.000000 8.000000 32.000000
v -1.000000 8.500000 0.000000
v 1.000000 8.500000 0.000000
v -0.500000 8.500000 37.000000
v -3.500000 9.000000 -21.000000
v 3.500000 9.000000 -21.000000
v 3.000000 9.500000 -28.500000
v -3.000000 10.000000 -21.000000
v -2.500000 10.000000 -21.000000
v -1.500000 10.000000 -21.000000
v 1.500000 10.000000 -21.000000
v 2.500000 10.000000 -21.000000
v 3.000000 10.000000 -21.000000
v -16.000000 -5.500000 -53.000000
v -16.000000 -5.000000 -53.000000
v -15.000000 0.500000 -53.000000
v -13.000000 0.000000 -53.000000
v -12.000000 -1.500000 -53.000000
v 15.000000 0.500000 -53.000000
v 16.000000 -5.500000 -53.000000
v 16.000000 -5.000000 -53.000000
v -12.000000 -1.000000 -52.500000
v -11.000000 -0.500000 -52.500000
v 11.000000 -0.500000 -52.500000
v 13.000000 -5.500000 -52.000000
v -11.500000 -5.500000 -51.500000
v 11.500000 -5.500000 -51.500000
v 14.500000 -6.500000 -49.500000
v 15.000000 1.000000 -49.500000
v -17.000000 -2.500000 -47.000000
v -17.000000 -2.000000 -47.000000
v -9.000000 -3.000000 -47.000000
v -8.500000 -2.000000 -47.000000
v 8.500000 -2.000000 -47.000000
v 9.000000 -3.000000 -47.000000
v 17.000000 -2.500000 -47.000000
v 17.000000 -2.000000 -47.000000
v -3.500000 -3.000000 -46.500000
v -3.500000 -2.500000 -46.500000
v -2.500000 -2.500000 -46.500000
v 2.500000 -2.500000 -46.500000
v 3.500000 -3.000000 -46.500000
v -7.000000 -2.000000 -46.000000
v -5.500000 -2.000000 -46.000000
v 5.500000 -2.000000 -46.000000
v 7.000000 -2.000000 -46.000000
v -2.000000 1.000000 -45.500000
v -3.000000 -1.000000 -45.500000
v 2.000000 1.000000 -45.500000
v 3.000000 -1.000000 -45.500000
v -17.500000 -2.000000 -42.000000
v 14.000000 -6.500000 -41.500000
v 15.000000 -6.500000 -41.500000
v -18.000000 -2.000000 -40.500000
v -18.000000 -4.500000 -39.000000
v -18.000000 -1.500000 -39.000000
v 18.000000 -4.500000 -39.000000
v 18.000000 -1.500000 -39.000000
v -15.000000 -2.500000 -38.500000
v 15.000000 -2.500000 -38.500000
v -11.500000 -4.500000 -31.500000
v 11.500000 -4.500000 -31.500000
v 14.000000 -1.000000 -31.000000
v 15.000000 -1.000000 -31.000000
v 12.500000 -1.500000 -30.500000
v 12.500000 -2.000000 -30.500000
v 3.500000 9.500000 -29.000000
v -4.500000 -2.500000 43.000000
v 4.500000 -2.500000 43.000000
v 1.000000 -7.000000 46.500000
v 2.500000 -7.000000 46.500000
v -2.500000 -8.000000 47.000000
v -11.000000 -0.500000 -51.500000
v 11.000000 -0.500000 -51.500000
v -17.000000 -1.500000 -42.500000
v -16.500000 -1.500000 -42.500000
v 11.500000 -1.500000 -42.500000
v 12.000000 -1.500000 -42.500000
v 16.500000 -1.500000 -42.500000
v 17.000000 -1.500000 -42.500000
v -13.000000 -6.500000 -42.000000
v -12.000000 -6.500000 -42.000000
v 12.000000 -6.500000 -42.000000
v 13.000000 -6.500000 -42.000000
v 14.000000 -6.500000 -42.000000
v 15.000000 -6.500000 -42.000000
v -11.000000 1.500000 -41.500000
v 11.000000 1.500000 -41.500000
v -17.500000 -1.500000 -40.500000
v -17.000000 -1.500000 -40.500000
v 17.000000 -1.500000 -40.500000
v 17.500000 -1.500000 -40.500000
v 15.500000 -6.000000 -39.000000
v -8.500000 -2.000000 -35.000000
v -5.500000 -2.000000 -35.000000
v 5.500000 -2.000000 -35.000000
v 8.500000 -2.000000 -35.000000
v -10.500000 -2.000000 -34.500000
v -3.500000 -3.000000 -34.500000
v -3.000000 -2.000000 -34.500000
v 3.000000 -2.000000 -34.500000
v 3.500000 -3.000000 -34.500000
v 10.500000 -2.000000 -34.500000
v -3.500000 -3.000000 -34.000000
v -2.500000 -2.500000 -34.000000
v 3.500000 -3.000000 -34.000000
v 2.500000 -2.500000 -34.000000
v -1.000000 -3.000000 -33.500000
v 1.000000 -3.000000 -33.500000
v -15.500000 -4.500000 -31.500000
v 15.500000 -4.500000 -31.500000
v 1.000000 9.000000 -21.000000
v 2.000000 9.000000 -21.000000
v -2.000000 8.500000 -20.500000
v -2.000000 8.000000 -20.500000
v -3.000000 0.000000 50.000000
v 3.000000 0.000000 50.000000
v -4.000000 -1.000000 51.000000
v -2.500000 -8.500000 51.000000
v -2.000000 2.000000 51.000000
v -1.500000 2.000000 51.000000
v 1.500000 2.000000 51.000000
v 2.000000 2.000000 51.000000
v 2.500000 -8.500000 51.000000
v 4.000000 -1.000000 51.000000
v -3.000000 -7.500000 51.500000
v -1.500000 -8.500000 51.500000
v 1.500000 -8.500000 51.500000
v 3.000000 -7.500000 51.500000
v -3.500000 -2.500000 52.000000
v -2.000000 -1.500000 52.000000
v 0.000000 0.500000 52.000000
v -1.000000 1.500000 52.000000
v 0.000000 1.500000 52.000000
v 0.500000 1.500000 52.000000
v 0.500000 0.500000 52.000000
v 1.000000 1.500000 52.000000
v 3.500000 -2.500000 52.000000
v -4.000000 -3.000000 52.500000
v -2.500000 -6.000000 52.500000
v -3.000000 -2.000000 52.500000
v 2.000000 -6.000000 52.500000
v 2.500000 -6.000000 52.500000
v 3.000000 -2.000000 52.500000
v 4.000000 -3.000000 52.500000
v -2.500000 -2.500000 53.000000
v 0.500000 -1.500000 53.000000
v 1.000000 -1.500000 53.000000
v 2.500000 -2.500000 53.000000
f 1 2 3 4
f 5 6 7 8
f 9 10 11 12
f 6 13 14 15
f 16 17 18 19
f 13 20 21 22
f 23 24 25 26
f 27 28 29 30
f 31 32 33 34
f 35 36 37 38
f 39 40 41 42
f 43 44 45 46
f 47 48 49 50
f 51 52 53 47
f 54 55 56 51
f 57 58 59 40
f 45 60 61 62
f 63 64 65 44
f 64 66 60 67
f 66 68 69 70
f 71 72 73 74
f 75 76 77 71
f 68 78 79 80
f 48 81 82 83
f 84 85 86 87
f 79 88 89 72
f 90 91 85 92
f 93 94 95 96
f 95 97 98 99
f 100 101 102 103
f 104 105 106 107
f 108 109 110 111
f 112 113 114 115
f 116 117 118 119
f 120 121 122 123
f 124 125 126 127
f 128 129 130 131
f 132 133 134 128
f 125 135 136 137
f 138 139 140 141
f 142 143 135 144
f 145 146 147 148
f 149 150 151 152
f 153 154 155 156
f 146 157 158 159
f 160 161 162 163
f 164 165 166 167
f 168 169 170 171
f 172 173 174 175
f 176 177 178 179
f 180 181 182 183
f 184 185 186 187
f 188 189 190 191
f 192 193 194 195
f 196 197 198 192
f 199 200 193 201
f 202 203 204 205
f 206 207 208 209
f 210 211 212 213
f 214 215 216 217
f 215 218 219 220
f 221 222 223 224
f 218 225 226 227
f 222 228 229 230
f 228 231 232 233
f 231 234 235 236
f 225 237 238 239
f 234 240 241 242
f 243 244 237 245
f 246 247 248 249
f 250 251 252 253
f 254 255 256 257
f 258 259 260 254
f 261 262 263 258
f 264 265 266 261
f 267 268 269 270
f 271 272 273 274
f 275 276 277 278
f 276 279 280 281
f 282 283 284 285
f 286 287 288 289
f 290 291 292 293
f 294 295 296 283
f 297 298 299 300
f 296 301 302 303
f 304 305 306 307
f 308 309 310 311
f 312 313 314 315
f 316 317 318 319
f 320 321 322 323
f 324 325 326 327
f 328 329 330 301
f 331 332 333 334
f 330 335 336 337
f 338 339 340 341
f 342 343 255 344
f 345 346 347 348
f 349 350 351 352
f 353 354 355 356
f 357 358 359 360
f 361 362 363 364
f 365 366 367 368
f 369 370 371 372
f 373 374 375 366
f 376 377 378 374
f 379 380 381 377
f 382 383 384 385
f 386 387 388 389
f 390 391 392 393
f 388 394 395 396
f 391 397 398 399
f 400 401 402 403
f 404 405 406 407
f 408 409 410 401
f 405 411 412 413
f 414 415 416 417
f 416 418 419 420
f 421 422 423 424
f 419 425 426 427
f 428 429 430 431
f 432 433 434 435
f 436 437 438 439
f 440 441 442 443
f 444 445 446 447
f 448 449 450 441
f 451 452 453 449
f 454 455 456 457
f 458 459 460 461
f 462 463 464 465
f 466 467 468 469
f 470 471 472 473
f 467 474 475 476
f 477 478 479 480
f 481 482 483 484
f 485 486 487 488
f 483 489 490 491
f 492 493 494 495
f 496 497 498 499
f 500 501 502 503
f 504 505 506 507
f 508 509 510 511
f 512 513 514 515
f 516 517 518 519
f 520 521 522 523
f 524 525 526 527
f 528 529 530 531
f 532 533 534 535
f 536 537 538 539
f 540 541 542 533
f 537 543 544 545
f 546 547 548 549
f 550 551 552 553
f 554 555 556 557
f 552 558 559 560
f 555 561 562 563
f 559 564 565 566
f 567 568 569 570
f 571 572 573 574
f 575 576 577 578
f 579 580 581 582
f 583 584 585 586
f 587 588 589 590
f 591 592 593 594
f 595 596 597 598
f 599 600 601 595
f 602 603 600 604
f 605 606 607 608
f 600 609 610 611
f 610 612 613 614
f 615 616 617 618
f 619 620 621 622
f 623 624 625 626
f 627 628 629 630
f 631 632 633 634
f 635 636 637 638
f 639 640 641 642
f 643 644 645 646
f 647 648 649 650
f 651 652 653 654
f 655 656 657 658
f 659 660 661 662
f 663 664 665 666
f 667 668 669 670
f 671 672 673 674
f 675 676 677 678
f 679 680 681 682
f 683 684 685 686
f 687 688 689 690
f 689 691 692 693
f 694 695 696 697
f 698 699 700 701
f 702 703 704 705
f 706 707 708 699
f 709 710 711 712
f 713 714 715 716
f 717 718 719 720
f 721 722 723 724
f 725 726 727 728
f 729 730 731 732
f 733 734 735 736
f 737 738 739 740
f 741 742 743 744
f 745 746 747 748
f 749 750 751 752
f 753 754 755 756
f 757 758 759 760
f 761 762 763 764
f 765 766 767 768
f 769 770 771 772
f 773 774 775 776
f 777 778 779 773
f 780 781 782 783
f 784 785 786 787
f 788 789 790 791
f 792 793 794 795
f 796 797 798 799
f 800 801 802 803
f 804 805 806 807
f 808 809 810 811
f 812 813 814 815
f 816 817 818 819
f 820 821 822 823
f 824 825 826 827
f 828 829 830 831
f 832 833 834 835
f 836 837 838 839
f 840 841 842 843
f 844 845 833 846
f 847 848 849 850
f 851 852 853 854
f 855 856 857 858
f 859 860 861 862
f 863 864 865 866
f 867 868 869 870
f 871 872 873 874
f 875 876 877 878
f 879 880 881 882
f 883 884 885 886
f 887 888 889 890
f 891 892 893 894
f 895 896 897 898
f 899 900 901 902
f 893 903 904 905
f 901 906 907 892
f 908 909 910 900
f 909 911 912 913
f 914 915 916 917
f 911 918 919 920
f 916 921 922 903
f 923 924 925 926
f 919 927 928 915
f 929 930 931 921
f 928 932 933 934
f 935 936 937 938
f 939 940 941 942
f 943 944 945 946
f 947 948 949 950
f 951 952 953 954
f 955 956 957 958
f 959 960 961 962
f 963 964 965 966
f 967 968 969 970
f 961 971 972 973
f 964 974 975 976
f 977 978 979 980
f 969 981 982 983
f 972 984 985 968
f 979 986 987 974
f 988 989 990 978
f 991 992 993 994
f 995 996 997 998
f 999 1000 1001 1002
f 997 1003 1004 1005
f 1006 1007 1008 996
f 1001 1009 1010 1011
f 990 1012 1013 1000
f 1008 1014 1015 1003
f 1016 1017 1018 1019
f 1013 1020 1021 1009
f 1022 1023 1024 1025
f 1026 1027 1028 1029
f 1028 1030 1031 1023
f 1032 1033 1034 1035
f 1036 1037 1038 1039
f 1040 1041 1042 1043
f 1044 1045 1046 1047
f 1048 1049 1050 1051
f 1052 1053 1045 1054
f 1053 1055 1056 1057
f 1058 1059 1060 1061
f 1055 1062 1063 1064
f 1059 1065 1066 1067
f 1068 1069 1070 1071
f 1072 1073 1074 1075
f 1076 1077 1078 1079
f 1080 1081 1082 1083
f 1084 1085 1086 1087
f 1088 1089 1090 1091
f 1092 1093 1094 1095
f 1096 1097 1098 1099
f 1100 1101 1102 1103
f 1094 1104 1105 1106
f 1107 1108 1109 1110
f 1089 1111 1112 1113
f 1104 1114 1115 1116
f 1108 1117 1118 1119
f 1120 1121 1122 1123
f 1124 1125 1126 1120
f 1127 1128 1129 1124
f 1130 1131 1132 1127
f 1133 1134 1135 1130
f 1136 1137 1138 1133
f 1139 1140 1141 1136
f 1111 1142 1143 1139
f 1114 1144 1145 1146
f 1117 1147 1148 1149
f 1150 1151 1152 1153
f 1154 1155 1156 1157
f 1158 1159 1160 1151
f 1161 1162 1163 1164
f 1165 1166 1167 1159
f 1163 1168 1169 1170
f 1171 1172 1173 1174
f 1175 1176 1177 1178
f 1179 1180 1181 1172
f 1182 1183 1184 1185
f 1186 1187 1188 1189
f 1190 1191 1192 1193
f 1194 1195 1196 1197
f 1198 1199 1200 1201
f 1202 1203 1204 1205
f 1206 1207 1208 1209
f 1210 1211 1203 1212
f 1213 1214 1215 1216
f 1217 1218 1219 1220
f 1208 1221 1222 1223
f 1218 1224 1225 1226
f 1227 1228 1229 1230
f 1221 1231 1232 1233
f 1224 1234 1235 1236
f 1237 1238 1239 1224
f 1240 1241 1242 1243
f 1244 1245 1246 1247
f 1248 1249 1250 1251
f 1252 1253 1254 1248
f 1235 1255 1256 1257
f 1258 1259 1260 1261
f 1250 1262 1263 1264
f 1265 1266 1267 1268
f 1269 1270 1271 1265
f 1256 1272 1273 1269
f 1274 1275 1276 1277
f 1278 1279 1280 1281
f 1282 1283 1284 1285
f 1286 1287 1288 1289
f 1290 1291 1292 1293
f 1294 1295 1296 1297
f 1298 1299 1300 1301
f 1284 1302 1303 1304
f 1305 1306 1307 1308
f 1309 1310 1311 1312
f 1292 1313 1314 1315
f 1313 1316 1317 1318
f 1267 1319 1320 1321
f 1322 1323 1324 1325
f 1320 1326 1327 1328
f 1329 1330 1331 1332
f 1333 1334 1335 1336
f 1326 1337 1338 1339
f 1340 1341 1342 1343
f 1344 1345 1346 1347
f 1348 1349 1350 1351
f 1352 1353 1354 1355
f 1346 1356 1357 1358
f 1359 1360 1361 1362
f 1363 1364 1365 1366
f 1357 1367 1368 1369
f 1370 1371 1372 1373
f 1374 1375 1376 1364
f 1368 1377 1378 1379
f 1316 1380 1381 1382
f 1383 1384 1385 1386
f 1387 1388 1389 1390
f 1391 1392 1393 1394
f 1395 1396 1397 1380
f 1398 1399 1400 1401
f 1402 1403 1404 1405
f 1406 1407 1408 1409
f 1400 1410 1396 1411
f 1412 1413 1414 1415
f 1416 1417 1418 1419
f 1418 1420 1421 1413
f 1422 1423 1424 1425
f 1426 1427 1428 1429
f 1430 1431 1432 1433
f 1434 1435 1436 1437
f 1438 1439 1440 1441
f 1442 1443 1444 1445
f 1446 1447 1448 1449
f 1439 1450 1451 1452
f 1443 1453 1454 1455
f 1456 1457 1458 1459
f 1460 1461 1462 1463
f 1464 1465 1466 1467
f 1466 1468 1469 1470
f 1471 1472 1473 1474
f 1475 1476 1477 1478
f 1479 1480 1481 1482
f 1473 1483 1484 1485
f 1486 1487 1488 1489
f 1490 1491 1492 1493
f 1477 1494 1495 1496
f 1481 1497 1498 1499
f 1500 1501 1502 1503
f 1504 1505 1506 1507
f 1508 1509 1510 1511
f 1495 1512 1513 1514
f 1515 1516 1517 1518
f 1519 1520 1521 1522
f 1506 1523 1524 1525
f 1526 1527 1528 1529
f 1530 1531 1532 1533
f 1534 1535 1536 1537
f 1538 1539 1540 1541
f 1542 1543 1544 1545
f 1546 1547 1535 1548
f 1543 1549 1550 1551
f 1552 1553 1554 1555
f 1556 1557 1558 1559
f 1527 1560 1561 1562
f 1563 1564 1565 1566
f 1567 1568 1569 1570
f 1571 1572 1573 1574
f 1575 1576 1577 1578
f 1579 1580 1581 1582
f 1583 1584 1585 1586
f 1587 1588 1589 1590
f 1591 1592 1593 1594
f 1585 1595 1596 1597
f 1598 1599 1600 1601
f 1593 1602 1603 1604
f 1605 1606 1607 1608
f 1609 1610 1611 1612
f 1613 1614 1615 1616
f 1603 1617 1618 1619
f 1620 1621 1622 1623
f 1624 1625 1626 1627
f 1628 1629 1630 1614
f 1618 1631 1632 1633
f 1621 1634 1635 1636
f 1637 1638 1639 1640
f 1641 1642 1643 1629
f 1632 1644 1645 1646
f 1647 1648 1649 1650
f 1651 1652 1653 1654
f 1655 1656 1657 1658
f 1659 1660 1661 1662
f 1663 1664 1665 1666
f 1667 1668 1669 1670
f 1671 1672 1673 1674
f 1675 1676 1677 1678
f 1679 1680 1681 1682
f 1683 1684 1685 1686
f 1687 1688 1689 1690
f 1691 1692 1693 1694
f 1695 1696 1697 1698
f 1697 1699 1700 1701
f 1702 1703 1704 1705
f 1706 1707 1708 1709
f 1703 1710 1711 1712
f 1713 1714 1715 1716
f 1717 1718 1719 1710
f 1720 1721 1722 1723
f 1722 1724 1725 1726
f 1727 1728 1729 1730
f 1731 1732 1733 1734
f 1735 1736 1737 1738
f 1739 1740 1741 1742
f 1743 1744 1745 1746
f 1747 1748 1749 1750
f 1745 1751 1752 1753
f 1749 1754 1755 1756
f 1752 1757 1758 1759
f 1760 1761 1762 1763
f 1764 1765 1766 1767
f 1768 1769 1770 1771
f 1758 1772 1773 1774
f 1775 1776 1777 1778
f 1779 1780 1781 1782
f 1783 1784 1785 1786
f 1773 1787 1788 1789
f 1790 1791 1792 1793
f 1794 1795 1796 1797
f 1798 1799 1800 1801
f 1802 1803 1804 1805
f 1806 1807 1808 1809
f 1810 1811 1812 1813
f 1814 1815 1816 1817
f 1818 1819 1820 1821
f 1822 1823 1824 1825
f 1811 1826 1827 1828
f 1815 1829 1830 1831
f 1832 1833 1834 1815
f 1835 1836 1837 1838
f 1839 1840 1841 1842
f 1843 1844 1845 1846
f 1829 1847 1848 1849
f 1850 1851 1852 1853
f 1854 1855 1856 1857
f 1858 1859 1860 1861
f 1862 1863 1851 1864
f 1865 1866 1867 1868
f 1869 1870 1871 1872
f 1873 1874 1875 1876
f 1877 1878 1879 1880
f 1881 1882 1883 1884
f 1871 1885 1886 1887
f 1888 1889 1874 1890
f 1891 1892 1893 1894
f 1895 1896 1897 1898
f 1899 1900 1901 1902
f 1903 1904 1889 1905
f 1906 1907 1908 1909
f 1910 1911 1912 1913
f 1914 1915 1916 1917
f 1918 1919 1904 1920
f 1908 1921 1922 1923
f 1924 1925 1926 1927
f 1928 1929 1930 1931
f 1932 1933 1934 1928
f 1935 1936 1937 1938
f 1939 1940 1941 1942
f 1943 1944 1945 1946
f 1947 1948 1949 1950
f 1951 1952 1953 1954
f 1955 1956 1957 1958
f 1959 1960 1961 1962
f 1963 1964 1965 1966
f 1919 1967 1968 1963
f 1969 1970 1971 1972
f 1973 1974 1975 1976
f 1977 1978 1979 1980
f 1981 1982 1983 1984
f 1985 1986 1987 1988
f 1989 1990 1991 1985
f 1978 1992 1993 1994
f 1992 1995 1996 1997
f 1998 1999 2000 2001
f 2002 2003 2004 2005
f 2006 2007 1999 2008
f 2009 2010 2011 2012
f 2013 2014 2015 2016
f 2017 2018 2019 2020
f 2021 2022 2014 2023
f 2015 2024 2025 2026
f 2027 2028 2029 2030
f 2031 2032 2033 2034
f 2035 2036 2037 2038
f 2039 2040 2041 2042
f 2043 2044 2045 2046
f 2047 2048 2049 2050
f 2051 2052 2053 2054
f 2055 2056 2057 2058
f 2059 2060 2061 2062
f 2063 2064 2065 2066
f 2067 2068 2069 2070
f 2071 2072 2073 2074
f 2075 2076 2077 2078
f 2065 2079 2080 2081
f 2082 2083 2084 2085
f 2086 2087 2088 2089
f 2090 2091 2068 2092
f 2093 2094 2095 2096
f 2097 2098 2099 2100
f 2080 2101 2102 2097
f 2084 2103 2104 2105
f 2106 2107 2108 2109
f 2110 2111 2112 2113
f 2104 2114 2115 2116
f 2117 2118 2119 2120
f 2121 2122 2123 2124
f 2125 2126 2127 2128
f 2129 2130 2131 2132
f 2133 2134 2135 2136
f 2122 2137 2138 2139
f 2140 2141 2126 2142
f 2143 2144 2145 2146
f 2111 2147 2148 2143
f 2149 2150 2151 2152
f 2153 2154 2155 2137
f 2156 2157 2158 2159
f 2131 2160 2161 2162
f 2163 2164 2165 2166
f 2157 2167 2168 2169
f 2144 2170 2171 2172
f 2160 2173 2174 2175
f 2176 2177 2178 2179
f 2180 2181 2167 2182
f 2183 2184 2185 2186
f 2181 2187 2188 2189
f 2187 2190 2191 2192
f 2193 2194 2195 2196
f 2190 2197 2198 2199
f 2200 2201 2202 2203
f 2204 2205 2206 2207
f 2208 2209 2210 2211
f 2212 2213 2214 2215
f 2194 2216 2217 2218
f 2219 2220 2221 2222
f 2223 2224 2225 2226
f 2227 2228 2229 2230
f 2231 2232 2233 2234
f 2216 2235 2236 2237
f 2229 2238 2239 2240
f 2235 2241 2242 2243
f 2244 2245 2246 2247
f 2248 2249 2250 2244
f 2251 2252 2253 2254
f 2255 2256 2257 2258
f 2259 2260 2261 2252
f 2262 2263 2264 2265
f 2241 2266 2267 2268
f 2269 2270 2271 2272
f 2273 2274 2275 2276
f 2277 2278 2279 2280
f 2281 2282 2283 2284
f 2285 2286 2287 2288
f 2278 2289 2290 2291
f 2292 2293 2294 2295
f 2296 2297 2298 2299
f 2300 2301 2289 2302
f 2301 2303 2304 2305
f 2306 2307 2308 2309
f 2307 2310 2311 2312
f 2313 2314 2315 2316
f 2317 2318 2319 2320
f 2321 2322 2323 2324
f 2325 2326 2327 2321
f 2328 2329 2330 2318
f 2331 2332 2333 2334
f 2335 2336 2337 2338
f 2339 2340 2341 2342
f 2341 2343 2344 2345
f 2346 2347 2348 2349
f 2344 2350 2351 2352
f 2353 2354 2355 2356
f 2351 2357 2358 2359
f 2360 2361 2354 2362
f 2363 2364 2365 2366
f 2367 2368 2369 2361
f 2370 2371 2372 2373
f 2374 2375 2376 2377
f 2378 2379 2380 2381
f 2382 2383 2384 2385
f 2386 2387 2388 2389
f 2390 2391 2392 2393
f 2394 2395 2396 2397
f 2392 2398 2399 2400
f 2401 2402 2403 2404
f 2395 2405 2406 2407
f 2408 2409 2410 2402
f 2411 2412 2413 2414
f 2399 2415 2416 2417
f 2418 2419 2420 2421
f 2422 2423 2424 2425
f 2412 2426 2427 2422
f 2428 2429 2430 2431
f 2432 2433 2434 2435
f 2436 2437 2438 2439
f 2440 2441 2442 2433
f 2423 2443 2444 2445
f 2446 2447 2448 2449
f 2450 2451 2452 2453
f 2451 2454 2455 2456
f 2457 2458 2459 2460
f 2461 2462 2463 2464
f 2465 2466 2443 2467
f 2462 2468 2469 2470
f 2471 2472 2473 2474
f 2475 2476 2477 2478
f 2479 2480 2481 2482
f 2476 2483 2484 2485
f 2486 2487 2488 2489
f 2490 2491 2492 2493
f 2494 2495 2496 2497
f 2498 2499 2500 2501
f 2502 2503 2504 2505
f 2506 2507 2508 2509
f 2510 2511 2512 2513
f 2503 2514 2515 2516
f 2517 2518 2519 2507
f 2520 2521 2522 2523
f 2524 2525 2526 2527
f 2528 2529 2530 2531
f 2532 2533 2534 2535
f 2536 2537 2538 2539
f 2540 2541 2542 2543
f 2544 2545 2546 2547
f 2548 2549 2550 2551
f 2552 2553 2554 2555
f 2545 2556 2557 2558
f 2559 2560 2561 2556
f 2562 2563 2564 2560
f 2565 2566 2567 2563
f 2568 2569 2570 2571
f 2569 2572 2573 2574
f 2575 2576 2577 2578
f 2572 2579 2580 2581
f 2582 2583 2584 2585
f 2586 2587 2588 2583
f 2589 2590 2591 2592
f 2593 2594 2595 2596
f 2597 2598 2599 2600
f 2601 2602 2603 2604
f 2595 2605 2606 2607
f 2608 2609 2610 2611
f 2612 2613 2614 2615
f 2606 2616 2617 2618
f 2619 2620 2621 2622
f 2623 2624 2625 2626
f 2617 2627 2628 2629
f 2630 2631 2632 2620
f 2633 2634 2635 2631
f 2628 2636 2637 2638
f 2639 2640 2641 2642
f 2643 2644 2645 2646
f 2637 2647 2648 2649
f 2650 2651 2652 2653
f 2654 2655 2656 2657
f 2658 2659 2660 2661
f 2662 2663 2664 2665
f 2666 2667 2668 2669
f 2670 2671 2672 2673
f 2674 2675 2676 2677
f 2678 2679 2680 2681
f 2682 2683 2684 2679
f 2685 2686 2687 2688
f 2689 2690 2691 2692
f 2693 2694 2695 2683
f 2696 2697 2698 2699
f 2700 2701 2702 2703
f 2691 2704 2705 2706
f 2707 2708 2709 2694
f 2710 2711 2712 2697
f 2713 2714 2715 2716
f 2717 2718 2719 2720
f 2721 2722 2723 2724
f 2725 2726 2727 2728
f 2729 2730 2731 2732
f 2733 2734 2735 2736
f 2737 2738 2739 2740
f 2741 2742 2743 2744
f 2734 2745 2746 2747
f 2748 2749 2750 2751
f 2752 2753 2754 2755
f 2756 2757 2758 2759
f 2760 2761 2762 2763
f 2764 2765 2766 2767
f 2768 2769 2770 2771
f 2772 2773 2774 2775
f 2776 2777 2778 2779
f 2780 2781 2782 2783
f 2784 2785 2786 2787
f 2788 2789 2790 2785
f 2791 2792 2793 2794
f 2795 2796 2797 2798
f 2799 2800 2801 2796
f 2802 2803 2804 2805
f 2806 2807 2808 2800
f 2809 2810 2811 2807
f 2812 2813 2814 2810
f 2815 2816 2817 2813
f 2818 2819 2820 2816
f 2821 2822 2823 2819
f 2824 2825 2826 2822
f 2827 2828 2829 2830
f 2831 2832 2833 2834
f 2835 2836 2837 2828
f 2838 2839 2840 2841
f 2842 2843 2844 2845
f 2846 2847 2848 2849
f 2850 2851 2852 2853
f 2854 2855 2856 2857
f 2858 2859 2860 2861
f 2862 2863 2864 2865
f 2866 2867 2868 2869
f 2870 2871 2872 2863
f 2873 2874 2875 2876
f 2877 2878 2879 2880
f 2881 2882 2883 2871
f 2884 2885 2886 2887
f 2888 2889 2890 2874
f 2891 2892 2893 2882
f 2894 2895 2896 2897
f 2898 2899 2900 2901
f 2879 2902 2903 2904
f 2905 2906 2907 2892
f 2908 2909 2910 2906
f 2911 2912 2913 2909
f 2914 2915 2916 2917
f 2918 2919 2920 2921
f 2922 2923 2924 2925
f 2926 2927 2928 2929
f 2930 2931 2932 2933
f 2934 2935 2936 2937
f 2938 2939 2940 2941
f 2942 2943 2944 2945
f 2946 2947 2948 2943
f 2949 2950 2951 2952
f 2953 2954 2955 2956
f 2957 2958 2959 2960
f 2961 2962 2963 2964
f 2965 2966 2967 2968
f 2969 2970 2971 2972
f 2973 2974 2975 2976
f 2977 2978 2979 2980
f 2981 2982 2983 2984
f 2985 2986 2987 2988
f 2989 2990 2991 2992
f 2993 2994 2995 2996
f 2997 2998 2999 3000
f 3001 3002 3003 3004
f 3005 3006 3007 3008
f 3009 3010 3011 3012
f 3013 3014 3015 3016
f 3017 3018 3019 3020
f 3021 3022 3023 3024
f 3025 3026 3027 3028
f 3029 3030 3031 3032
f 3033 3034 3035 3036
f 3037 3038 3039 3040
f 3041 3042 3043 3044
f 3045 3046 3047 3048
f 3049 3050 3051 3052
f 3053 3054 3055 3056
f 3057 3058 3059 3060
f 3061 3062 3063 3064
f 3065 3066 3067 3068
f 3069 3070 3071 3072
f 3073 3074 3075 3076
f 3077 3078 3079 3080
f 3081 3082 3083 3084
f 3085 3086 3087 3088
f 3089 3090 3091 3092
f 3093 3094 3095 3096
f 3097 3098 3099 3100
f 3101 3102 3103 3104
f 3105 3106 3107 3108
f 3109 3110 3111 3112
f 3113 3114 3115 3116
f 3117 3118 3119 3120
f 3121 3122 3123 3124
f 3125 3126 3127 3128
f 3129 3130 3131 3132
f 3133 3134 3135 3136
f 3137 3138 3139 3140
f 3141 3142 3143 3144
f 3145 3146 3147 3148
f 3149 3150 3151 3152
f 3153 3154 3155 3156
f 3157 3158 3159 3160
f 3161 3162 3163 3164
f 3165 3166 3167 3168
f 3169 3170 3171 3172
f 3173 3174 3175 3176
f 3177 3178 3179 3180
f 3181 3182 3183 3178
f 3184 3185 3186 3187
f 3188 3189 3190 3191
f 3192 3193 3194 3195
f 3196 3197 3198 3199
f 3200 3201 3202 3203
f 3204 3205 3206 3207
f 3208 3209 3210 3211
f 3210 3212 3213 3214
f 3215 3216 3217 3218
f 3219 3220 3221 3222
f 3223 3224 3225 3226
f 3227 3228 3229 3230
f 3231 3232 3233 3234
f 3235 3236 3237 3238
f 3239 3240 3241 3242
f 3243 3244 3245 3246
f 3247 3248 3249 3250
f 3251 3252 3253 3254
f 3255 3256 3257 3258
f 3259 3260 3261 3262
f 3263 3264 3265 3266
f 3267 3268 3269 3270
f 3271 3272 3273 3267
f 3274 3275 3276 3277
f 3278 3279 3280 3281
f 3282 3283 3284 3285
f 3286 3287 3288 3279
f 3289 3290 3291 3292
f 3293 3294 3295 3296
f 3297 3298 3299 3300
f 3301 3302 3303 3304
f 3305 3306 3307 3308
f 3309 3310 3311 3312
f 3313 3314 3315 3316
f 3317 3318 3319 3310
f 3315 3320 3321 3322
f 3323 3324 3325 3326
f 3327 3328 3329 3330
f 3331 3332 3333 3334
f 3329 3335 3336 3337
f 3338 3339 3340 3341
f 3342 3343 3344 3345
f 3346 3347 3348 3349
f 3350 3351 3352 3353
f 3354 3355 3356 3357
f 3358 3359 3360 3361
f 3362 3363 3364 3365
f 3366 3367 3368 3369
f 3363 3370 3371 3372
f 3367 3373 3374 3375
f 3376 3377 3378 3379
f 3380 3381 3382 3383
f 3370 3384 3385 3386
f 3387 3388 3389 3390
f 3391 3392 3393 3394
f 3395 3396 3397 3388
f 3398 3399 3400 3401
f 3402 3403 3404 3405
f 3406 3407 3408 3409
f 3410 3411 3412 3413
f 3414 3415 3416 3417
f 3418 3419 3420 3414
f 3421 3422 3423 3424
f 3425 3426 3427 3428
f 3429 3430 3431 3432
f 3433 3434 3426 3435
f 3436 3437 3438 3439
f 3440 3441 3442 3436
f 3443 3444 3445 3441
f 3446 3447 3448 3449
f 3450 3451 3452 3453
f 3454 3455 3456 3457
f 3458 3459 3460 3461
f 3462 3463 3464 3465
f 3466 3467 3468 3469
f 3470 3471 3472 3473
f 3474 3475 3476 3477
f 3478 3479 3480 3481
f 3476 3482 3483 3478
f 3484 3485 3486 3487
f 3488 3489 3490 3491
f 3486 3492 3493 3494
f 3495 3496 3497 3498
f 3499 3500 3501 3502
f 3503 3504 3505 3499
f 3497 3506 3507 3508
f 3509 3510 3511 3512
f 3513 3514 3515 3516
f 3517 3518 3519 3510
f 3520 3521 3522 3523
f 3501 3524 3525 3526
f 3527 3528 3521 3529
f 3530 3531 3532 3528
f 3533 3534 3535 3536
f 3537 3538 3539 3540
f 3541 3542 3543 3544
f 3545 3546 3547 3548
f 3549 3550 3551 3552
f 3553 3554 3555 3556
f 3557 3558 3559 3560
f 3555 3561 3562 3563
f 3564 3565 3566 3567
f 3568 3569 3570 3571
f 3572 3573 3574 3575
f 3576 3577 3578 3579
f 3580 3581 3582 3583
f 3584 3585 3586 3587
f 3588 3589 3590 3591
f 3592 3593 3594 3595
f 3596 3597 3598 3599
f 3600 3601 3602 3603
f 3604 3605 3606 3581
f 3607 3608 3609 3610
f 3611 3612 3613 3614
f 3615 3616 3617 3618
f 3619 3620 3621 3616
f 3622 3623 3624 3625
f 3626 3627 3628 3629
f 3630 3631 3632 3633
f 3634 3635 3636 3637
f 3638 3639 3640 3641
f 3642 3643 3644 3645
f 3646 3647 3648 3649
f 3650 3651 3652 3653
f 3654 3655 3656 3647
f 3657 3658 3659 3660
f 3661 3662 3663 3664
f 3665 3666 3667 3668
f 3669 3670 3671 3665
f 3672 3673 3674 3675
f 3676 3677 3678 3679
f 3680 3681 3682 3683
f 3684 3685 3686 3687
f 3688 3689 3690 3691
f 3692 3693 3694 3695
f 3696 3697 3698 3699
f 3700 3701 3702 3703
f 3704 3705 3706 3707
f 3708 3709 3710 3711
f 3712 3713 3709 3714
f 3715 3716 3717 3718
f 3719 3720 3721 3722
f 3723 3724 3725 3726
f 3727 3728 3729 3720
f 3730 3731 3732 3733
f 3734 3735 3736 3737
f 3732 3738 3739 3740
f 3741 3742 3743 3744
f 3745 3746 3747 3748
f 3749 3750 3751 3752
f 3753 3754 3755 3756
f 3757 3758 3759 3760
f 3761 3762 3763 3764
f 3765 3766 3767 3768
f 3769 3770 3771 3772
f 3773 3774 3775 3776
f 3777 3778 3779 3780
f 3781 3782 3783 3774
f 3784 3785 3786 3787
f 3788 3789 3790 3791
f 3792 3793 3794 3795
f 3783 3796 3797 3798
f 3799 3800 3801 3802
f 3803 3804 3805 3806
f 3807 3808 3809 3810
f 3811 3812 3813 3814
f 3815 3816 3817 3818
f 3819 3820 3821 3822
f 3823 3824 3825 3826
f 3827 3828 3829 3830
f 3831 3832 3833 3834
f 3833 3835 3836 3837
f 3838 3839 3840 3841
f 3842 3843 3844 3845
f 3846 3847 3848 3843
f 3849 3850 3851 3852
f 3853 3854 3855 3856
f 3857 3858 3859 3860
f 3861 3862 3863 3857
f 3864 3865 3866 3867
f 3859 3868 3869 3870
f 3871 3872 3873 3874
f 3875 3876 3877 3878
f 3879 3880 3881 3872
f 3882 3883 3884 3885
f 3886 3887 3888 3889
f 3890 3891 3892 3893
f 3894 3895 3896 3897
f 3896 3898 3899 3900
f 3901 3902 3903 3904
f 3905 3906 3907 3908
f 3909 3910 3911 3912
f 3913 3914 3915 3916
f 3917 3918 3919 3906
f 3920 3921 3922 3918
f 3923 3924 3925 3926
f 3927 3928 3929 3930
f 3931 3932 3933 3934
f 3935 3936 3937 3938
f 3939 3940 3941 3942
f 3943 3944 3945 3946
f 3947 3948 3949 3950
f 3951 3952 3953 3954
f 3945 3955 3956 3957
f 3958 3959 3960 3961
f 3962 3963 3964 3965
f 3966 3967 3968 3969
f 3970 3971 3972 3959
f 3973 3974 3975 3976
f 3977 3978 3979 3980
f 3981 3982 3983 3984
f 3985 3986 3987 3988
f 3989 3990 3991 3992
f 3993 3994 3995 3996
f 3997 3998 3999 4000
f 4001 4002 4003 3997
f 4004 4005 4002 4006
f 4005 4007 4008 4009
f 4010 4011 3998 4012
f 3998 4013 4014 4015
f 4016 4017 4018 4019
f 4020 4021 4022 4023
f 4024 4025 4026 4027
f 4028 4029 4030 4031
f 4032 4033 4034 4035
f 4036 4037 4038 4039
f 4040 4041 4042 4043
f 4044 4045 4046 4047
f 4048 4049 4050 4051
f 4052 4053 4054 4055
f 4056 4057 4058 4059
f 4060 4061 4062 4063
f 4064 4065 4066 4067
f 4068 4069 4070 4071
f 4072 4073 4074 4075
f 4076 4077 4078 4079
f 4080 4081 4082 4076
f 4083 4084 4085 4086
f 4087 4088 4089 4090
f 4091 4092 4093 4094
f 4095 4096 4097 4098
f 4099 4100 4101 4102
f 4103 4104 4105 4106
f 4107 4108 4109 4110
f 4111 4112 4113 4114
f 4115 4116 4117 4118
f 4119 4120 4121 4122
f 4123 4124 4125 4126
f 4124 4127 4128 4129
f 4127 4130 4131 4132
f 4133 4134 4135 4136
f 4137 4138 4139 4140
f 4141 4142 4143 4144
f 4145 4146 4147 4148
f 4149 4150 4151 4152
f 4153 4154 4155 4156
f 4157 4158 4159 4153
f 4158 4160 4161 4162
f 4163 4164 4165 4166
f 4167 4168 4169 4170
f 4171 4172 4173 4174
f 4175 4176 4177 4178
f 59 4179 4180 58
f 52 84 4181 4182
f 4183 90 93 4184
f 4185 4186 4187 4188
f 4189 4190 155 4191
f 4191 156 4192 4193
f 153 154 4194 4192
f 4195 4196 4197 4198
f 4199 4200 4201 4202
f 4203 4204 4205 4206
f 4207 4208 4209 4210
f 4211 4212 4213 4214
f 4215 4216 4217 4213
f 4218 4219 4220 4217
f 316 317 322 323
f 4221 4222 400 394
f 4223 4224 4225 4226
f 4227 4228 4229 4230
f 444 445 4231 4232
f 4233 4234 4235 4236
f 4237 4238 4239 4240
f 4241 4242 468 461
f 458 459 4243 4244
f 460 469 4245 4246
f 4247 4248 4249 4250
f 4251 4252 4253 4254
f 4255 4256 4257 4258
f 466 474 4259 4260
f 4260 4261 4262 4263
f 4264 4265 4266 476
f 4267 4268 4269 4270
f 4271 492 490 491
f 4272 4273 4274 4275
f 4276 4277 4278 4279
f 4280 4281 4282 4283
f 4284 4285 4286 4287
f 4288 4289 4290 4291
f 4292 4293 4294 4295
f 4296 4297 4298 4294
f 4294 507 4299 4300
f 4301 4299 4302 4303
f 504 505 4304 4302
f 506 4298 4305 4306
f 4307 4308 4309 4310
f 4311 4312 4313 4314
f 4315 4316 4317 4318
f 4319 4320 4321 4322
f 4323 4324 4325 4326
f 4327 4328 4329 4330
f 4331 4332 4333 4334
f 4335 4336 4337 4338
f 4339 4340 514 515
f 4337 4341 4342 4343
f 4342 4344 4345 4346
f 4347 4348 4349 4350
f 4351 4352 536 4353
f 4354 4355 4356 561
f 4357 4358 4359 4360
f 4361 4362 4363 4364
f 4365 4366 4367 4368
f 4369 4370 4371 4372
f 579 580 4373 4362
f 4374 4375 4376 4377
f 4378 4379 4380 4381
f 4382 4383 4384 4385
f 4386 4387 4388 581
f 4376 4389 4390 4391
f 4392 4393 4394 4395
f 4396 4397 4398 4399
f 4400 4401 4402 4403
f 4404 586 4405 4401
f 4406 4407 4408 4409
f 4410 4411 4412 4413
f 4412 4414 4415 4416
f 4417 605 4418 4419
f 601 596 610 611
f 607 4420 4421 606
f 606 4422 4423 4424
f 619 620 625 626
f 4425 4426 4427 4420
f 621 4428 4429 4430
f 4431 4432 4433 4434
f 4429 4435 4436 4437
f 4438 4439 4440 4441
f 4442 4443 4444 4445
f 4446 4447 629 630
f 627 628 4448 4449
f 635 636 641 642
f 639 640 645 646
f 4450 4451 4452 4453
f 4454 4455 4456 4457
f 4458 4459 4460 4461
f 4462 4463 4464 4465
f 4466 4467 4468 4469
f 4470 4471 4472 4473
f 647 648 4474 4475
f 4472 4476 4477 4478
f 4479 4480 4481 4482
f 663 664 669 670
f 4483 4484 4485 4486
f 4487 4488 4489 4476
f 4490 4491 4492 4493
f 4494 4495 4496 4497
f 4498 4499 4500 4501
f 4502 4503 673 674
f 671 672 677 678
f 4504 4505 4506 4507
f 4508 4509 4510 4511
f 4512 4513 4514 4515
f 4516 4517 4518 4519
f 4520 4521 4522 4523
f 4524 4525 4526 4527
f 4522 4528 4529 4530
f 4531 4532 4533 4534
f 4535 4536 4537 4538
f 4539 688 4540 4541
f 4541 4542 4543 4544
f 4545 4546 4547 4548
f 4549 4550 4551 4552
f 4553 4554 692 693
f 689 691 4555 4556
f 4557 4558 4559 4560
f 4561 4562 4563 4564
f 4565 4566 4567 4568
f 4569 4570 700 701
f 698 699 4571 4572
f 706 4573 4574 4575
f 4576 4574 4577 4578
f 4579 4580 4581 4582
f 4583 4584 4585 4586
f 4587 4588 4589 4590
f 4585 4591 4592 4593
f 4594 4595 4596 4597
f 709 710 4598 4599
f 4600 4601 4602 4595
f 4603 4604 4605 4606
f 4607 4608 4609 4610
f 4611 4612 715 716
f 4613 4614 4615 4616
f 4617 4618 4619 4620
f 4621 4622 4623 4624
f 4625 4626 4627 4628
f 4629 4630 4631 4622
f 4632 4633 4634 4635
f 4636 4637 4638 4639
f 725 4640 4641 4642
f 4643 4644 4645 4646
f 727 756 753 726
f 4647 4648 4649 4645
f 4645 4650 4651 4652
f 4653 4654 4655 4656
f 4657 4658 4659 4660
f 4661 4662 4663 4664
f 753 754 4665 4666
f 4667 4668 4669 4670
f 4671 4672 4673 4674
f 4673 4675 4676 4677
f 4678 4679 4680 4681
f 4682 4683 4684 4685
f 4686 761 4687 4688
f 4689 4690 763 764
f 4691 4692 767 768
f 765 766 4693 4694
f 4695 4696 4697 4698
f 4699 772 4700 4701
f 4702 4703 4704 4705
f 4705 4706 4707 4696
f 4708 4709 4710 4711
f 4712 4713 782 783
f 4714 4715 787 4709
f 4716 795 775 4717
f 781 4718 838 4719
f 4719 839 836 4720
f 788 789 794 795
f 824 825 830 831
f 830 4721 4722 835
f 840 4723 4724 4725
f 4726 4727 4728 4718
f 4729 4724 4730 4731
f 4730 4732 4733 4734
f 4735 4736 853 854
f 851 852 4737 4738
f 4739 4740 857 858
f 4741 4742 4743 4744
f 4745 4746 4747 4748
f 4749 860 4750 4751
f 4751 4752 4753 4754
f 4755 4756 4757 4758
f 4759 866 4760 862
f 4761 4762 4763 4764
f 861 4760 4765 4766
f 865 4767 873 4768
f 4768 874 871 4769
f 871 872 4770 4771
f 4772 4773 4774 4775
f 4776 4777 4778 4779
f 4780 4781 4782 4783
f 4784 4785 4786 4787
f 4788 4789 4790 4791
f 4792 4793 4794 4795
f 4796 4797 4798 4799
f 4800 4801 4802 4803
f 4804 4805 4806 4807
f 4808 4809 4810 4811
f 4812 4813 4814 4815
f 4816 4817 4818 4810
f 4819 4820 4821 4814
f 4822 4823 4824 4825
f 4826 4827 4828 4829
f 4830 4831 4832 4818
f 4833 4834 4835 4836
f 4837 4838 4839 4840
f 4835 4841 4842 4843
f 4844 4845 4846 4847
f 4848 4849 4850 4851
f 4852 4853 4854 4855
f 4850 4856 4857 4858
f 4859 4860 4861 4853
f 4862 4863 4864 4865
f 4866 4867 4868 4869
f 4870 4871 4872 4873
f 4874 4875 4876 4867
f 4877 4878 4879 4880
f 4881 4882 4883 4884
f 4885 4886 4887 4888
f 4889 4890 4891 4892
f 4892 4893 4894 4895
f 4896 4897 4898 4899
f 4900 4901 4902 4903
f 4904 4905 4906 4907
f 4902 4908 4909 4910
f 4911 4912 4913 4914
f 4915 4916 4917 4918
f 4919 4920 4921 4922
f 4923 4924 4925 4926
f 4927 4928 4929 4930
f 4931 4932 4933 4934
f 4935 4936 878 4937
f 876 4938 4939 4940
f 4941 4942 4943 4944
f 4945 4946 4947 4948
f 4949 4950 4951 4952
f 4953 4954 4955 4956
f 4957 4958 4959 4960
f 4961 4962 4963 4964
f 4965 4966 4967 4968
f 4969 4970 4971 4972
f 4973 4974 4975 4970
f 4976 4977 4978 4979
f 4980 4981 4982 4983
f 4984 4985 4986 4987
f 4988 4989 4990 4991
f 4992 4993 4994 4995
f 4996 4997 4998 4999
f 4998 5000 5001 5002
f 5003 5004 5005 5006
f 5007 5008 5009 5010
f 5011 5012 5013 5014
f 5015 5016 5017 5018
f 5019 5020 5021 5022
f 5023 5024 5025 5026
f 5027 5028 5029 5030
f 5031 5032 5033 5034
f 5035 5036 1781 1782
f 5037 5038 5039 1824
f 2090 2091 5040 5041
f 2133 2134 2138 2139
f 2149 2150 2155 2137
f 5042 5043 5044 5045
f 5046 5047 5048 5049
f 5050 5051 5052 5053
f 2367 2368 2372 2373
f 2432 2433 2438 2439
f 5054 5055 2508 2509
f 5056 5057 5058 5059
f 5060 5061 2585 5062
f 2643 2644 5063 5064
f 5065 5066 5067 5068
f 5069 5070 5071 5072
f 5073 5074 5075 5076
f 2789 5077 2797 2798
f 5078 5079 5080 5081
f 5082 5083 2840 2841
f 5084 5085 5086 5087
f 5088 5089 5090 5091
f 5092 5093 5094 5095
f 5096 5097 5098 5099
f 5100 5101 5102 5103
f 5104 5105 5106 5107
f 5108 5109 5110 5111
f 5112 5113 5114 5115
f 5116 5117 5118 5119
f 5120 5121 5122 5123
f 5124 5125 5126 5127
f 5128 5129 5130 5131
f 5132 5133 5134 5135
f 5136 5137 5138 5139
f 5140 5141 5142 5143
f 5144 5145 5146 5147
f 5148 5149 5150 5151
f 5152 5153 5154 5155
f 5156 5157 5158 5159
f 5160 5161 5162 5163
f 5164 5165 5166 5167
f 5168 5169 5170 5171
f 5172 5173 5174 5175
f 5176 5177 5178 5179
f 5180 5181 5182 5183
f 5184 5185 5186 5187
f 5188 5189 5190 5191
f 5192 5193 5194 5195
f 5196 5197 5198 5199
f 5200 5201 5202 5203
f 5204 5205 5206 5207
f 5208 5209 5210 5211
f 5212 5213 5214 5215
f 5216 5217 5218 5219
f 5220 5221 5222 5223
f 5224 5225 5226 5227
f 5228 5229 5230 5231
f 5232 5233 5234 5235
f 5236 5237 5238 5239
f 5240 5241 5242 5243
f 5244 5245 5246 5247
f 5248 5249 5250 5251
f 5252 5253 5254 5255
f 5256 5257 5258 5259
f 5260 5261 5262 5263
f 5264 5265 5266 5267
f 5268 5269 5270 5271
f 5272 5273 5274 5275
f 5276 5277 5278 5279
f 5278 5280 3080 5281
f 5282 5283 5284 5285
f 3077 3078 5286 5287
f 5286 5288 5289 5290
f 5291 5292 5293 5294
f 5289 5295 5296 5297
f 5296 5298 5299 5300
f 5299 5301 5302 5303
f 5302 5304 5305 5306
f 5305 5307 5308 5309
f 5308 5310 5311 5312
f 5313 5314 5315 5316
f 5317 5318 5319 5320
f 5315 5321 5322 5323
f 3085 3086 5324 5325
f 5326 5327 5328 5329
f 5330 5331 5332 5333
f 5334 5335 5336 5337
f 5338 5339 5340 5341
f 5342 5343 5344 5345
f 5346 5347 5348 5349
f 5350 5351 5352 5353
f 5348 5354 5355 5356
f 5357 5358 5359 5360
f 5361 5362 5363 5364
f 5365 5366 5367 5368
f 5355 5369 5370 5371
f 5372 5373 5374 5375
f 5363 5376 5377 5378
f 5370 5379 5380 5381
f 5382 5383 5384 5385
f 5386 5387 5388 5389
f 5390 5391 5392 5366
f 5380 5393 5394 5395
f 5394 5396 5397 5398
f 5397 5399 5400 5401
f 5402 5403 5404 5405
f 5406 5407 5408 5404
f 5409 5410 5411 5412
f 5413 5414 5415 5408
f 3090 5416 5417 5418
f 5417 5419 5420 5421
f 5420 5422 5423 5424
f 5425 5426 5427 5428
f 5429 5430 5431 5432
f 5433 5434 5435 5436
f 5437 5438 5439 5440
f 5441 5442 5443 5430
f 5444 5445 5446 5447
f 5448 5449 5450 5451
f 5452 5453 5454 5442
f 5455 5456 5457 5458
f 5459 5460 5461 5462
f 5463 5464 5465 5454
f 5466 5467 5468 5464
f 5457 5469 5470 5471
f 5470 5472 5473 5474
f 5475 5476 5477 5467
f 5478 5479 5480 5481
f 5482 5483 3095 3096
f 5484 5485 5486 5476
f 5487 5488 5489 5490
f 5491 5492 5493 5494
f 5495 5496 5497 5498
f 5499 5500 5501 5502
f 5503 5504 5505 5506
f 5507 5508 5509 5510
f 5511 5512 5513 5514
f 5513 5515 5516 5517
f 5518 5519 5520 5521
f 5522 5523 5524 5525
f 5516 5526 5527 5528
f 5529 5530 5531 5532
f 5533 5534 5535 5536
f 5537 5538 5539 5523
f 5527 5540 5541 5542
f 5531 5543 5544 5545
f 5546 5547 5548 5549
f 5550 5551 5552 5553
f 5554 5555 5556 5557
f 5558 5559 5560 5561
f 5562 5563 5564 5565
f 5566 5567 5568 5569
f 5570 5571 5572 5573
f 5574 5575 5576 5577
f 5578 5579 5580 5581
f 5582 5583 5584 5572
f 5585 5586 5587 5588
f 5589 5590 5591 5592
f 5593 5594 5595 5596
f 5597 5598 5599 5600
f 5595 5601 5602 5603
f 5604 5605 5606 5598
f 5607 5608 5609 5610
f 5611 5612 5613 5614
f 5615 5616 5617 5618
f 5619 5620 5621 5622
f 5623 5624 5625 5616
f 5626 5627 5628 5629
f 5630 5631 5632 5624
f 5633 5628 5634 5635
f 5636 5637 5638 5639
f 5634 5640 3111 3112
f 3109 3110 5641 5642
f 5643 5644 5645 5646
f 5647 5648 5649 5650
f 5651 5652 5653 5654
f 5655 5656 5657 5658
f 5659 5660 5661 5662
f 5663 5664 5665 5666
f 5667 5668 5669 5660
f 5670 5671 5672 5673
f 5674 5675 5676 5665
f 5672 5677 5678 5679
f 5680 5681 5682 5683
f 5684 5685 5686 5668
f 5687 5688 5689 5690
f 5691 5692 5693 5694
f 5694 5695 5696 5682
f 5697 5698 5699 5700
f 5701 5702 3115 3116
f 3113 3114 5703 5704
f 3115 5705 5706 5707
f 5708 5709 5710 5693
f 5711 5712 5713 5714
f 5715 5716 5717 5718
f 5719 5720 5721 5717
f 5722 5723 5724 5725
f 5726 5727 5728 5729
f 5730 5731 5732 5724
f 5733 5734 5735 5736
f 5737 5738 5739 5740
f 5741 5742 5743 5744
f 5745 5746 5747 5739
f 5748 5749 5750 5751
f 5752 5753 5754 5755
f 5756 5757 5758 5759
f 5760 5761 5762 5763
f 5764 5765 5766 5767
f 3117 3118 5768 5769
f 5770 5771 5772 5773
f 5774 5775 5776 5766
f 5768 5777 5778 5779
f 5780 5781 5782 5783
f 5784 5785 5786 5787
f 5788 5789 5790 5791
f 5792 5793 5794 5795
f 5796 5797 5798 5799
f 5800 5801 5802 5803
f 5804 5805 5806 5807
f 5808 5809 5810 5811
f 5812 5813 5814 5802
f 5814 5815 5816 5817
f 5816 5818 5819 5820
f 5819 5821 5822 5823
f 5824 5825 5826 5827
f 5828 5829 5830 5831
f 5832 5826 5833 5834
f 5835 5836 5837 5825
f 5838 5839 5840 5841
f 5842 5843 5844 5845
f 5846 5847 5848 5849
f 5850 5851 5852 5853
f 5854 5855 5856 5857
f 5858 5859 5860 5861
f 5862 5863 5864 5865
f 5866 5867 5868 5869
f 5870 5871 5872 5873
f 5874 5875 5876 5877
f 5878 5879 5880 5881
f 5882 5883 5884 5885
f 5886 5887 5888 5871
f 5889 5890 5891 5892
f 5893 5876 3127 3128
f 5894 5895 5896 5897
f 5898 5899 5900 5901
f 5901 5902 5903 5887
f 5904 5905 5906 5907
f 5908 5909 5910 5911
f 5912 5913 5914 5915
f 5916 5917 5918 5905
f 5919 5920 5921 5922
f 5923 5924 5925 5926
f 5927 5928 5929 5930
f 5931 5932 5933 5934
f 5935 5936 3131 3132
f 3129 3130 3133 5925
f 5937 5929 5938 5939
f 5940 5941 5942 5943
f 5943 5944 5945 5914
f 5946 5947 3135 3136
f 3133 3134 5948 5949
f 5950 5951 5952 5953
f 5954 5955 5956 5932
f 5957 5958 5959 5960
f 5961 5962 5963 5952
f 5964 5965 5966 5942
f 5967 5968 5969 5956
f 5970 5971 5972 5973
f 5974 5963 5975 5976
f 5977 5978 5979 5980
f 5981 5982 5983 5975
f 5984 5985 5986 5983
f 5987 5988 5989 5990
f 5991 5992 5993 5994
f 5995 5996 5997 5998
f 5999 6000 6001 6002
f 6003 6004 6005 6006
f 6007 6008 6009 6010
f 6011 6012 6013 6014
f 6015 6016 6017 5993
f 6018 6019 6020 6021
f 6022 6023 6024 6025
f 6026 6027 6028 6029
f 6030 6031 6032 6033
f 6034 6035 6036 6017
f 6037 6038 6039 6027
f 6040 6041 6042 6036
f 6043 6044 6045 6046
f 6046 6047 6048 6049
f 6050 6051 6052 6053
f 6054 6055 6056 6057
f 6052 6058 6059 6060
f 6061 6062 6063 6064
f 6065 6066 6067 6042
f 6068 6069 6070 6071
f 6072 6073 6074 6075
f 6076 6077 6078 6079
f 6080 6081 6082 6083
f 6084 6085 6086 6087
f 6088 6089 6090 6078
f 6091 6092 6093 6094
f 6095 6096 6097 6098
f 6099 6090 6100 6101
f 6102 6103 6104 6100
f 6105 6106 6107 6108
f 6109 6110 6111 6107
f 6112 6113 6114 6115
f 6116 6117 6118 6119
f 6120 6121 6122 6117
f 6123 6124 6125 6126
f 6127 6128 6129 6130
f 6131 6132 6133 6125
f 6134 6135 6136 6137
f 6133 6138 6139 6140
f 6141 6142 6143 6144
f 6145 6146 6147 6142
f 6148 6149 6150 6151
f 6152 6153 6154 6155
f 6156 6157 6158 6159
f 6160 6161 6162 6163
f 6164 6165 6166 6167
f 6168 6169 6170 6171
f 6172 6173 6174 6165
f 6175 6176 6177 6169
f 6178 6179 6180 6181
f 6182 6183 6184 6173
f 6185 6186 6187 6188
f 6189 6190 6191 6192
f 6193 6194 6195 6183
f 6196 6197 6198 6199
f 3145 3146 6200 6201
f 6202 6203 6204 6205
f 6206 6207 6208 6194
f 6209 6210 6211 6212
f 6213 6214 6215 6216
f 6217 6218 6219 6220
f 6221 6222 6223 6224
f 6225 6226 6227 6228
f 6229 6230 6231 6232
f 6233 6234 6235 6236
f 6237 6238 6239 6240
f 6241 3149 6242 6243
f 6244 6245 6246 6231
f 6247 6248 6249 6235
f 6235 6250 6251 6252
f 6253 6254 6255 6256
f 6257 6258 6259 6260
f 6261 6262 6263 6264
f 6265 6266 6267 6249
f 6268 6269 6270 6271
f 6272 6273 6274 6275
f 6276 6277 6278 6279
f 6280 6270 6281 6282
f 6283 6284 6285 6286
f 6287 6288 6289 6290
f 6291 6292 6293 6294
f 6295 6296 6297 6298
f 6299 6300 6301 6302
f 6303 6304 6305 6288
f 6306 6293 6307 6308
f 6309 6310 6311 6312
f 6313 6314 6315 6316
f 6317 6318 6319 6320
f 6321 6307 6322 6323
f 6324 6325 6326 6327
f 6328 6329 6330 6331
f 6332 6333 6334 6335
f 6336 6322 6337 6338
f 6339 6340 6341 6342
f 6343 6344 6345 6346
f 6347 6348 6349 6350
f 6350 6351 6352 6353
f 6354 6355 6356 6357
f 6358 6359 6360 6361
f 6362 6363 6364 6365
f 6366 6367 6368 6369
f 6370 6371 6372 6373
f 6374 6375 6376 6377
f 6378 6379 6380 6381
f 6382 6383 6384 6385
f 6385 6386 6387 6337
f 6388 6389 6390 6391
f 6392 6393 6394 6395
f 6396 6397 6398 6399
f 6390 6400 6401 6402
f 6403 6404 6405 6406
f 6406 6407 6408 6409
f 6410 6411 6412 6398
f 6413 6414 6415 6412
f 6416 6417 6418 6419
f 6420 6421 6422 6423
f 6424 6425 6426 6427
f 6428 6429 6430 6431
f 6432 6433 6434 6435
f 6436 6437 6438 6439
f 6440 6441 6442 6443
f 6444 6445 6446 6447
f 6448 6449 6450 6451
f 6452 6453 6454 6455
f 6456 6457 6458 6446
f 6459 6460 6461 6450
f 6462 6463 6464 6465
f 6466 6467 6468 6469
f 6470 6471 6472 6473
f 6474 6475 6476 6477
f 6478 6479 6480 6475
f 6481 6482 6483 6484
f 6485 6486 6487 6488
f 6489 6490 6491 6492
f 6493 6494 6495 6482
f 6496 6497 6498 6499
f 6500 6501 6502 6503
f 6504 6505 6506 6486
f 6507 6508 6509 6490
f 6510 6511 6512 6513
f 6514 6515 6516 6517
f 6518 6519 6520 6521
f 6522 6523 6524 6505
f 6525 6526 6527 6528
f 6529 6530 6531 6532
f 6533 6534 6535 6515
f 6536 6537 6538 6539
f 6540 6541 6542 6543
f 6544 6545 6546 6547
f 6548 6549 6550 6551
f 6552 6553 6554 6555
f 6556 6546 6557 6558
f 6559 6560 6561 6554
f 6562 6563 6564 6565
f 6566 6567 6568 6569
f 6570 6571 6572 6538
f 6573 6574 6575 6576
f 6577 6578 6579 6580
f 6581 6582 6583 6584
f 6585 6586 6587 6588
f 6589 6590 6591 6592
f 6593 6594 6595 6596
f 6597 6598 6599 6600
f 6601 6602 6603 6604
f 6605 6606 6607 6594
f 6608 6609 6610 6611
f 6612 6613 6614 6602
f 6615 6616 6617 6618
f 6619 6620 6621 6606
f 6622 6623 6624 6625
f 6626 6627 6628 6613
f 6629 6630 6631 6632
f 6633 6634 6635 6636
f 6637 6638 6639 6640
f 6641 6642 6643 6644
f 6645 6646 6647 6631
f 6648 6649 6650 6651
f 6639 6652 6653 6654
f 6655 6656 6657 6642
f 6658 6659 6660 6661
f 6662 6663 6664 6665
f 6666 6667 6668 6669
f 6670 6671 6672 6673
f 6674 6675 6676 6677
f 6678 6679 6680 6681
f 6682 6683 6684 6685
f 6686 6687 6688 6689
f 6690 6691 6692 6693
f 6694 6695 6696 6697
f 6698 6699 6700 6701
f 6702 6703 6704 6705
f 6706 6707 6708 6709
f 6710 6711 6712 6713
f 6714 6708 6715 6716
f 6717 6718 6719 6720
f 6721 6722 6723 6724
f 6725 6726 6727 6711
f 6728 6729 6730 6723
f 6731 6732 6733 6734
f 6735 6736 6737 6727
f 6738 6739 6740 6730
f 6730 6741 6742 6743
f 6744 6745 6746 6747
f 6748 6749 6750 6751
f 6752 6753 6754 6755
f 6755 6756 6757 6758
f 6759 6760 6761 6762
f 6763 6764 6765 6739
f 6766 6767 6768 6769
f 6770 6771 6772 6753
f 6761 6773 6774 6775
f 6775 6776 6777 6778
f 6778 6779 6780 6764
f 6781 6782 6783 6784
f 6785 6786 6787 6788
f 6789 6790 6791 6792
f 6793 6794 6795 6796
f 6797 6798 6799 6800
f 6801 6802 6803 6804
f 6805 6806 6807 6808
f 6809 6810 6811 6812
f 6813 6814 6815 6816
f 6817 6818 6819 6820
f 6821 6822 6823 6798
f 6824 6825 6826 6823
f 6827 6828 6829 6773
f 6830 6831 6832 6833
f 6834 6835 6836 6828
f 6837 6838 6839 6840
f 6841 6842 6843 6844
f 6845 6846 6847 6836
f 6848 6849 6850 6851
f 6852 6853 6854 6855
f 6856 6857 6858 6859
f 6860 6861 6862 6863
f 6864 6865 6866 6853
f 6867 6868 6869 6870
f 6871 6872 6873 6874
f 6875 6876 6877 6865
f 6878 6879 6880 6881
f 6873 6882 6883 6884
f 6885 6886 6887 6876
f 6888 6889 6890 6826
f 6891 6892 6893 6894
f 6895 6896 6897 6898
f 6899 6900 6901 6902
f 6890 6903 6904 6905
f 6906 6907 6908 6909
f 6910 6911 6912 6913
f 6914 6915 6916 6917
f 6918 6904 6919 6907
f 6920 6921 6922 6923
f 6924 6925 6926 6927
f 6922 6928 6929 6925
f 6930 6931 6932 6933
f 6934 6935 6936 6937
f 6938 6939 6940 6941
f 6942 6943 6944 6945
f 6946 6940 6947 6948
f 6949 6950 6951 6947
f 6952 6953 6954 6955
f 6956 6957 6958 6951
f 6959 6960 6961 6954
f 6962 6963 6964 6965
f 6961 6966 6967 6968
f 6969 6970 6971 6972
f 6973 6974 6975 6976
f 6977 6978 6979 6980
f 6981 6982 6983 6984
f 6985 6986 6987 6966
f 6988 6989 6990 6991
f 6992 6993 6994 6995
f 6996 6997 6998 6999
f 7000 7001 7002 6989
f 7003 7004 7005 7006
f 7007 7008 7009 6987
f 7010 7011 7012 7002
f 7013 7014 7015 7005
f 7016 7017 7018 7019
f 7019 7020 7021 7022
f 7022 7023 7024 7025
f 7025 7026 7027 7028
f 7028 7029 7030 7031
f 7031 7032 7033 7034
f 7034 7035 7036 7037
f 7037 7038 7039 7009
f 7040 7041 7042 7012
f 7043 7044 7045 7015
f 7046 7047 7048 7049
f 7050 7051 7052 7053
f 7048 7054 7055 7056
f 7057 7058 7059 7060
f 7055 7061 7062 7063
f 7064 7065 7066 7058
f 7067 7068 7069 7070
f 7071 7072 7073 7074
f 7069 7075 7076 7077
f 7078 7079 7080 7081
f 7082 7083 7084 7085
f 7086 7087 7088 7089
f 7090 7091 7092 7093
f 7094 7095 7096 7097
f 7098 7099 7100 7101
f 7102 7103 7104 7105
f 7106 7107 7108 7109
f 7110 7111 7112 7113
f 7114 7115 7116 7117
f 7118 7119 7120 7121
f 7122 7123 7124 7125
f 7126 7127 7128 7115
f 7129 7130 7131 7120
f 7132 7133 7134 7135
f 7136 7137 7138 7123
f 7124 7139 7140 7127
f 7131 7141 7142 7133
f 7134 7143 7144 7145
f 7146 7147 7148 7149
f 7150 7151 7152 7153
f 7154 7155 7156 7157
f 7158 7159 7160 7151
f 7152 7161 7162 7163
f 7164 7165 7166 7155
f 7156 7167 7168 7143
f 7160 7169 7170 7161
f 7171 7172 7173 7174
f 7166 7175 7176 7167
f 7177 7178 7179 7180
f 7181 7182 7183 7184
f 7179 7185 7186 7182
f 7187 7188 7189 7190
f 7191 7192 7193 7194
f 7195 7196 7197 7198
f 7199 7200 7201 7202
f 7203 7204 7205 7206
f 7207 7208 7209 7210
f 7211 7212 7213 7200
f 7201 7214 7215 7208
f 7209 7216 7217 7218
f 7219 7220 7221 7217
f 7222 7223 7224 7225
f 7226 7227 7228 7221
f 7213 7229 7230 7223
f 7231 7232 7233 7234
f 7224 7235 7236 7227
f 7230 7237 7238 7239
f 7240 7241 7242 7235
f 7243 7244 7245 7246
f 3240 7247 3246 7248
f 3398 3399 7249 7250
f 3402 3403 3408 3409
f 3425 3435 3416 7251
f 3427 3439 7252 7253
f 7254 7255 7256 7257
f 3442 3437 3445 3441
f 7258 7259 7260 7261
f 3466 3467 3472 3473
f 7262 7263 7264 7265
f 7266 3496 7267 7268
f 7268 7269 7270 7271
f 3488 3489 3502 7272
f 3492 7273 7274 7275
f 7276 7277 3507 3508
f 3497 3506 7278 7279
f 7280 7281 7282 7283
f 7284 7285 7286 7287
f 7288 7289 7290 7291
f 7292 7293 7294 7295
f 7296 7297 7298 7299
f 7300 7301 7302 7303
f 7304 3513 7305 7306
f 7307 7308 3511 3512
f 3509 3510 7309 7310
f 3517 7311 7312 7313
f 3505 3500 7314 3504
f 3514 7315 7316 3523
f 7317 7312 7318 7319
f 7320 7321 7322 7323
f 3533 3534 3539 3540
f 3545 3546 7324 7325
f 7326 7327 7328 7329
f 7330 7331 7332 7333
f 7334 3583 3580 3575
f 7335 7336 7337 7338
f 7339 7340 7341 7342
f 7343 7344 7345 7346
f 7347 7348 7349 7350
f 7351 7352 7353 7354
f 3574 3581 3604 3573
f 7355 7356 7357 7358
f 3582 7359 3606 3581
f 7360 7361 7362 7363
f 3634 3635 7364 3632
f 3657 3658 7365 3652
f 7366 7367 7368 7369
f 7370 3687 3667 7371
f 3680 3681 3686 3687
f 7372 7373 7374 7375
f 3700 3701 3706 3707
f 7376 7377 7378 7379
f 3706 7380 7381 3711
f 7382 7383 3736 3737
f 7384 7385 7386 7387
f 7388 7389 3747 3748
f 3745 3746 3751 3752
f 3749 3750 7390 7391
f 7392 7393 3779 3780
f 7394 7395 7396 7397
f 7398 7399 7400 7401
f 7402 7403 7404 7405
f 7406 7407 3790 3791
f 3788 3789 7408 7409
f 3811 3812 3817 3818
f 3815 3816 7410 7411
f 7412 7413 7414 7415
f 7416 7417 7418 7419
f 3836 7420 7421 7422
f 7423 7424 7425 7426
f 7427 7428 7429 7430
f 7431 7432 3855 7433
f 7433 3856 7434 7435
f 7436 7434 7437 7438
f 7439 3860 3857 3851
f 3853 3854 7440 7434
f 7441 7442 7443 3854
f 7444 7445 7446 7447
f 7448 3874 3866 3867
f 3864 3865 7449 7450
f 7451 7452 3888 3889
f 7453 7454 7455 7456
f 7457 7458 3892 3893
f 3913 3914 7459 7460
f 7461 7462 7463 7464
f 7465 7466 7467 7468
f 7469 7470 7471 7472
f 7473 7474 7475 7476
f 7475 7477 7478 7479
f 7480 7481 7482 3928
f 7478 7483 7484 7485
f 7486 7487 7488 7482
f 7489 7490 7491 7492
f 7493 7494 7495 7496
f 7497 7498 7499 7500
f 7501 7502 7503 7494
f 7504 7505 3933 3934
f 3931 3932 3935 7499
f 7506 7507 7508 7509
f 7510 7511 7512 7513
f 7514 7515 7516 7517
f 7518 7519 7520 7521
f 3947 3948 3953 3954
f 3951 3952 7522 7523
f 3958 3959 3964 3965
f 7524 7525 7526 7527
f 4003 4012 4008 4009
f 7528 7529 7530 7531
f 7532 7533 7534 7535
f 7536 7537 4038 7538
f 7538 4039 7539 7540
f 7541 7542 4034 4035
f 4032 4033 7543 7544
f 7545 7546 7547 7548
f 7549 7550 7551 7552
f 4036 4037 7553 7554
f 7547 7555 7556 7557
f 7556 7558 7559 7560
f 7561 7562 7563 7564
f 4048 4059 4054 4055
f 7565 7566 7567 7568
f 4068 4069 4074 4075
f 4058 4049 7569 4079
f 7570 7571 7572 7573
f 4083 7574 4078 7569
f 7575 7576 7577 7578
f 7579 7580 7581 7582
f 7583 7584 7585 7586
f 7587 7588 7589 4094
f 4095 4096 7590 7580
f 4093 7589 4101 4102
f 4099 4100 4105 4106
f 4103 4104 7591 4097
f 7592 7593 7594 7595
f 7596 7597 7598 7599
f 7600 7601 7602 7603
f 7604 7605 7606 7607
f 7608 7609 7610 7611
f 7612 7613 7614 7601
f 7615 7616 7617 7618
f 7619 7620 7621 7622
f 7617 7623 7624 7625
f 7624 7626 7627 7628
f 7627 7629 7630 7631
f 7632 7633 7634 7635
f 7636 7637 7638 7639
f 7640 7641 7642 7643
f 7644 7645 4107 7637
f 7646 7647 7648 7642
f 7649 7650 7651 4108
f 7652 7653 7654 7655
f 7651 7656 7657 7658
f 7659 7660 7661 7654
f 7662 7663 7664 7665
f 7666 7667 7668 7663
f 7669 7670 7671 7672
f 7673 7674 7675 7667
f 7676 7677 7678 7679
f 7680 7681 7682 7683
f 7684 7685 7686 7687
f 7688 7689 7690 7691
f 7692 7693 7694 7695
f 7696 7697 7698 7699
f 7700 7701 7702 7698
f 7703 7704 7705 7706
f 7707 7708 7709 7710
f 7711 7712 7713 7714
f 7714 7715 7716 7717
f 7718 7719 7720 7721
f 7722 7723 7724 7725
f 7726 7727 7728 7729
f 7730 7731 7732 7733
f 7734 7735 7736 7732
f 7737 7738 7739 7740
f 7740 7741 7742 7743
f 7744 7745 7746 7747
f 7748 7749 7750 7751
f 7742 7752 7753 7754
f 7755 7756 7757 7758
f 7759 7739 7760 7752
f 7761 7762 7763 7764
f 7765 7766 7767 7768
f 7769 7770 7771 7772
f 7773 7774 4121 4122
f 4119 4120 7775 7776
f 7777 7778 7779 7780
f 7760 7781 7782 7783
f 7784 7785 7786 7787
f 7750 7788 7789 7781
f 7790 7791 7792 7793
f 7794 7709 7795 7796
f 7797 7798 7799 7800
f 7800 7801 7802 7803
f 7804 7805 7806 7807
f 7808 7809 7810 7806
f 7811 7812 7813 7814
f 7815 7816 7817 7818
f 7819 7820 7821 7817
f 7822 7823 7824 7825
f 7826 7827 7828 7829
f 7830 7831 7832 7828
f 7833 7834 7835 7821
f 7836 7837 7838 7832
f 7839 7840 7841 7838
f 7842 7843 7844 7835
f 7845 7846 7847 7841
f 7848 7844 7849 7850
f 7851 7852 7853 7854
f 7855 7856 7857 7858
f 7859 7860 7861 7862
f 7863 7864 7865 7866
f 7866 7867 7868 7869
f 7870 7865 7871 7872
f 7873 7874 7875 7876
f 7877 7878 7879 7880
f 7881 7882 7883 7884
f 7885 7886 7887 7888
f 7889 7890 7891 7892
f 7893 7894 7895 7896
f 7897 7898 7899 7900
f 7901 7902 7903 7904
f 7905 7906 7907 7908
f 7908 7909 7910 7911
f 7912 7913 7914 7903
f 7915 7916 7917 7918
f 7919 7914 7920 7921
f 7922 7923 7924 7925
f 4159 4154 4161 4162
f 7926 7927 7928 7924
f 7929 7930 7931 7932
f 7933 7934 7935 7936
f 7937 7938 7939 7940
f 7941 7942 7943 7944
f 7945 7946 7947 7948
f 7949 7950 7951 7952
f 7953 7954 7955 7956
f 7957 7958 7959 7960
f 7961 7962 7963 7964
f 7965 7966 7967 7968
f 7969 7970 7971 7972
f 7972 7973 4174 7974
f 7974 7975 7976 7977
f 7963 4170 4167 7978
f 7979 7980 7981 7966
f 7967 7982 7983 7984
f 7985 7981 7986 7983
f 7987 7988 7989 7986
f 7990 7991 7992 7993
f 7993 7994 7995 7989
f 7996 7997 7998 7971
f 7999 8000 8001 7995
f 8002 8003 8004 4173
f 7992 8005 8006 8000
f 8007 8004 8008 4177
f 8009 8010 8011 4176
f 8012 8013 8014 8010
f 8015 8016 8017 8018
f 8019 8020 8021 8022
f 8023 8024 8025 8026
f 8027 8028 8029 8030
f 8031 8032 8033 8025
f 8034 8035 8036 8037
f 8038 8039 8040 8033
f 8041 8042 8043 8044
f 8045 8046 8047 8048
f 5402 5405 2568 2571
f 5240 5243 2752 2755
f 2754 2759 8049 2316
f 5060 5062 2313 8049
f 5406 5403 2570 2574
f 5242 5247 2756 2753
f 5589 8050 5244 5241
f 8050 5592 3089 3092
f 2315 2314 2013 2016
f 2575 2581 2317 2320
f 5409 5407 2573 2578
f 2758 2757 2582 5061
f 3091 5418 5246 5245
f 5593 5596 5413 5412
f 5824 5827 5591 5590
f 2325 2318 2017 2020
f 2584 2583 2021 2023
f 5597 8051 2321 2324
f 2577 2576 2319 2321
f 2580 2579 2328 2318
f 5417 5421 2586 2583
f 8051 5594 5411 5410
f 5595 5603 5415 5414
f 5832 5834 5417 5416
f 5828 5831 5595 5600
f 4272 4279 436 439
f 4327 4330 4276 4275
f 2015 2022 1695 1698
f 2327 2326 2019 2026
f 2330 2329 2015 2018
f 5604 5598 3057 3060
f 5835 5829 5599 5598
f 5830 5825 5602 5601
f 6116 6119 5833 5825
f 3973 3980 3894 3897
f 7532 7535 3977 3976
f 4280 4273 438 443
f 4278 8052 440 437
f 4331 4328 4274 4283
f 4329 4338 8052 4277
f 7416 7419 8053 4334
f 4392 4395 4335 8053
f 4607 4610 631 634
f 1697 1705 1422 1425
f 2027 2024 1697 1701
f 2588 2587 1702 1696
f 3059 3058 8054 2030
f 2323 2322 2025 8054
f 5420 5424 2331 2334
f 6118 6126 5420 5419
f 5838 5836 5606 5605
f 6120 6117 5837 5841
f 6428 6431 6123 6117
f 7384 7387 3541 3544
f 3981 3974 3896 3900
f 3979 8055 3905 3895
f 7536 7533 3975 3984
f 7534 7548 8055 3978
f 7596 7599 4032 4035
f 7600 7603 7545 7544
f 361 368 246 249
f 444 8056 357 360
f 8057 441 365 364
f 4339 8058 442 447
f 4337 4343 448 441
f 8058 4332 4282 4281
f 635 642 512 515
f 639 646 8059 8060
f 4396 8061 8062 8059
f 4512 4515 4333 8063
f 4516 4523 8064 4336
f 4450 4453 4337 8064
f 643 632 8061 4399
f 8065 4616 4394 4393
f 4508 8066 635 638
f 4691 768 639 642
f 765 8067 633 646
f 4611 716 8066 4511
f 4617 4620 4520 4519
f 3545 7325 713 716
f 8067 8068 4609 4608
f 3466 3473 765 768
f 4739 858 8068 4694
f 3398 7250 855 858
f 1706 1699 1424 1429
f 1704 1712 1426 1423
f 2031 2028 1700 1709
f 5842 5839 2029 2034
f 5607 5610 5423 5422
f 6127 6121 5840 5845
f 6432 6429 6122 6130
f 6430 6435 6131 6124
f 3470 8069 3398 3401
f 3745 3752 3466 3469
f 3749 7385 8070 3473
f 3543 3542 8069 8070
f 3638 8071 3545 3548
f 3907 8072 3549 8073
f 7388 3748 8071 3641
f 3903 3902 3642 3645
f 8072 8074 3646 3649
f 3913 7460 3745 3748
f 3823 3830 3749 3752
f 3827 8075 7386 7391
f 8074 3906 3753 3756
f 7460 3898 8075 3826
f 4034 4033 7418 7417
f 7549 7552 3909 3912
f 3983 3982 3899 3916
f 7547 7557 3917 3906
f 7604 7607 4036 4039
f 7608 7611 7539 7554
f 7612 7597 4034 7542
f 7598 7601 7543 4033
f 7602 7618 7547 7546
f 7696 7699 7615 7601
f 369 362 248 253
f 367 366 250 247
f 4400 8076 8077 372
f 446 445 359 8077
f 857 856 363 358
f 450 449 373 366
f 514 8078 4231 445
f 4342 4346 451 449
f 8076 8079 514 4340
f 641 640 8078 513
f 4452 4461 4342 4341
f 4454 636 8079 4403
f 645 644 4398 4397
f 4524 4509 637 4457
f 715 714 641 636
f 767 766 645 640
f 4522 4530 4458 4451
f 4621 4612 4510 4527
f 856 8080 4514 4513
f 4615 4618 4518 4517
f 4619 4628 4522 4521
f 4695 8081 715 4624
f 8080 8082 8083 4614
f 4699 4701 4625 8083
f 8084 8085 767 4692
f 8086 4740 4693 766
f 3402 3409 8082 4744
f 1430 1437 1202 1205
f 1713 1707 1428 1433
f 1711 1710 1434 1427
f 6134 8087 8088 1716
f 2033 2032 1708 8088
f 2333 2332 1717 1710
f 6133 6140 5609 5608
f 8087 6128 5844 5843
f 6436 6433 6129 6137
f 6434 6443 6133 6132
f 6706 6709 6440 6439
f 3468 3467 8089 8090
f 3472 3471 3400 8091
f 7610 7613 7249 3399
f 3644 3643 8092 7249
f 3551 8093 3402 8092
f 8094 8095 3406 3409
f 3553 3546 8096 3477
f 3751 3750 3472 3467
f 3650 3639 3547 3556
f 3747 3746 7324 3546
f 8095 3647 3557 3560
f 3757 7389 3640 3653
f 3755 3764 3654 3647
f 3831 8097 3747 3760
f 3825 3824 3751 3746
f 3829 3828 7390 3750
f 3919 3918 3761 3754
f 7619 8098 8099 3834
f 3911 3914 8097 8099
f 7551 7537 3915 3910
f 4038 4037 7459 3914
f 7556 7560 3920 3918
f 8098 7605 4038 7550
f 7606 7609 7553 4037
f 7617 7625 7556 7555
f 7700 7697 7614 7622
f 7703 7706 7617 8100
f 104 111 31 34
f 180 8101 108 107
f 264 270 8101 183
f 371 370 252 257
f 375 374 267 251
f 453 457 376 374
f 4345 4350 454 452
f 4404 4401 8102 519
f 4460 4465 8103 4344
f 4406 4409 4347 8103
f 4531 4534 4402 4401
f 3657 3652 4456 4455
f 4529 4538 4462 4459
f 4629 4622 4526 4525
f 4702 4696 4623 4622
f 4745 4742 4697 4696
f 8104 4795 769 772
f 4792 8105 4743 4748
f 1438 1431 1206 1209
f 1436 1445 1210 1212
f 1720 1714 1432 1441
f 1719 1718 1442 1435
f 6141 6135 1715 1723
f 5846 5849 2035 2038
f 6444 6437 6136 6144
f 6442 6451 6139 6138
f 6710 6713 6438 6447
f 6714 6716 6448 6441
f 3410 3403 8106 3349
f 3408 8107 3346 8108
f 3476 3475 3404 3413
f 7702 7704 3408 3403
f 8109 7265 8107 3407
f 3555 3554 3476 3481
f 3652 3651 3555 3563
f 3833 3832 3657 3660
f 3763 3768 3661 3655
f 3922 8110 3765 3762
f 7461 8111 3833 3837
f 8110 3926 3838 3841
f 7559 7564 3923 3921
f 7624 7628 7561 7558
f 7707 7710 8112 7620
f 7711 7701 7621 8113
f 7705 7721 7624 7623
f 7851 8114 7718 7717
f 7881 7888 8114 7854
f 7953 7956 7885 7884
f 112 105 33 38
f 110 119 39 32
f 184 181 106 115
f 269 274 116 109
f 210 8115 182 187
f 266 265 8115 213
f 378 8116 271 268
f 8117 377 275 278
f 456 4240 379 377
f 4349 527 4237 455
f 4408 4413 524 4348
f 4466 4469 4405 586
f 4464 4473 4410 4407
f 4537 4544 8118 4463
f 4636 4639 8119 8120
f 4545 4548 4470 8119
f 4632 4635 4533 4532
f 3562 3561 4631 4630
f 4712 783 717 720
f 4749 4746 4707 4706
f 4794 4803 8121 770
f 4755 4758 777 8121
f 3488 7272 780 783
f 4796 4793 4747 4754
f 4844 8122 8123 4799
f 8124 8125 8126 8127
f 4957 4960 8128 8126
f 4927 4930 8129 8128
f 4848 4851 4800 8129
f 4885 8130 8122 4847
f 5019 8131 8130 4888
f 3192 8132 8131 5022
f 5027 5030 879 882
f 5031 5034 939 942
f 1204 1220 1036 1039
f 1446 1452 1213 1216
f 1444 1455 1217 1211
f 1722 1721 1440 1449
f 6145 6142 1722 1726
f 2037 2036 1727 1730
f 6148 6151 5848 5847
f 6452 6445 6143 6142
f 6717 6720 6456 6455
f 6715 6724 6459 6449
f 6930 6933 6721 6707
f 3263 8133 8132 3195
f 8125 8134 3196 3199
f 8134 8135 3231 3234
f 3305 8136 8133 3266
f 3350 8137 8136 3308
f 8135 3357 3309 3312
f 3418 3411 3348 3353
f 7264 8138 3354 3347
f 3483 3482 3412 3417
f 8138 7271 3421 3424
f 7326 7329 3488 3491
f 3659 3658 3564 3567
f 8139 8140 3568 3571
f 8141 8142 7365 3658
f 3767 8143 3669 3662
f 8140 3776 3672 3675
f 3836 3835 3769 3772
f 3840 3845 3773 3766
f 3925 7472 3842 3839
f 7563 4047 7469 3924
f 7722 7725 8144 8145
f 7627 7631 4044 7562
f 7720 7729 8146 7626
f 7730 7733 7627 8147
f 7811 8148 7716 7715
f 7887 7896 7726 7719
f 7855 7852 8148 7814
f 7889 7882 7853 7858
f 7957 7954 7883 7892
f 7955 7964 7893 7886
f 54 40 1 4
f 132 113 37 46
f 118 8149 57 40
f 188 195 120 123
f 196 185 114 127
f 273 281 8149 117
f 214 211 186 191
f 4543 8150 277 272
f 8151 389 282 285
f 4241 4234 382 385
f 4239 465 386 380
f 462 8152 390 393
f 8153 590 458 461
f 526 4353 8152 4238
f 4412 4416 4351 525
f 4472 4478 4412 4411
f 725 4642 8154 4471
f 4549 4552 4472 8154
f 4716 8155 8156 690
f 721 4637 8150 4542
f 4638 728 8157 4546
f 4714 4709 4634 4633
f 779 4713 719 724
f 782 8158 725 718
f 4759 862 4710 4709
f 4757 8159 782 778
f 3503 8160 8158 4720
f 8161 7251 859 8162
f 4804 4797 4753 4752
f 4802 4811 4761 4756
f 4852 4845 4798 4807
f 4850 4858 4808 4801
f 4931 8163 4846 4855
f 4929 8164 4850 4849
f 8165 3264 4887 8166
f 4961 8167 8163 4934
f 4959 4968 8164 4928
f 3200 8168 8167 4964
f 881 8169 4965 4958
f 3194 3193 5021 5020
f 941 8170 8169 880
f 3198 3197 5029 5028
f 5033 1043 8170 940
f 3233 8171 1043 5032
f 6934 6937 1040 1043
f 1208 1207 1038 1047
f 1219 1226 1044 1037
f 1456 1447 1215 1223
f 1451 1450 1208 1214
f 1725 1724 1448 1459
f 1729 1728 1460 1463
f 5850 5853 2039 2042
f 5611 5614 2335 2338
f 5132 5135 2914 2917
f 6462 6453 6147 6146
f 6466 6469 6150 6149
f 6725 6718 6454 6465
f 6719 6711 6458 6457
f 6938 6931 6712 6711
f 6932 6941 6728 6722
f 3235 8172 8168 3203
f 8171 8173 3204 3207
f 3313 3306 8172 3238
f 3311 3310 8173 3232
f 3358 3351 3307 3316
f 3356 3365 3317 3310
f 3420 3419 3352 3361
f 3423 3432 3362 3355
f 3486 3485 3425 3428
f 7270 3489 8174 3422
f 3566 3565 3486 3494
f 7370 8175 8176 3498
f 7330 7327 3490 7269
f 7328 3575 8160 3489
f 3671 8177 3570 7333
f 3674 8178 7334 3569
f 3775 8179 3572 3575
f 7728 7731 8177 3670
f 8179 3774 3676 3679
f 3844 3843 3781 3774
f 4048 4055 7423 8180
f 7471 3930 3846 3843
f 4046 8181 3927 7470
f 7632 7635 4042 4051
f 7630 7639 7565 4045
f 7640 7643 8181 7568
f 7737 7743 7636 8182
f 7895 8183 7734 7727
f 7859 7856 7813 7818
f 7897 7900 7863 7862
f 7901 7890 7857 7869
f 7965 7958 7891 7911
f 7963 7978 8183 7894
f 8019 8022 7963 7977
f 4199 8184 5 8
f 56 55 3 12
f 59 58 9 2
f 134 133 45 62
f 7967 8185 8186 44
f 4553 693 63 8186
f 198 197 126 137
f 286 8187 216 220
f 689 688 8188 224
f 280 293 221 8189
f 460 459 8187 289
f 8190 8191 284 279
f 388 399 294 283
f 464 463 392 387
f 727 726 8192 8193
f 4417 4419 536 4352
f 685 684 649 654
f 8194 8195 4474 648
f 788 795 689 693
f 729 722 4540 4556
f 792 774 723 732
f 861 860 8196 8197
f 7276 3508 788 791
f 3497 3496 775 795
f 8198 4805 4750 860
f 4859 4853 4806 4815
f 4896 4899 4816 4809
f 4889 8199 4854 4853
f 4967 8200 4857 4856
f 4969 4972 8199 4895
f 5069 5072 4933 4932
f 3001 8201 4963 4962
f 1042 8202 8200 4966
f 2337 2336 8202 1041
f 1227 1233 1048 1051
f 1225 1236 1052 1054
f 1464 1457 1222 1230
f 1454 1453 1237 1224
f 2041 2040 1458 1467
f 2916 2915 1731 1734
f 5854 5857 2043 2046
f 5252 5255 2339 2342
f 5248 5251 2760 2763
f 6470 8203 8201 3004
f 6152 6155 5134 5133
f 6936 8204 5613 5612
f 6474 6463 5852 5851
f 3202 3201 8203 6473
f 6731 6726 6464 6477
f 6730 6743 6461 6460
f 6942 6945 6735 6734
f 6946 6948 6738 6729
f 3206 8205 8204 6935
f 3237 3236 3157 3160
f 3271 8206 3208 3211
f 3319 3318 8205 3205
f 3315 3314 8206 3270
f 3364 3372 3274 3277
f 3366 3359 3315 3322
f 3416 3415 3360 8207
f 8208 8209 3416 3435
f 3680 3687 3497 3508
f 7335 7331 7267 7279
f 3779 3778 8210 8211
f 3684 3666 7332 7338
f 8212 8213 3580 3583
f 7394 7393 7368 7367
f 8185 7984 3680 3683
f 7822 7825 3667 3687
f 3929 3928 3849 3852
f 7744 8214 4054 4059
f 7736 7751 8215 8216
f 7638 7641 7567 7566
f 7742 7754 7646 7637
f 7819 7816 8214 7747
f 8217 7829 7748 7735
f 7912 7902 7868 7867
f 8023 8026 4133 4136
f 7979 7966 7910 7909
f 8027 8020 7976 7975
f 8021 8030 4167 4170
f 4189 8218 7 15
f 53 52 11 19
f 4203 8219 8220 67
f 140 139 65 8220
f 7919 7921 142 144
f 288 287 219 227
f 8221 8222 8223 8224
f 692 691 8225 8226
f 395 394 296 303
f 4479 4482 4415 4414
f 733 730 4555 4560
f 800 793 731 736
f 3507 3506 794 789
f 4819 4813 4765 866
f 4973 4970 4894 4893
f 4976 4979 4898 4897
f 5011 5014 4971 4970
f 1733 1732 943 946
f 1240 1228 1050 1057
f 1232 1231 1046 1049
f 1466 1465 1229 1243
f 2341 2340 1466 1470
f 5050 5053 1735 1738
f 2762 2761 2047 2050
f 5615 5618 2341 2345
f 3003 3002 5071 5070
f 5136 5139 2918 2921
f 5858 5861 5250 5249
f 6478 6475 5254 5253
f 6156 6159 3105 3108
f 7098 7101 6154 6153
f 3159 3158 6472 6471
f 6744 6732 6476 6475
f 6949 6943 6733 6747
f 6944 6939 6737 6736
f 3210 3209 3165 3168
f 3273 3272 3210 3214
f 3276 3275 3215 3218
f 3427 3434 3368 3375
f 7339 7336 7278 7287
f 3688 3685 7337 7342
f 8227 8228 3686 3681
f 3848 3847 3784 3787
f 7759 7752 4107 7645
f 7985 8229 8230 4144
f 8229 7982 7917 7916
f 8031 8024 8231 4156
f 8034 8028 4174 7973
f 130 129 61 70
f 4223 4226 308 311
f 4227 4230 312 315
f 737 734 4559 4564
f 808 801 735 740
f 4935 4937 4891 4890
f 4992 4995 4975 4974
f 945 944 4978 4977
f 1737 1736 5013 5012
f 1058 1064 947 950
f 1244 1241 1056 1061
f 1469 1468 1242 1247
f 2049 2048 1739 1742
f 2344 2343 1743 1746
f 3107 3106 5052 5051
f 5623 5616 2344 2352
f 2920 2919 2589 2592
f 5425 5428 5138 5137
f 6164 6167 5617 5616
f 6160 6163 5860 5859
f 3167 3166 6158 6157
f 6748 6745 6480 6479
f 6952 6950 6746 6751
f 7102 7105 6956 6955
f 3217 3216 7100 7099
f 3213 3212 3173 3176
f 3269 3268 3239 3242
f 7343 7340 7286 7295
f 3692 3689 7341 7346
f 7765 7768 4111 4114
f 7769 7772 4115 4118
f 7833 7820 7746 7745
f 7987 7980 7907 7906
f 1252 1245 1060 1067
f 1745 1744 1246 1251
f 2351 2350 1745 1753
f 2591 2590 2353 2356
f 5630 5624 2351 2359
f 5256 5259 2764 2767
f 5100 5103 3005 3008
f 5626 5629 5427 5426
f 6172 6165 5625 5624
f 6752 6749 6166 6165
f 6959 6953 6750 6758
f 316 323 153 156
f 306 319 4218 4216
f 320 305 232 236
f 601 611 504 507
f 548 557 508 511
f 600 603 550 553
f 607 4424 554 547
f 4659 8232 4565 4562
f 812 805 4655 4654
f 810 819 8232 4658
f 869 868 806 815
f 3221 3220 4982 4981
f 1254 1253 1066 1071
f 1752 1751 1475 1478
f 2358 2357 1752 1759
f 2601 8233 2063 2066
f 2766 2765 2360 2362
f 3007 3006 2597 2600
f 3033 8234 8233 2604
f 5260 5263 2768 2771
f 5144 5147 2922 2925
f 5148 8235 8234 3036
f 5433 5436 5102 5101
f 5437 8236 8235 5151
f 5633 5635 5258 5257
f 5870 5873 8236 5440
f 6182 6173 5632 5631
f 6485 6488 6174 6173
f 6962 6960 6757 6756
f 7296 7289 7256 7255
f 3590 3589 7290 7299
f 3594 3599 7300 7293
f 3694 3699 3596 3593
f 4003 4009 3853 3856
f 7493 7496 7437 7434
f 7491 7500 3861 3860
f 7528 7531 7497 7490
f 4128 4132 7773 7762
f 4159 4162 4119 4122
f 7839 7837 7763 7776
f 4181 4184 23 17
f 155 154 82 87
f 4194 4198 4183 84
f 506 505 147 159
f 4207 8237 155 8238
f 8239 4210 4195 154
f 8240 8241 4205 8242
f 318 8243 4220 4219
f 8244 317 8245 242
f 322 321 235 8246
f 4567 8247 322 317
f 400 407 328 301
f 4253 4258 404 4222
f 510 8248 4255 4252
f 552 551 4304 4306
f 556 563 8248 509
f 610 609 552 560
f 659 656 597 614
f 4902 4910 610 596
f 4661 4664 8249 662
f 696 695 657 8249
f 818 827 4569 4566
f 824 831 698 701
f 820 813 4651 4650
f 2367 2373 4641 4640
f 865 864 814 823
f 8250 8251 8252 8253
f 959 966 883 886
f 1080 1087 963 962
f 1258 8254 1084 1083
f 1250 1249 1070 1091
f 1486 1493 8254 1261
f 1477 1476 1250 1264
f 1764 1771 1490 1489
f 1758 1757 1477 1496
f 2071 2078 1768 1767
f 2065 2064 1758 1774
f 2355 2361 2067 2070
f 2370 2377 2075 2074
f 2378 8255 2065 2081
f 2599 8256 2367 2361
f 3109 8257 2374 2373
f 2612 2602 8255 2381
f 2770 8258 8256 2598
f 8257 5646 8259 2611
f 5444 8260 2608 8259
f 2772 8261 2603 2615
f 2924 8262 8258 2769
f 8260 5447 8263 2775
f 5264 8264 8265 8263
f 3035 3034 8261 8265
f 5146 8266 8262 2923
f 5262 8267 8266 5145
f 8264 8268 5150 5149
f 5435 8269 8267 5261
f 5448 5438 8268 5267
f 5634 3112 8269 5434
f 5647 8270 5439 5451
f 5874 5877 5634 5627
f 3574 3573 3109 3112
f 5878 5885 5643 5642
f 5886 5871 8270 5650
f 6496 6503 8271 5881
f 6189 6192 5882 8271
f 6193 6183 5872 5871
f 6504 6486 6184 6183
f 6766 8272 6500 6499
f 6770 6753 6487 6486
f 6977 6984 8272 6769
f 6985 6963 6754 6753
f 6964 6966 6761 6760
f 7114 7121 6981 6980
f 7191 7194 7118 7117
f 3855 3854 3286 3279
f 7304 7297 7252 3439
f 3600 3585 7298 7306
f 3698 3703 7307 8273
f 3700 3707 3509 3512
f 7402 8274 3586 3603
f 8274 7399 7374 7373
f 4121 4120 8275 3697
f 7441 7432 7400 7405
f 7501 7494 7440 3854
f 4010 4007 7495 7494
f 7530 8276 7504 7498
f 4068 4075 3931 3934
f 7926 7923 4008 4012
f 4066 4071 8276 7529
f 4109 8277 4068 4065
f 7649 7655 4072 4075
f 7760 7783 7652 4108
f 4131 4130 8278 7774
f 8279 4142 8280 8281
f 7845 8282 4121 8283
f 8284 7840 7775 4120
f 8285 4154 8286 4148
f 4161 4166 4145 8287
f 8002 7997 4161 4154
f 4173 4178 4163 4160
f 8036 8044 4175 4172
f 7992 8288 8289 72
f 151 150 79 8289
f 4197 8290 93 90
f 4209 8291 8290 4196
f 8292 8293 8291 8294
f 402 401 330 291
f 663 670 466 469
f 4307 4297 4245 4263
f 562 8295 8296 4256
f 8297 561 4257 8298
f 559 558 4305 4310
f 615 612 559 566
f 667 660 613 618
f 830 835 706 699
f 822 8299 8300 4648
f 8301 821 4649 8302
f 5035 1782 753 756
f 2090 5041 836 839
f 3442 3441 871 874
f 967 973 891 894
f 961 960 885 898
f 965 976 895 884
f 1086 1085 899 902
f 1092 1081 961 970
f 1492 8303 977 980
f 1282 1259 1082 1095
f 8303 8304 1096 1099
f 1504 1487 1260 1285
f 8304 1511 1286 1289
f 1495 1494 1290 1293
f 1779 1765 1488 1507
f 1770 1786 1508 1491
f 1773 1772 1495 1514
f 2061 2060 1775 1761
f 2372 2371 8305 8306
f 2073 2072 1766 8305
f 2077 2096 1783 1769
f 2080 2079 1773 1789
f 2369 8307 2090 2092
f 2376 2385 2093 2076
f 2386 2379 2080 2100
f 3111 3110 2372 2368
f 2610 2626 2382 2375
f 2623 2613 2380 2389
f 2774 2773 2614 2609
f 5446 5449 5266 5265
f 5645 5654 5459 5445
f 5655 5648 5450 5462
f 5659 5662 5463 5453
f 5893 3128 8308 5640
f 8309 8310 5641 3110
f 5884 5897 5651 5644
f 5898 5887 5649 5658
f 6187 6199 5868 5867
f 3505 3504 3125 3128
f 8310 8311 5880 5879
f 6191 6205 5894 5883
f 6206 6194 5888 5887
f 3582 3581 3145 3148
f 6514 6497 8311 6201
f 6502 6521 6202 6190
f 6522 6505 6195 6194
f 6789 6767 6498 6517
f 7132 7135 8312 6501
f 6992 6995 8313 8312
f 6793 6796 6518 8313
f 6797 6800 6506 6505
f 6988 6978 6768 6792
f 7122 7115 6979 6991
f 7207 7210 6983 6982
f 7199 7202 7126 7125
f 7203 7192 7116 7115
f 7193 7206 7129 7119
f 3602 8314 8315 3516
f 8316 3601 7305 8317
f 3706 3711 3517 3510
f 3933 3932 3604 3581
f 4058 4079 3788 3791
f 7444 7442 7404 7409
f 7506 7502 7443 7447
f 3998 4011 7503 7509
f 4070 8318 8319 7505
f 4074 4073 3935 3932
f 4080 4057 3999 4015
f 7750 8320 4074 4069
f 8320 7781 7651 7650
f 8321 8322 8323 8324
f 4165 8325 8322 4146
f 8288 8000 7931 7930
f 4177 4176 8325 4164
f 4953 8326 8327 88
f 708 707 86 8327
f 4579 8328 338 332
f 8328 4582 8329 417
f 619 8330 468 476
f 4311 4308 4262 4261
f 567 564 4309 4314
f 623 616 565 570
f 4483 665 619 622
f 669 668 617 626
f 704 703 665 4486
f 873 872 840 8331
f 8326 4956 8332 4721
f 4923 8333 4722 8332
f 3438 3437 873 4767
f 969 968 893 905
f 972 971 897 892
f 975 974 901 896
f 979 978 908 900
f 1094 1093 969 983
f 1098 1110 988 978
f 8334 6999 1100 8335
f 1284 1283 1094 1106
f 1288 1308 1107 1097
f 1263 1262 1090 1113
f 6805 6808 1298 1301
f 1506 1505 1284 1304
f 1510 1529 1305 1287
f 6529 8336 8337 1522
f 1794 1780 1506 1525
f 1785 1801 1526 1509
f 1802 1787 1530 1533
f 2069 2091 8338 1776
f 5040 8339 1781 5036
f 2095 2109 1798 1784
f 2102 2101 1788 1805
f 3127 8340 8339 2091
f 2384 2397 2106 2094
f 2394 2387 2110 2113
f 2625 2624 2388 2383
f 5653 5656 5461 5460
f 5896 5911 5663 5652
f 5912 5915 5657 5666
f 6198 8341 3127 5875
f 3147 3146 8340 3126
f 6204 6220 5908 5895
f 6221 6207 5903 5902
f 6533 6515 6200 6216
f 6520 6539 6217 6203
f 6540 6543 6208 6224
f 6809 6790 6516 6515
f 6795 6816 6536 6519
f 7000 6989 6791 6812
f 6994 7006 6813 6794
f 7007 6986 6772 6771
f 7136 7123 6990 6989
f 7134 7145 7003 6993
f 7211 7200 7124 7123
f 7201 7204 7128 7127
f 7205 7208 7131 7130
f 7209 7218 7134 7133
f 8006 8342 8343 3262
f 3519 8344 3259 8343
f 8344 3518 8345 3304
f 8346 3523 3445 3437
f 3792 7407 7378 7377
f 8342 8003 7381 7380
f 7786 7793 8347 3718
f 7662 8348 3715 8347
f 7448 3867 7407 3795
f 3864 7445 7408 3789
f 4083 4049 8349 3867
f 7510 7507 7446 7450
f 4016 4013 7508 7513
f 4082 4081 4014 4019
f 475 474 8350 344
f 625 624 8351 474
f 569 8352 4259 8351
f 8352 568 4313 4312
f 621 620 575 578
f 8353 8354 625 620
f 4671 4674 8354 4586
f 834 850 4587 4573
f 1109 1119 991 994
f 1309 1302 1105 1116
f 1292 1291 1112 1123
f 1534 1523 1303 1312
f 1513 1512 1292 1315
f 1810 1795 1524 1537
f 1800 1817 1538 1541
f 1818 1803 1542 1545
f 2108 2128 1814 1799
f 2099 2098 1804 1821
f 2396 2407 2125 2107
f 5910 5930 5674 5664
f 6219 6236 5927 5909
f 6237 6222 5900 5899
f 6544 6534 6215 6232
f 6548 6551 6233 6218
f 6552 6555 6223 6240
f 6817 6810 6535 6547
f 6821 6798 6524 6523
f 7010 7001 6811 6820
f 7016 7008 6799 6798
f 7146 7149 7013 7004
f 3710 3726 7320 7311
f 3719 8355 3615 3618
f 3866 3865 8355 8356
f 7518 7521 3866 3874
f 4078 8357 7449 3865
f 8357 4077 8358 7511
f 4018 4017 7512 8358
f 7794 8359 4078 7574
f 8360 576 4266 4265
f 849 8361 8362 4588
f 4678 4681 4594 8362
f 2133 2139 8363 8364
f 985 984 907 913
f 987 986 910 906
f 1532 1531 1314 1318
f 2406 2414 2140 2142
f 2411 2405 2112 2146
f 5937 5939 5680 5675
f 5940 5913 5676 5683
f 8365 8366 3129 3132
f 6824 6822 6542 6541
f 7219 7214 7140 7139
f 7215 7216 7142 7141
f 8367 3733 3622 3625
f 4085 4084 7520 8368
f 2149 2137 8369 4507
f 8370 8371 8372 8373
f 2635 2634 8374 8375
f 1835 1819 1544 1551
f 2127 2159 1832 1815
f 2148 2147 1820 1838
f 3131 3130 2138 2134
f 2413 2425 2156 2141
f 8376 8377 5473 5472
f 5938 5953 5691 5681
f 3819 8378 3133 3136
f 6235 6252 5950 5928
f 6253 6238 5945 5944
f 6559 6553 6239 6256
f 7684 8379 3630 8380
f 8379 8381 8382 3740
f 2432 2439 8383 8384
f 8385 2435 4790 8386
f 997 996 916 903
f 1001 1000 919 915
f 3135 3134 2155 2150
f 2427 2426 2145 2172
f 5967 5955 2161 2175
f 2928 2927 2802 8387
f 8388 5294 5154 5153
f 8389 3463 5701 8390
f 8391 8392 3113 3116
f 5964 5941 5696 5695
f 7213 7223 7152 7151
f 7224 7227 7156 7155
f 4093 8393 8394 3952
f 1008 1007 925 921
f 1010 1009 928 924
f 2174 8395 1571 8396
f 2424 2445 2180 2182
f 3115 3114 2438 2433
f 2648 2647 2446 2429
f 3095 3094 5063 2644
f 5699 5714 5486 5485
f 5974 5976 5708 5692
f 8397 6584 8398 5968
f 7230 7232 7162 7161
f 7233 7235 7166 7165
f 4101 4100 3964 3959
f 4105 4104 8399 3963
f 1022 1029 935 938
f 2448 8400 1858 8401
f 8402 6279 8403 5712
f 7243 7246 7181 7180
f 8404 6874 1363 8405
f 3063 3062 5086 5085
f 2860 2859 2725 2714
f 5552 5565 5344 5343
f 1968 1980 1675 1678
f 6686 6689 6396 6386
f 1989 1964 1677 1682
f 1979 1994 1679 1676
f 6690 6687 6384 6409
f 6688 6693 6410 6397
f 1991 1990 1681 1686
f 1993 1997 1683 1680
f 6694 6691 6408 6407
f 6692 6697 6413 6411
f 1998 1986 1685 1690
f 1996 2005 1687 1684
f 6698 6695 6405 6419
f 6696 6701 6420 6414
f 6422 6427 2009 2003
f 3896 3904 7541 7540
f 3901 3908 4032 4035
f 444 4232 8060 515
f 8056 8057 8063 8062
f 4613 8065 8073 3552
f 3913 7460 4036 4039
f 8081 4698 3474 8096
f 4741 8084 8090 3405
f 8085 8086 8091 8089
f 857 856 7249 3399
f 8093 3550 8406 7616
f 3648 8094 8100 8406
f 4284 4287 516 8102
f 4535 8407 4700 772
f 8407 4528 4627 4626
f 8105 8104 8108 8106
f 7262 8109 8408 3664
f 3559 3558 3656 8408
f 3759 3758 8409 7464
f 8111 8409 8410 3988
f 3985 8410 8113 8112
f 35 42 8127 8123
f 8116 8117 8120 8118
f 4233 4236 4288 4285
f 4286 4291 520 517
f 518 523 583 586
f 4539 4536 771 776
f 4708 4711 3484 3487
f 8137 8124 7961 7960
f 7266 7263 3663 3668
f 8143 8139 8147 8146
f 3836 8141 7463 7462
f 8142 7422 8411 8144
f 7465 8412 4040 8411
f 8412 7468 3989 3992
f 3987 3986 8145 4043
f 43 36 7959 7968
f 41 50 687 8156
f 124 131 8166 4886
f 212 217 8413 262
f 263 8413 458 461
f 381 8151 4547 8157
f 4235 4244 4292 4289
f 4290 4295 528 521
f 522 531 587 584
f 585 8153 647 4467
f 4468 650 683 686
f 647 8414 8162 862
f 8414 4475 4704 4703
f 8155 4717 3495 8176
f 8159 4764 3429 8174
f 3265 8165 7905 7904
f 3425 8161 8415 3780
f 3480 3479 3777 8415
f 7366 7369 7392 3770
f 8175 7371 7969 7962
f 8178 3673 8182 7629
f 3771 3780 8180 7420
f 7421 7426 7473 7466
f 7467 7476 3993 3990
f 3991 3996 4052 4041
f 4048 4055 8416 7712
f 7713 8416 7815 7812
f 45 8417 8418 7966
f 8417 44 138 141
f 59 58 8419 4188
f 4185 8419 8420 4202
f 8184 8420 8189 8188
f 290 283 388 396
f 460 459 4474 648
f 4243 4246 4296 4293
f 4247 8190 8193 539
f 8191 4250 536 8192
f 4294 4300 532 529
f 530 535 591 588
f 589 594 651 4474
f 689 688 775 795
f 4643 8194 8197 4715
f 8195 4646 784 8196
f 727 726 3580 3583
f 861 4766 3433 3435
f 4812 8198 8207 3369
f 3493 8208 8211 3579
f 8209 7275 3576 8210
f 3497 3496 3667 3687
f 3779 3778 4054 4059
f 3778 7397 7427 7424
f 7425 7430 7475 7474
f 7475 7479 4001 3994
f 7480 8212 8216 4063
f 8213 3928 4060 8215
f 3995 4000 4056 4053
f 7644 7637 7742 7741
f 7826 8217 8421 4140
f 4137 8421 8422 4152
f 7915 7918 7967 8418
f 4149 8422 4167 4170
f 16 10 4180 4182
f 52 4179 4187 4193
f 8218 4186 4201 4200
f 8219 4206 8226 8223
f 4211 4214 8224 300
f 223 230 297 8225
f 296 295 398 394
f 4221 397 4249 4254
f 4251 4248 8423 503
f 4301 4303 540 533
f 500 8423 538 545
f 534 533 599 592
f 593 598 655 652
f 653 8424 4647 4644
f 8424 658 694 697
f 4557 4554 790 803
f 692 691 794 789
f 4645 4652 796 785
f 786 799 863 866
f 2045 2044 2346 2349
f 5619 5622 5856 5855
f 3427 7253 7280 7273
f 7274 7283 3584 3577
f 7284 7277 3682 3691
f 3507 3506 3686 3681
f 3578 3587 8425 7395
f 7372 7375 7398 8425
f 7396 7401 7431 7428
f 7429 7435 7478 7477
f 7478 7485 4004 4006
f 7486 7481 8426 7527
f 7524 8426 4062 4067
f 4064 4061 7648 4110
f 4107 7647 7753 7752
f 7755 8221 4123 4126
f 8222 8227 4141 8230
f 8228 7758 7830 7823
f 7824 7827 4139 4134
f 4135 4138 4151 8231
f 4157 4150 4169 4174
f 4171 4168 8029 8037
f 4215 4212 299 307
f 229 233 304 298
f 502 501 544 549
f 542 541 602 604
f 546 543 4418 608
f 4561 4558 8427 4660
f 4653 4656 804 797
f 4657 8427 802 811
f 798 807 867 870
f 1462 1461 1747 1750
f 6168 6171 6468 6467
f 7254 7257 7288 7281
f 7282 7291 3588 3591
f 7292 7285 8428 3595
f 3592 8428 3690 3695
f 7436 7438 7484 7483
f 7439 3850 7488 7492
f 7489 7487 7526 7525
f 7761 7756 4125 4129
f 7757 7764 7836 7831
f 4980 4983 4994 4993
f 4984 4987 955 958
f 5023 5026 951 954
f 1239 1238 1749 1756
f 1749 1748 2051 2054
f 2348 2347 2593 2596
f 5073 5076 3045 3048
f 5140 5143 3073 3076
f 5429 5432 5621 5620
f 5862 5865 6170 6169
f 6175 6169 6742 6741
f 7106 7109 3161 3164
f 7110 7113 3223 3226
f 3175 3174 3219 3222
f 69 74 145 143
f 75 80 149 152
f 49 83 153 156
f 136 148 504 507
f 316 323 8429 4568
f 310 309 4225 4224
f 314 313 4229 4228
f 601 611 8430 4903
f 607 606 4481 4480
f 4563 8429 8431 738
f 739 744 816 809
f 741 8431 8432 7350
f 4900 8430 875 4936
f 4904 4907 4986 4985
f 4996 4999 5025 5024
f 953 952 2055 2058
f 957 956 1471 1474
f 949 948 1063 1065
f 1068 1062 1235 1257
f 1235 1234 1479 1482
f 1741 1740 2059 2062
f 2053 2052 2595 2607
f 2595 2594 5075 5074
f 3047 3046 5142 5141
f 3075 3074 5431 5430
f 5441 5430 5864 5863
f 5866 5869 6162 6161
f 6178 6181 7108 7107
f 6481 6484 7112 7111
f 6489 6492 6740 6739
f 6759 6762 6961 6965
f 6763 6739 6958 6968
f 6961 6957 7104 7103
f 3163 3162 3177 3180
f 3225 3224 3282 3285
f 3241 7248 8433 3281
f 3278 8433 3853 3856
f 7294 7303 7347 7344
f 7345 8432 8434 3693
f 3696 8434 4119 4122
f 3786 3785 3857 3860
f 4003 4009 7922 7913
f 4113 4112 7767 7766
f 4117 4116 7771 7770
f 7920 7925 7990 7988
f 4159 4162 7996 7970
f 14 22 8238 4190
f 18 26 84 81
f 77 76 8242 4204
f 8237 8239 8246 8245
f 226 239 324 327
f 8243 8240 8273 7301
f 8241 8244 698 701
f 302 301 400 403
f 506 505 610 596
f 8247 8435 828 8252
f 8435 4572 745 748
f 743 742 8253 817
f 824 831 3509 3512
f 865 4769 4822 4820
f 4821 4825 4862 4860
f 4861 4865 4902 4901
f 4866 4869 4906 4905
f 877 876 3246 7247
f 876 4940 4998 4997
f 4941 4944 8436 5006
f 4998 5002 1072 1075
f 5003 8436 8437 1079
f 1076 8437 1473 1485
f 1088 1069 1256 1268
f 1256 1255 1481 1499
f 1473 1472 1760 1763
f 1481 1480 2082 2085
f 1755 1754 2606 2618
f 2057 2056 2363 2366
f 2606 2605 2776 2779
f 5268 5271 5443 5442
f 5452 8438 6491 6490
f 8438 5442 6177 6176
f 5636 5639 6180 6179
f 6185 6188 6483 6482
f 6493 6482 8439 6976
f 6507 6490 6765 6764
f 6761 6764 6967 6966
f 6969 6972 3181 3178
f 6973 8439 8440 3187
f 3179 3178 3243 3246
f 3184 8440 3247 3250
f 3280 3279 3323 3320
f 3284 3283 3327 3330
f 3321 3326 3376 3373
f 3374 3379 3440 3439
f 7302 8250 7349 7348
f 8251 7310 8441 8275
f 3598 3597 8281 8278
f 7351 7354 3704 8441
f 3574 3573 3931 3934
f 3700 3707 8283 8280
f 3855 3854 4008 4012
f 8277 4108 7760 7738
f 7777 7780 7842 7834
f 8282 8284 8287 8286
f 4143 8279 8442 7994
f 7929 7932 7999 8442
f 4155 8285 8038 8032
f 7998 4173 8041 8035
f 21 20 8294 4208
f 25 30 90 92
f 27 24 93 96
f 73 72 160 157
f 79 8443 8444 8000
f 8443 78 700 4570
f 158 163 199 201
f 241 8292 706 699
f 8293 240 292 334
f 326 325 466 469
f 331 337 8298 8296
f 330 329 406 401
f 408 413 470 473
f 8295 8445 836 839
f 8445 8297 753 756
f 4354 561 4423 4422
f 661 666 702 705
f 663 670 8302 8300
f 700 699 830 825
f 4571 4575 749 746
f 747 752 832 829
f 753 4666 8306 1782
f 8299 8301 871 874
f 826 825 3511 7308
f 830 835 3517 3510
f 871 4771 4826 4823
f 4824 4829 4870 4863
f 4830 4817 4868 4867
f 4864 4873 4911 4908
f 4874 4867 8446 4918
f 4909 4914 4945 4938
f 4915 8446 4943 4952
f 4939 4948 5007 5000
f 4949 4942 8447 4991
f 4988 8448 8449 5018
f 8448 8447 5005 5004
f 5001 5007 1274 1277
f 5007 5010 887 890
f 5015 8449 8450 1281
f 1074 1073 2086 2089
f 1078 1077 8451 8450
f 1278 8451 1484 1503
f 1500 1483 1762 1778
f 1498 1497 2084 2105
f 2084 2083 2390 2393
f 2365 2364 2619 2622
f 8307 2368 3111 8308
f 2778 2777 5270 5269
f 5455 5458 5638 5637
f 5889 5892 6971 6970
f 5904 5907 6509 6508
f 6196 6186 6495 6513
f 3145 8309 3604 3581
f 6510 6494 8452 6788
f 6781 6784 3191 3182
f 6785 8453 8454 3172
f 8453 8452 6975 6974
f 7195 7198 3188 3191
f 3169 8454 8455 3230
f 3183 3191 3251 3244
f 3186 3185 8456 8455
f 3227 8456 3249 3258
f 3245 3254 3289 3287
f 3255 3248 8457 3296
f 3288 3292 3331 3324
f 3293 8457 3329 3337
f 3325 3334 3380 3377
f 3329 3328 3371 3386
f 3378 3383 3443 3441
f 3442 3441 8317 8315
f 3511 3510 3706 3701
f 7309 7313 7355 7352
f 3505 3504 8458 8319
f 8314 8316 3788 3791
f 7353 7358 3708 3705
f 3582 3581 3933 8458
f 7376 7379 7406 7403
f 3702 3701 8001 8444
f 3706 3711 8324 7846
f 3863 3862 3935 3938
f 4058 4079 7779 7778
f 8318 4069 7750 7787
f 7570 7573 7659 7658
f 7651 7653 7782 7781
f 7784 7749 7847 8323
f 7870 7872 7933 7927
f 4147 8321 8040 8039
f 7928 7936 7992 7991
f 8007 4177 8045 8042
f 8009 4176 8043 8048
f 29 28 95 91
f 89 99 164 161
f 95 94 8459 171
f 122 121 194 189
f 162 167 202 200
f 168 8459 333 341
f 190 205 243 245
f 260 259 468 476
f 336 335 410 8329
f 384 383 4264 4242
f 414 409 472 4270
f 412 411 8460 471
f 4267 8460 4356 574
f 571 4355 4421 4420
f 8330 626 669 664
f 4425 4420 4477 4476
f 665 664 8331 843
f 4487 8461 4665 754
f 8461 4476 4551 4550
f 4576 4578 757 750
f 751 760 4726 846
f 4667 4670 838 4718
f 755 754 8462 837
f 840 4725 4772 872
f 844 4718 4763 4779
f 838 8462 1781 8338
f 4770 4775 4833 4827
f 4776 4762 4832 4840
f 4828 4836 4877 4871
f 4837 4831 4876 4884
f 4872 4880 4919 4912
f 4881 4875 4917 4926
f 4913 4922 4953 4946
f 8333 8463 1519 8337
f 8463 8464 5017 5016
f 8464 8465 4990 4989
f 8465 4916 4951 4950
f 4947 4953 8466 5008
f 5009 8466 8467 888
f 889 8468 1294 1275
f 8468 8467 8335 1103
f 893 892 972 968
f 901 900 979 974
f 1276 8469 1790 1793
f 8469 1297 1515 1518
f 1280 1279 8470 1797
f 1273 1272 2104 2116
f 1502 1501 1777 8470
f 2104 2103 2392 2400
f 2392 2391 2617 2629
f 2617 2616 2780 2783
f 5272 5275 5465 5464
f 5466 5464 5661 5660
f 5667 5660 5906 5905
f 5916 5905 6780 6779
f 6209 6212 8471 6782
f 6213 8472 6787 6786
f 8472 6197 6512 6511
f 8341 3146 8473 3500
f 6525 6528 6801 8471
f 8336 6532 8474 8345
f 6783 6804 8475 7196
f 6996 8334 8476 8475
f 7124 7127 7201 7200
f 7131 7133 7209 7208
f 7197 8476 8477 3189
f 3171 3170 8478 8474
f 3190 8477 3262 3252
f 3229 3228 8479 8478
f 3253 3262 3297 3290
f 3257 3256 3295 8479
f 3291 3300 3338 3332
f 3301 3294 3336 3345
f 3333 3341 3387 3381
f 3342 3335 3385 3394
f 3382 3390 3446 3444
f 3391 3384 3431 3453
f 3445 3449 3520 3523
f 3450 3430 3501 7319
f 3515 8346 8480 3610
f 7317 3526 7360 7356
f 3501 3500 3611 3614
f 7314 8473 3606 7359
f 3607 8480 3790 7407
f 7357 7363 3712 3714
f 3606 3605 8481 3798
f 3678 3677 3783 8481
f 3790 3789 3864 8349
f 3783 3782 3859 3870
f 3859 3858 3937 7517
f 7514 3936 8482 4090
f 4050 4086 7634 7633
f 4083 4049 7724 7723
f 4087 7571 7657 7665
f 7572 8482 7661 7660
f 8348 7656 7789 7788
f 7790 7785 8483 7944
f 7848 7850 7873 7860
f 7861 7864 7899 7898
f 7871 7876 7937 7934
f 7935 7940 8012 8005
f 7941 8483 8011 8010
f 8008 8010 8047 8046
f 98 103 172 165
f 100 97 170 179
f 166 175 206 203
f 176 169 340 348
f 204 209 8484 244
f 238 8484 342 8350
f 345 339 416 420
f 416 415 4269 480
f 477 4268 573 4360
f 4357 572 4427 4434
f 621 4430 4485 4484
f 4431 4426 4489 4493
f 4490 4488 4581 4590
f 4583 8353 4663 4662
f 4577 4580 4669 758
f 759 4668 4728 4727
f 842 841 7316 7315
f 4729 4731 4780 4773
f 847 8485 4839 4843
f 8485 845 4778 4777
f 4774 4783 4835 4834
f 4835 4838 4883 4878
f 4879 4882 4925 4920
f 4921 4924 4955 4954
f 1102 1101 1300 1295
f 1296 1299 1521 1516
f 1271 1270 2129 2132
f 1517 1520 1796 1791
f 1792 8486 2401 2404
f 8486 1809 2117 2120
f 1806 1813 2121 2124
f 2088 2087 2630 2620
f 2621 2620 2784 2787
f 2782 2781 3037 3040
f 5104 5107 5274 5273
f 5276 5279 5457 5456
f 5457 5471 5891 5890
f 5670 5673 8487 6210
f 5919 5922 6225 8487
f 5923 5926 6229 6228
f 5931 5934 6777 6776
f 6211 6214 6531 6526
f 6527 6530 6807 6802
f 6803 6806 6998 6997
f 3261 3260 3303 3298
f 3299 3302 3344 3339
f 3340 3343 3393 3388
f 3389 3388 3454 3447
f 3395 3392 8488 7323
f 3448 3457 3527 3529
f 3452 3451 7318 8488
f 3525 3524 3613 7361
f 3609 3608 8356 3722
f 7362 3612 3717 3713
f 3723 3716 3797 3802
f 3794 3793 3871 3874
f 3799 3796 3869 3878
f 3875 3868 7516 3942
f 3939 7515 4089 7578
f 7575 4088 7664 7663
f 7666 7663 7792 7803
f 8359 7796 8489 7843
f 7797 7791 7943 7952
f 7849 8489 7877 7874
f 7875 7880 7945 7938
f 7939 7948 8015 8013
f 7949 7942 8014 8018
f 102 101 178 173
f 174 177 8490 207
f 208 8490 347 343
f 256 352 421 424
f 349 346 419 427
f 419 418 479 484
f 481 478 4359 4364
f 577 8360 4429 4428
f 4361 8491 4492 4501
f 8491 4358 4433 4432
f 4429 4437 8492 4584
f 4494 4497 4585 8492
f 4498 4491 4589 4597
f 4585 4593 4673 4672
f 4673 4677 4730 4723
f 4730 4734 4784 4781
f 8361 848 4842 8363
f 4782 4787 8364 4841
f 1143 1142 1267 1321
f 1267 1266 1822 1825
f 1808 1807 2123 2118
f 2119 2136 2408 2402
f 2133 2139 3129 3132
f 2115 2114 2399 2417
f 2403 2402 2633 2631
f 2399 2398 2628 2638
f 2632 2631 2788 2785
f 2628 2627 2791 2794
f 2786 2785 5278 5277
f 3039 3038 5106 5105
f 5278 5281 5470 5469
f 5282 5285 5468 5467
f 5470 5474 5672 5671
f 5475 5467 5669 5668
f 5672 5679 5935 5920
f 5684 5668 5918 5917
f 5921 5924 6227 6226
f 6241 6243 6774 6773
f 6827 6773 7039 7038
f 3397 8365 7258 3455
f 8366 3396 8493 7261
f 3456 3461 3530 3528
f 3458 7258 8494 7807
f 7258 8493 7322 7321
f 3522 3528 3619 3616
f 3617 3616 3727 3720
f 3721 8495 3879 3872
f 8495 3720 3803 3806
f 3725 8367 8496 8494
f 3730 3724 3801 3810
f 3807 3800 8497 3946
f 3873 3872 8368 7519
f 3877 3876 3941 8497
f 3943 3940 7577 7582
f 7579 7576 7668 7667
f 7669 7672 7804 7708
f 7673 7667 7802 7801
f 7795 8496 8498 7878
f 7879 8498 7951 7946
f 7947 7950 8017 8016
f 351 356 428 422
f 353 350 426 435
f 423 8499 8500 4435
f 8499 431 485 488
f 432 425 483 491
f 4271 491 579 582
f 483 482 4363 4362
f 4365 4368 8501 8500
f 4369 4372 8502 674
f 579 4362 4500 8369
f 4436 8501 4502 4495
f 4438 4441 671 8502
f 4442 4445 675 678
f 4496 674 709 4591
f 671 678 851 854
f 4504 4499 4596 4595
f 4592 712 8503 4675
f 709 4599 8504 8372
f 4600 4595 4680 4688
f 4676 8503 8373 4732
f 4682 4685 4735 8504
f 4686 4679 8505 4791
f 4733 854 8375 4785
f 851 4738 4788 8374
f 4786 8505 2138 2134
f 912 917 995 998
f 914 920 999 1002
f 993 992 1118 1149
f 1115 1146 1322 1310
f 1141 1140 1320 1328
f 1311 1325 1546 1548
f 1320 1319 1552 1555
f 1540 1539 1816 1831
f 1812 1828 2153 2137
f 5037 1824 3149 3152
f 1824 1823 2131 2162
f 2135 2152 2418 2409
f 2149 2137 3133 3136
f 2131 2130 2428 2431
f 2410 8506 2795 2798
f 8506 2421 2639 2642
f 2790 2798 3077 5280
f 2793 2792 2926 2929
f 5152 5155 5284 5283
f 3077 5287 8507 5677
f 5478 5481 5687 8507
f 5678 5690 5946 5936
f 5697 5700 5933 5932
f 3131 3130 7260 7259
f 3133 5949 6244 6230
f 5954 5932 6242 3149
f 6247 6234 6550 6549
f 6556 6558 6830 6818
f 6562 6565 6829 6828
f 6819 6833 7040 7011
f 6834 6828 7036 7035
f 7043 7014 7148 7147
f 7150 7153 7222 7220
f 7154 7157 7226 7225
f 3460 8376 3533 3531
f 8377 3465 3537 3540
f 3462 3459 8380 3633
f 3532 8370 8508 3620
f 8371 8509 3734 3737
f 8509 3536 3626 3629
f 3533 3540 3815 3818
f 3621 8508 7382 3728
f 3624 3623 3732 8382
f 3729 3737 3811 3804
f 3732 3731 3809 3822
f 3805 3814 8510 3880
f 3811 8511 3951 3954
f 8511 3818 7451 3885
f 3815 7411 3886 3889
f 8378 3808 3945 3957
f 3881 8512 8513 7670
f 8512 8510 3947 3950
f 3882 3889 8514 7523
f 7453 7456 4095 4098
f 3947 3954 7587 7586
f 3951 8514 8515 4094
f 3945 3944 7581 7580
f 7583 4094 7676 8513
f 4091 8515 7680 7679
f 4095 7580 7675 7687
f 7671 7683 7808 7805
f 8381 7674 7799 7798
f 355 354 434 429
f 430 433 490 486
f 487 495 4370 4366
f 490 489 4373 580
f 4315 4318 4374 4370
f 4367 4370 673 4503
f 4371 4377 8516 4439
f 4378 4381 8517 4606
f 4382 4385 627 630
f 4386 580 8518 4449
f 4440 4443 677 672
f 4444 8516 679 676
f 4446 630 8519 8517
f 627 8520 4687 8383
f 8520 8521 4602 4601
f 8521 8518 8522 4505
f 673 672 8523 710
f 677 682 8524 852
f 4506 8522 2155 2150
f 711 710 3736 7383
f 4598 8523 8525 4683
f 4603 8519 8384 764
f 4684 8525 853 4736
f 4689 764 8526 8524
f 853 852 2797 5077
f 4737 8526 8386 4789
f 904 903 997 981
f 916 926 1006 996
f 923 915 1001 1011
f 919 918 990 1000
f 982 1005 1150 1144
f 990 989 1148 1157
f 1145 1153 1329 1323
f 1154 1147 1307 1336
f 1138 1137 1327 1339
f 1324 1332 1556 1547
f 1333 1306 1528 1562
f 1536 1559 1839 1826
f 1554 1553 5039 5038
f 1827 1842 2163 2154
f 1834 1833 2158 2169
f 2151 2166 2436 2419
f 2420 8385 2643 2640
f 2432 2439 3113 3116
f 2416 2415 2637 2649
f 2641 2646 2799 2796
f 2643 5064 3093 3096
f 2637 2636 8387 2805
f 2797 2796 3009 3012
f 5108 5111 5286 3078
f 3079 3078 3539 3534
f 5286 5290 5482 5479
f 5291 8388 5477 5476
f 5480 3096 8390 5688
f 5484 5476 5686 5685
f 5689 5704 5957 5947
f 3135 3134 8527 3820
f 5948 5960 6257 6245
f 5961 5951 6251 6250
f 6246 6260 6566 6545
f 3151 3150 6564 6563
f 6557 6569 6837 6831
f 6570 6537 6815 6844
f 6832 6840 7046 7041
f 6841 6814 7045 7053
f 6845 6835 7033 7032
f 7042 7049 7158 7137
f 7050 7044 7144 7143
f 7138 7151 7213 7212
f 7152 7163 7231 7223
f 7164 7155 7224 7234
f 7156 7143 7228 7227
f 3464 8389 8528 3538
f 3535 3534 8529 3627
f 3539 8530 7412 3816
f 8530 8528 3634 3637
f 3628 8529 8531 3735
f 3634 8391 8532 3744
f 8392 3631 8533 3893
f 3736 8531 3817 3812
f 3741 8532 8534 3965
f 3739 3738 8535 8533
f 3813 3812 3953 3948
f 3817 3816 3888 7452
f 7410 7415 8536 3887
f 3821 8527 7455 8535
f 3884 3883 7522 3952
f 3888 8536 3958 8394
f 7457 3893 8537 8534
f 3890 7454 3966 3969
f 3949 3948 7585 7584
f 3953 3961 4020 4023
f 3958 3965 4099 4102
f 3962 8537 4103 4106
f 3956 3955 7590 4096
f 4093 4092 7678 7677
f 8393 4102 7688 7681
f 4099 4106 7692 7691
f 4103 4096 7686 7695
f 7682 7685 7810 7809
f 494 499 4319 4316
f 496 493 8538 4326
f 4317 4322 4376 4375
f 4323 8538 4388 4391
f 4376 4379 4605 4604
f 4380 4383 629 4447
f 4384 4387 4448 628
f 629 628 2438 2433
f 681 680 763 4690
f 763 762 5063 2644
f 922 921 1008 1003
f 929 934 1016 1019
f 928 927 1013 1009
f 1004 1003 1158 1151
f 1013 1012 1156 1164
f 1152 1151 1340 1330
f 1161 1155 1335 1347
f 1135 1134 1338 1351
f 1331 1343 1563 1557
f 1344 1334 1561 1570
f 1348 1337 8396 1574
f 1558 1566 1843 1840
f 1567 1560 1830 1849
f 1841 1846 2176 2164
f 2165 2179 2440 2437
f 8395 2173 2430 2449
f 2434 2433 2650 5063
f 2645 2653 2806 2800
f 2801 8539 8540 3010
f 8539 2800 2930 2933
f 2804 2803 5293 5292
f 3011 8540 8541 5109
f 5110 8541 8542 5288
f 5156 5159 5289 8542
f 5289 5297 5487 5483
f 3095 3094 7364 3635
f 3094 5490 3115 5702
f 3115 3114 3892 7458
f 5703 5707 5970 5958
f 5711 5698 5969 8398
f 5959 5973 6261 6258
f 6259 6264 6573 6567
f 6265 6248 6572 6580
f 6568 6576 6848 6838
f 6577 6571 6843 6855
f 6581 8397 6847 6859
f 6839 6851 7048 7047
f 6852 6842 7052 7060
f 6856 6846 7030 7029
f 7048 7056 7160 7159
f 7057 7051 7168 7167
f 7160 7161 7230 7229
f 7171 7174 7240 7239
f 7166 7167 7236 7235
f 3636 3635 7414 7413
f 3743 3742 3964 3959
f 3892 3891 3968 8399
f 3960 3959 4024 4021
f 3970 3967 8543 4031
f 4022 4027 7592 7588
f 4028 8543 7591 7595
f 4101 4100 7690 7689
f 4105 4104 7694 7693
f 498 497 4325 4320
f 4321 4324 4390 4389
f 931 930 1018 1014
f 933 932 1021 1017
f 1015 1025 8544 1159
f 1026 1020 1163 1170
f 1160 1159 1352 1341
f 1165 8544 8545 7063
f 1163 1162 1346 1358
f 1132 1131 1350 1362
f 1342 1355 1575 1564
f 1346 1345 1569 1582
f 1359 1349 1573 1586
f 1565 1578 1850 1844
f 1579 1568 1848 1857
f 1583 1572 8401 1861
f 1845 1853 2183 2177
f 1854 1847 2168 2189
f 2178 2186 2450 2441
f 2442 2453 2654 2651
f 8400 2447 5713 8403
f 2652 2657 2809 2807
f 2808 2807 2934 2931
f 2932 2937 5160 5157
f 5158 5163 5296 5295
f 5296 5300 5491 5488
f 5489 5494 5715 5705
f 5706 5718 5977 5971
f 5972 5980 6268 6262
f 5981 5962 6267 6275
f 6263 6271 6585 6574
f 6272 6266 6579 6592
f 6276 8402 6583 6596
f 6575 6588 6860 6849
f 6589 6578 6854 6853
f 6593 6582 6858 6870
f 6850 6863 7055 7054
f 6864 6853 7059 7058
f 6867 6857 7027 7026
f 7055 8545 7177 7169
f 7064 7058 7176 7184
f 7170 7172 7238 7237
f 7173 7175 7242 7241
f 3972 3971 4030 4025
f 4026 4029 7594 7593
f 937 936 1028 1023
f 1024 1023 1171 1174
f 1028 1027 1169 1178
f 1167 1166 8405 1353
f 1175 1168 1357 1369
f 1129 1128 1361 1373
f 1354 1366 1587 1576
f 1357 1356 1581 1594
f 1370 1360 1585 1597
f 1577 1590 1862 1864
f 1591 1580 1856 1868
f 1585 1584 1860 1872
f 1865 1855 2188 2192
f 1869 1859 8546 2460
f 2452 2456 2658 2655
f 2457 8546 8547 5990
f 2656 2661 2812 2810
f 2811 2810 2938 2935
f 2936 2941 5164 5161
f 5162 5167 5299 5298
f 5299 5303 5495 5492
f 5493 5498 5719 5716
f 5984 5982 6274 6286
f 5987 8547 6278 6290
f 6280 6282 6597 6586
f 6283 6273 6591 6604
f 6287 6277 6595 6594
f 6587 6600 6871 6861
f 6601 6590 6866 6865
f 6605 6594 6869 6881
f 6862 8404 7062 7061
f 6875 6865 7066 7074
f 6878 6868 7024 7023
f 7067 7070 7179 7178
f 7071 7065 7183 7182
f 7179 7182 7245 7244
f 1031 1035 1179 1172
f 1032 1030 1177 1185
f 1173 1172 1374 1364
f 1182 1176 1368 1379
f 1126 1125 1372 1386
f 1365 1364 1598 1588
f 1368 1367 1593 1604
f 1317 1382 1605 1549
f 1383 1371 1596 1612
f 1589 1601 1873 1863
f 1593 1592 1867 1880
f 1550 1608 1881 1836
f 1609 1595 1871 1887
f 1852 1876 2193 2184
f 1877 1866 2191 2199
f 1837 1884 2200 2170
f 1871 1870 8548 2669
f 2185 2196 2461 2454
f 2171 2203 2465 2467
f 2455 2464 2662 2659
f 2459 2458 8549 8548
f 2660 2665 2815 2813
f 2666 8549 8550 5095
f 2814 2813 2942 2939
f 2940 2945 5168 5165
f 5092 8551 6289 6288
f 8551 8550 5989 5988
f 5166 5171 5302 5301
f 5302 5306 5499 5496
f 5497 5502 5722 5720
f 5721 5725 5991 5978
f 5726 5709 5986 5998
f 5710 5729 5999 5965
f 5979 5994 6291 6269
f 5995 5985 6285 6298
f 5966 6002 6299 6254
f 6281 6294 6608 6598
f 6295 6284 6603 6602
f 6255 6302 6615 6560
f 6303 6288 6607 6606
f 6599 6611 6873 6872
f 6612 6602 6877 6876
f 6561 6618 6888 6825
f 6619 6606 6880 6894
f 6873 6884 7069 7068
f 6885 6876 7073 7081
f 6891 6879 7021 7020
f 7069 7077 7187 7185
f 7078 7072 7186 7190
f 1034 1033 1184 1180
f 1181 1189 1387 1375
f 1186 1183 1378 1394
f 1122 1193 1395 1380
f 1190 1121 1385 1401
f 1376 1390 1613 1599
f 1391 1377 1603 1619
f 1381 1380 1620 1606
f 1398 1384 1611 1627
f 1600 1616 1888 1890
f 1603 1602 1879 1894
f 1607 1623 1895 1882
f 1624 1610 1886 1902
f 1891 1878 2198 2207
f 1883 1898 2208 2201
f 1899 1885 8552 2215
f 2204 2197 2444 2474
f 2202 2211 2471 2466
f 2212 8552 8553 6014
f 2463 2470 2670 2663
f 2664 2673 2818 2816
f 2668 2667 5094 5093
f 2817 2816 2946 2943
f 2944 2943 5170 5169
f 5112 5115 5305 5304
f 5305 5309 5503 5500
f 5501 5506 5730 5723
f 5733 5727 5997 6006
f 5728 5736 6007 6000
f 6003 5996 6297 6312
f 6001 6010 6313 6300
f 6011 8553 6305 6320
f 6306 6308 6622 6609
f 6309 6296 6614 6613
f 6301 6316 6629 6616
f 6317 6304 6621 6636
f 6610 6625 6895 6882
f 6626 6613 6887 6902
f 6617 6632 6890 6889
f 6633 6620 6893 6909
f 6883 6898 7082 7075
f 6899 6886 7080 7085
f 6890 6905 7086 7017
f 6906 6892 7018 7089
f 7076 7079 7189 7188
f 1188 1197 1402 1388
f 1194 1187 1393 1409
f 1192 1191 1400 1411
f 1389 1405 1628 1614
f 1406 1392 1618 1633
f 1400 1399 1626 1640
f 1615 1614 1903 1905
f 1618 1617 1893 1909
f 1622 1636 1910 1896
f 1637 1625 1901 1917
f 1906 1892 2206 2222
f 1897 1913 2223 2209
f 1914 1900 6319 6335
f 2195 2218 2475 2468
f 2219 2205 2473 2482
f 2210 2226 2479 2472
f 2214 2213 6013 6012
f 2469 2478 2674 2671
f 2672 2677 2821 2819
f 2820 2819 2949 2947
f 2948 2952 8554 5113
f 5114 8554 8555 5307
f 5172 5175 5308 8555
f 5308 5312 5507 5504
f 5505 5510 5737 5731
f 5732 5740 6015 5992
f 5741 5734 6005 6021
f 5735 5744 6022 6008
f 6018 6004 6311 6327
f 6009 6025 6328 6314
f 6321 6323 6637 6623
f 6324 6310 6628 6644
f 6315 6331 6645 6630
f 6332 6318 6635 6651
f 6624 6640 6910 6896
f 6641 6627 6901 6917
f 6648 6634 6908 6907
f 6897 6913 7090 7083
f 6914 6900 7084 7093
f 6918 6907 7088 7087
f 1196 1201 1412 1403
f 1198 1195 1408 1419
f 1404 1415 1641 1629
f 1416 1407 1632 1646
f 1397 1410 1639 1634
f 1630 1629 1918 1920
f 1632 1631 1908 1923
f 1635 1650 1924 1911
f 1647 1638 6650 6661
f 1908 1907 2221 2230
f 1912 1927 2231 2224
f 1916 1915 6334 6333
f 2227 2220 2481 2489
f 2225 2234 2486 2480
f 2477 2485 2678 2675
f 2676 2681 2824 2822
f 2823 2822 8556 2950
f 2951 8556 5176 5173
f 5174 5179 8557 5310
f 5311 8557 5511 5508
f 5509 5514 5745 5738
f 5748 5742 6020 6029
f 5743 5751 6030 6023
f 6026 6019 6326 6342
f 6024 6033 6343 6329
f 6336 6338 6639 6638
f 6339 6325 6643 6642
f 6330 6346 6658 6646
f 6639 6654 6920 6911
f 6655 6642 6916 6927
f 6647 6649 6919 6903
f 6912 6923 7094 7091
f 6924 6915 7092 7097
f 1200 1199 1418 1413
f 1414 1413 1651 1642
f 1418 1417 1645 1658
f 1643 1654 1932 1931
f 1655 1644 1922 1938
f 1649 1648 8558 1925
f 1935 1921 2229 2240
f 1926 8558 8559 2232
f 2217 2237 2490 2483
f 2229 2228 2488 2497
f 2233 8559 8560 2487
f 2484 2493 2682 2679
f 2494 2501 2685 2688
f 2498 8560 8561 2692
f 2680 2679 2827 2825
f 2689 8561 8562 2834
f 2826 2830 8563 5177
f 5078 5081 8564 5087
f 2831 8562 8565 2956
f 5084 8564 8566 3064
f 2953 8565 8567 5183
f 5178 8563 8568 5512
f 3061 8566 3081 3084
f 5180 8567 8569 5320
f 5313 5316 5513 8568
f 5317 8569 8570 5525
f 5513 5517 5752 5746
f 5518 5521 5760 5759
f 5522 8570 8571 5763
f 5747 5755 6034 6016
f 5756 5749 6028 6027
f 5750 8571 8572 6031
f 6037 6027 6341 6357
f 6032 8572 8573 6344
f 6347 6353 6662 6652
f 6354 6340 6657 6669
f 6345 8573 6660 6659
f 6653 6665 6922 6921
f 6666 6656 6926 6925
f 6922 6925 7096 7095
f 1421 1420 1657 1652
f 1653 1662 1939 1933
f 1659 1656 1937 1946
f 1934 1942 2251 2247
f 1943 1936 2239 2258
f 2236 2243 2502 2491
f 2248 2254 2506 2509
f 2255 2238 2496 2513
f 2492 2505 2693 2683
f 5054 8574 2838 2841
f 8574 2509 2696 2699
f 2510 2495 2687 2703
f 2500 2499 2691 2686
f 2684 2683 2835 2828
f 2700 2706 2846 2845
f 2691 2690 2833 5079
f 2829 2828 5315 5314
f 5082 2841 3085 3088
f 2842 8575 8576 5329
f 8575 8577 3013 3016
f 8577 2849 2957 2960
f 5080 2832 5319 3082
f 2955 2954 5182 5181
f 5116 5119 8578 8576
f 5184 5187 5330 8578
f 5315 5323 5516 5515
f 3085 5325 8579 3120
f 5326 5333 5537 5536
f 3083 5318 5524 5523
f 5516 5528 5764 5753
f 5529 5532 3117 8579
f 5533 5519 5758 5773
f 5520 5523 5762 5761
f 5754 5767 6040 6035
f 3117 5769 6050 6049
f 5770 5757 6039 6057
f 6043 6053 6358 6351
f 6054 6038 6356 6365
f 6352 6361 6670 6663
f 6362 6355 6668 6673
f 6664 6667 6929 6928
f 1661 1666 1947 1940
f 1663 1660 1945 1954
f 1941 1950 2259 2252
f 1951 1944 2257 2265
f 2250 2249 2508 5059
f 2253 2252 2517 2507
f 2262 2256 2512 2523
f 2504 2516 2707 2694
f 5056 8580 8581 5123
f 8580 5055 2840 5083
f 2508 2507 2710 2697
f 2520 2511 8582 2853
f 2695 2694 8583 2836
f 2698 2697 2961 2964
f 2702 2701 2844 8582
f 2705 2716 2854 2847
f 2713 2704 2858 2861
f 2837 8583 8584 5321
f 2840 2839 5324 3086
f 2850 2843 8585 5091
f 2848 2857 2965 2958
f 5088 8585 8586 3020
f 2959 2968 3021 3014
f 3017 8586 8587 3052
f 3015 3024 5124 5117
f 5120 8581 8588 3068
f 3049 8587 8589 5195
f 5118 5127 5196 5185
f 3065 8588 8590 3124
f 5188 5191 5531 5530
f 5192 8589 5328 5337
f 5186 5199 5338 5331
f 5322 8584 5527 5526
f 3087 3086 3119 8590
f 5334 5327 5535 5549
f 5332 5341 5550 5538
f 5342 5345 5539 5553
f 5527 5542 5774 5765
f 5531 5545 5768 3118
f 5546 5534 5772 5783
f 3121 3118 6048 6047
f 5768 5779 6052 6051
f 5780 5771 6056 6064
f 6052 6060 6366 6359
f 6061 6055 6364 6373
f 6360 6369 6674 6671
f 6370 6363 6672 6677
f 1665 1670 1955 1948
f 1667 1664 1953 1962
f 1930 1929 5122 5121
f 1949 1958 2269 2260
f 1959 1952 2264 2276
f 2242 2268 2524 2514
f 2246 2245 5058 5057
f 2261 2272 8591 2518
f 2273 2263 2522 2531
f 2515 2527 2862 2865
f 2519 8591 2717 2711
f 2528 2521 8592 2724
f 2709 2708 5541 5540
f 5065 5068 3097 3100
f 2712 2720 2969 2962
f 2721 8592 8593 5131
f 2715 2728 2866 2855
f 2852 8594 8595 8593
f 8594 2851 5090 5089
f 2856 2869 2973 2966
f 2963 2972 5200 5189
f 2967 2976 8596 3022
f 3019 3018 3051 8595
f 3023 8596 8597 5125
f 5128 3050 5194 3072
f 5126 8597 5204 5197
f 3067 3066 6349 6348
f 5190 5203 5554 5543
f 3069 8598 5548 5561
f 8598 5193 5336 5335
f 5198 5207 5350 5339
f 5346 5349 5784 5775
f 5340 5353 5562 5551
f 5544 5557 8599 5777
f 5558 5547 5782 5791
f 5776 5787 6065 6041
f 3123 3122 6045 6044
f 5778 8599 6068 6058
f 5788 5781 6063 6075
f 6059 6071 6374 6367
f 6072 6062 6372 6381
f 6368 6377 6678 6675
f 6378 6371 6676 6681
f 1669 1674 1969 1956
f 1671 1668 1961 1976
f 1875 1966 2277 2266
f 1957 1972 2281 2270
f 1973 1960 2275 2288
f 2267 2280 2532 2525
f 5042 5045 5067 5066
f 2271 8600 8601 2718
f 8600 2284 2536 2539
f 2285 2274 2530 2543
f 2526 2535 2870 2863
f 2540 2529 2723 2732
f 2719 8601 8602 2970
f 2729 2722 8603 2980
f 2727 2736 2873 2867
f 2733 2726 2877 2880
f 2864 2863 5348 5347
f 2868 2876 2981 2974
f 2971 8604 8605 5201
f 8604 8602 3025 3028
f 2977 8606 3071 5211
f 8606 8603 5130 5129
f 2975 2984 5212 5205
f 5096 5099 3053 3056
f 5202 8605 8607 5555
f 5208 3071 5790 5799
f 3071 3070 5560 5559
f 5206 5215 5361 5351
f 5348 5356 5792 5785
f 5357 5360 5566 8607
f 5352 5364 5570 5563
f 5365 5368 5564 5573
f 3099 3098 3137 3140
f 5556 5569 6080 6069
f 5786 5795 6076 6066
f 5796 5789 6074 6087
f 6067 6079 6382 6292
f 6070 6083 6388 6375
f 6084 6073 6380 6395
f 6376 6391 6682 6679
f 6392 6379 6680 6685
f 1673 1672 1975 1970
f 1977 1967 5044 5043
f 1971 1984 2292 2282
f 1981 1974 2287 2299
f 2279 2291 2544 2533
f 2283 2295 2548 2537
f 2296 2286 2542 2555
f 2534 2547 2881 2871
f 2538 8608 8609 3026
f 8608 8610 2884 2887
f 8610 2551 2737 2740
f 2552 2541 2731 2744
f 2741 2730 8611 3044
f 2735 2747 2888 2874
f 2872 2871 5355 5354
f 2875 2874 2985 2982
f 2979 2978 8612 8611
f 2983 2988 8613 5097
f 3027 8609 5372 5358
f 3041 8612 5210 5219
f 5098 8613 8614 3054
f 3055 8614 5220 5213
f 5216 5209 8615 5581
f 5214 5223 5363 5362
f 5355 5371 5800 5793
f 5359 5375 5574 5567
f 5363 5378 5582 5571
f 5568 5577 8616 6081
f 5578 8615 5798 5811
f 5794 5803 6088 6077
f 5804 5807 6091 8616
f 5808 5797 6086 6098
f 3139 3138 6387 6399
f 6082 6094 6390 6389
f 6095 6085 6394 6402
f 6390 6393 6684 6683
f 1965 1988 2300 2302
f 1983 1982 2298 2293
f 2294 2297 2554 2549
f 2546 2558 2891 2882
f 2550 2553 2743 2738
f 2739 2751 2894 2885
f 2748 2742 8617 2901
f 2746 2745 2879 2889
f 2883 2882 5370 5369
f 2886 8618 8619 5373
f 8618 2897 2989 2992
f 2898 8617 8620 5389
f 2890 2904 2993 2986
f 2879 2878 2997 3000
f 2987 8621 5232 5221
f 8621 2996 3029 3032
f 3043 3042 5218 5217
f 5224 5227 3101 3104
f 5228 5231 5382 8619
f 5222 5235 5390 5376
f 5236 5239 5367 5366
f 5370 5381 5812 5801
f 5374 5385 5585 5575
f 5386 8620 5580 5588
f 5377 5366 5584 5583
f 5576 5579 5810 5805
f 5806 5809 6097 6092
f 6099 6101 6403 6383
f 6093 6096 6401 6400
f 2290 2305 2559 2556
f 5046 5049 5226 5225
f 2557 2556 2905 2892
f 2750 2749 2900 2895
f 2893 2892 5380 5379
f 2896 2899 8622 2990
f 2903 2902 2999 2994
f 2991 8622 8623 5229
f 2995 2998 8624 3030
f 3031 8624 5238 5233
f 5230 8623 5388 5383
f 5234 5237 5392 5391
f 5380 5395 5814 5813
f 5384 5387 5587 5586
f 3103 3102 3141 3144
f 5814 5817 6102 6089
f 1987 2001 2306 2303
f 2002 8625 8626 6423
f 8625 1995 5048 5047
f 2304 2309 2562 2560
f 2561 2560 2908 2906
f 2907 2906 5394 5393
f 5394 5398 5816 5815
f 5816 5820 6105 6103
f 6104 6108 6416 6404
f 3143 3142 6415 8626
f 1689 1694 2006 2008
f 1691 1688 2004 2012
f 2308 2312 2565 2563
f 2564 2563 2911 2909
f 2910 2909 5397 5396
f 5397 5401 5819 5818
f 5819 5823 6109 6106
f 6112 8627 6702 6699
f 8627 6115 3153 3156
f 6424 6421 6700 6705
f 1693 1692 2011 2007
f 2000 2010 8628 2310
f 2311 8628 8629 2566
f 2567 8629 8630 2912
f 2913 8630 8631 5399
f 5400 8631 8632 5821
f 5822 8632 8633 6110
f 6111 6113 6418 6417
f 6114 8633 6426 3154
f 3155 6425 6704 6703
f 384 4242 4241 385
f 518 586 4404 519
f 577 4428 621 578
f 585 4467 4466 586
f 621 4484 4483 622
f 3771 7420 3836 3772
f 3794 3874 7448 3795
f 3836 7462 7461 3837
f 3873 7519 7518 3874
f 4050 7633 7632 4051
f 8634 4285 4284 257
f 8635 4234 4233 8634
f 256 424 382 8635
f 371 4401 4400 372
f 423 8636 4264 383
f 8636 4435 4429 4265
f 4405 4532 4531 4401
f 4429 8637 4485 4430
f 4468 4633 4632 4469
f 653 4644 4643 654
f 661 8638 4661 662
f 8637 4584 704 4486
f 685 4715 4714 686
f 4583 4662 8638 705
f 3493 7367 7366 3494
f 3515 7377 7376 3516
f 3566 3770 3769 3567
f 3578 7395 7394 3579
f 3602 7403 7402 3603
f 3609 3793 3792 3610
f 3659 3835 3833 3660
f 3721 3872 3871 3722
f 3833 7620 7619 3834
f 3881 8639 4085 3872
f 3987 8640 7707 3988
f 4042 8641 8640 4043
f 8639 7670 7634 4086
f 7669 7708 8641 7635
f 475 620 619 476
f 4266 576 575 475
f 4286 517 516 4287
f 4402 4455 4454 4403
f 4436 4495 4494 4437
f 649 684 683 650
f 665 703 702 666
f 4533 3658 3657 4534
f 696 4664 4647 697
f 4634 4709 4708 4635
f 8642 843 822 4648
f 786 866 4759 4709
f 842 8643 865 823
f 865 4820 4819 866
f 8643 8644 3438 4767
f 3374 3439 3427 3375
f 3427 7273 3486 3428
f 8644 7315 7304 3439
f 3486 3565 3564 3487
f 3586 7373 7372 3587
f 7368 7393 7392 7369
f 7378 7407 7406 7379
f 3759 3832 3831 3760
f 3805 3880 3879 3806
f 3866 7574 4083 3867
f 7520 4084 7574 7521
f 226 327 288 227
f 460 648 647 461
f 468 664 663 469
f 4456 4525 4524 4457
f 657 695 694 658
f 4496 4591 4585 4497
f 4585 4672 4671 4586
f 4710 3485 3484 4711
f 861 3435 3425 862
f 873 3437 3442 874
f 3617 3720 3719 3618
f 7365 8645 3757 3653
f 7374 7399 7398 7375
f 3729 3804 3803 3720
f 8645 7725 7711 3758
f 3779 4059 4048 3780
f 3790 4049 4058 3791
f 7777 7834 7833 7745
f 212 262 266 213
f 219 287 286 220
f 238 8350 324 239
f 8350 474 466 325
f 625 841 840 626
f 669 872 871 670
f 4526 4622 4621 4527
f 4592 4675 4673 4593
f 4631 8646 4702 4622
f 4673 4723 841 4674
f 4765 4813 4812 4766
f 871 4823 4822 4769
f 3368 3434 3433 3369
f 3378 3441 3440 3379
f 3445 3789 3788 3441
f 8647 3561 3555 3481
f 7316 3865 3864 3523
f 3522 3616 3615 7316
f 3555 3651 3650 3556
f 3621 3728 3727 3616
f 4078 8359 7779 4079
f 7713 7812 7811 7715
f 7746 7820 7819 7747
f 8359 7843 7842 7780
f 216 459 458 217
f 446 4340 4339 447
f 487 4366 4365 488
f 617 668 667 618
f 4474 8196 4704 4475
f 8196 860 4749 4706
f 4729 4773 4772 4725
f 3416 8209 3483 3417
f 3448 3529 3520 3449
f 8209 3778 3777 3479
f 7408 7445 7444 7409
f 3911 7550 7549 3912
f 3949 7584 7583 3950
f 4054 7816 7815 4055
f 190 245 214 191
f 522 584 583 523
f 569 624 623 570
f 4623 4696 4695 4624
f 4645 785 784 4646
f 4649 821 820 4650
f 4676 4732 4730 4677
f 4707 4746 4745 4696
f 4730 4781 4780 4731
f 3412 3482 3476 3413
f 3456 3528 3527 3457
f 3476 3554 3553 3477
f 7274 3577 3576 7275
f 7305 3601 3600 7306
f 3532 3620 3619 3528
f 7421 7466 7465 7422
f 7449 7511 7510 7450
f 7848 7860 7859 7818
f 4235 4289 4288 4236
f 4259 4312 4311 4261
f 4367 4503 4502 4368
f 637 4509 4508 638
f 711 7383 7382 712
f 798 870 863 799
f 814 864 869 815
f 4750 4805 4804 4752
f 4770 4827 4826 4771
f 3360 3415 3420 3361
f 3382 3444 3443 3383
f 7254 7281 7280 7253
f 7252 7297 7296 7255
f 3640 7389 7388 3641
f 3813 3948 3947 3814
f 3991 4041 4040 3992
f 4018 4077 4082 4019
f 186 211 210 187
f 204 244 243 205
f 442 4281 4280 443
f 494 4316 4315 495
f 593 652 651 594
f 613 660 659 614
f 673 710 709 674
f 806 868 867 807
f 7256 7289 7288 7257
f 3736 3812 3811 3737
f 7396 7428 7427 7397
f 7404 7442 7441 7405
f 3915 8648 3983 3916
f 3953 8649 7587 3954
f 8648 7537 7536 3984
f 4022 7588 8649 4023
f 7813 7856 7855 7814
f 7849 7874 7873 7850
f 252 370 369 253
f 4282 4332 4331 4283
f 4290 521 520 4291
f 4313 568 567 4314
f 4317 4375 4374 4318
f 3899 3982 3981 3900
f 7467 3990 3989 7468
f 7512 4017 4016 7513
f 3960 4021 4020 3961
f 7671 7805 7804 7672
f 4243 4293 4292 4244
f 4262 4308 4307 4263
f 597 656 655 598
f 4598 4683 4682 4599
f 4653 797 796 4652
f 4651 813 812 4654
f 4821 4860 4859 4815
f 3321 3373 3366 3322
f 7282 3591 3584 7283
f 7298 3585 3590 7299
f 3547 3639 3638 3548
f 3628 3735 3734 3629
f 7400 7432 7431 7401
f 3995 4053 4052 3996
f 4014 4081 4080 4015
f 122 189 188 123
f 4245 4297 4296 4246
f 530 588 587 531
f 565 616 615 566
f 4510 4612 4611 4511
f 4655 805 804 4656
f 4824 4863 4862 4825
f 3325 3377 3376 3326
f 7290 3589 3588 7291
f 7425 7474 7473 7426
f 7446 7507 7506 7447
f 3999 4057 4056 4000
f 7861 7898 7897 7862
f 359 445 444 360
f 514 636 635 515
f 715 3546 3545 716
f 4806 4853 4852 4807
f 4828 4871 4870 4829
f 4861 4901 4889 4853
f 4900 4936 4935 4890
f 3241 3281 3269 3242
f 3280 3320 3315 3270
f 3315 3359 3358 3316
f 3333 3381 3380 3334
f 3747 3914 3913 3748
f 4038 7605 7604 4039
f 136 8650 198 137
f 158 201 8651 159
f 4294 529 528 4295
f 506 596 601 507
f 4697 4742 4741 4698
f 4733 4785 4784 4734
f 4753 4797 4796 4754
f 4774 4834 4833 4775
f 4864 4908 4902 4865
f 4891 4974 4973 4893
f 8652 4993 4992 4937
f 877 8653 4980 8652
f 8653 8654 3221 4981
f 3175 8655 3239 3176
f 3213 3268 3273 3214
f 8654 7247 8655 3222
f 3288 3324 3323 3279
f 3352 3419 3418 3353
f 3389 3447 3446 3390
f 3404 3475 3474 3405
f 3460 3531 3530 3461
f 3855 4012 4003 3856
f 7508 4013 3998 7509
f 8656 7913 7912 7867
f 7870 7927 7926 8657
f 126 197 196 127
f 147 505 504 148
f 162 200 199 163
f 351 422 421 352
f 4309 564 559 4310
f 534 592 591 535
f 559 612 610 560
f 610 876 875 611
f 4894 4970 4969 4895
f 4909 4938 876 4910
f 4975 5012 5011 4970
f 4982 5024 5023 4983
f 4994 8658 1737 4995
f 953 8659 8658 954
f 8659 8660 5050 1738
f 8660 8661 3107 5051
f 2365 5637 5636 2366
f 2621 5456 5455 2622
f 2786 5277 5276 2787
f 8661 6178 6156 3108
f 8662 3174 3173 6157
f 6178 7107 7106 8662
f 3163 3220 3219 3164
f 3167 3212 3210 3168
f 3210 3272 3271 3211
f 3246 3854 3853 7248
f 3245 3287 3286 3246
f 7429 7477 7475 7430
f 7443 7502 7501 3854
f 3884 3952 3951 3885
f 7475 3994 3993 7476
f 4008 7923 7922 4009
f 4093 7677 7676 4094
f 7621 7701 7700 7622
f 7868 7902 7901 7869
f 7871 7934 7933 7872
f 4301 533 532 4300
f 4305 558 552 4306
f 542 604 599 533
f 552 609 600 553
f 4371 4439 4438 4372
f 641 714 713 642
f 4684 4736 4735 4685
f 4854 4932 4931 4855
f 4872 4912 4911 4873
f 4939 5000 4998 4940
f 4971 5070 5069 4972
f 4998 8663 5025 4999
f 5013 1736 1735 5014
f 8663 8664 951 5026
f 8664 2056 2055 952
f 1074 2364 2363 1075
f 2088 2620 2619 2089
f 5052 3106 3105 5053
f 2632 2785 2784 2620
f 2790 5280 5278 2785
f 3003 6471 6470 3004
f 5278 5469 5457 5279
f 5457 5890 5889 5458
f 5638 6970 6969 5639
f 6158 3166 3165 6159
f 6180 8665 7108 6181
f 3159 3209 3208 3160
f 8665 8666 3161 7109
f 8666 3178 3177 3162
f 3183 3244 3243 3178
f 3237 3314 3313 3238
f 3291 3332 3331 3292
f 3535 3627 3626 3536
f 7324 3746 3745 7325
f 7436 7483 7478 7435
f 7440 7494 7493 7434
f 7459 4037 4036 7460
f 7478 4006 4001 7479
f 7503 4011 4010 7494
f 114 185 184 115
f 166 203 202 167
f 430 486 485 431
f 4231 640 639 4232
f 4304 551 540 4303
f 550 603 602 541
f 4440 672 671 4441
f 767 3467 3466 768
f 853 8667 2635 854
f 4913 4946 4945 4914
f 4933 4962 4961 4934
f 5001 1073 1072 5002
f 1276 8668 2086 1277
f 1792 2087 8668 1793
f 2403 2631 2630 2404
f 8667 5077 2788 2631
f 5071 3002 3001 5072
f 3079 8669 5470 5281
f 5470 5671 5670 5471
f 8669 3534 3533 5472
f 8670 6782 6781 5892
f 5891 6210 6209 8670
f 6472 3158 3157 6473
f 6971 3182 3181 6972
f 3202 3236 3235 3203
f 3253 3290 3289 3254
f 3751 3824 3823 3752
f 3817 7452 7451 3818
f 7437 7496 7484 7438
f 7495 4007 4004 7485
f 7553 7609 7608 7554
f 7857 7890 7889 7858
f 7875 7938 7937 7876
f 645 766 765 646
f 677 852 851 678
f 4798 4845 4844 4799
f 4947 5008 5007 4948
f 4963 3201 3200 4964
f 889 1275 1274 890
f 2119 2402 2401 2120
f 2410 2634 2633 2402
f 2797 3078 3077 2798
f 3011 5109 5108 3012
f 5473 5677 5672 5474
f 5672 5920 5919 5673
f 6783 7196 7195 6784
f 3190 3252 3251 3191
f 3307 3351 3350 3308
f 3472 3750 3749 3473
f 3539 3816 3815 3540
f 3888 7681 7680 3889
f 4444 676 675 4445
f 4747 4793 4792 4748
f 4782 4841 4835 4783
f 4835 4878 4877 4836
f 5009 888 887 5010
f 1517 1791 1790 1518
f 2641 2796 2795 2642
f 2801 3010 3009 2796
f 5110 5288 5286 5111
f 5286 5479 5478 5287
f 6211 6526 6525 6212
f 7197 3189 3188 7198
f 3340 3388 3387 3341
f 3348 3411 3410 3349
f 3397 3455 3454 3388
f 7390 3828 3827 7391
f 182 265 264 183
f 208 343 342 209
f 4398 644 643 4399
f 4693 4740 4739 4694
f 4737 4789 4788 4738
f 4846 4886 4885 4847
f 1296 1516 1515 1297
f 2932 5157 5156 2933
f 6527 6802 6801 6528
f 3265 3306 3305 3266
f 3400 3471 3470 3401
f 3464 3538 3537 3465
f 7410 3887 3886 7411
f 7716 7852 7851 7717
f 7795 7878 7877 7796
f 69 143 130 70
f 142 7921 7905 131
f 633 4608 4607 634
f 681 4690 4689 682
f 1102 1295 1294 1103
f 1808 2118 2117 1809
f 2645 2800 2799 2646
f 2808 2931 2930 2800
f 5158 5295 5289 5159
f 5289 5483 5482 5290
f 5921 6226 6225 5922
f 6803 6997 6996 6804
f 3543 7385 7384 3544
f 3636 7413 7412 3637
f 7920 7988 7987 7906
f 61 129 134 62
f 73 157 145 74
f 106 181 180 107
f 174 207 206 175
f 4879 4920 4919 4880
f 4887 5020 5019 4888
f 2420 2640 2639 2421
f 2936 5161 5160 2937
f 5480 5688 5687 5481
f 3194 3264 3263 3195
f 3299 3339 3338 3300
f 7853 7882 7881 7854
f 7879 7946 7945 7880
f 7907 7980 7979 7909
f 7928 7991 7990 7925
f 45 133 132 46
f 89 161 160 72
f 438 4273 4272 439
f 498 4320 4319 499
f 5021 3193 3192 5022
f 2135 2409 2408 2136
f 2652 2807 2806 2653
f 2811 2935 2934 2807
f 5162 5298 5296 5163
f 5296 5488 5487 5297
f 5678 5936 5935 5679
f 3975 7533 7532 3976
f 4026 7593 7592 4027
f 7910 7966 7965 7911
f 7935 8005 7992 7936
f 37 113 112 38
f 98 165 164 99
f 140 7916 7915 141
f 151 7930 7929 8671
f 4274 4328 4327 4275
f 4321 4389 4376 4322
f 4376 680 679 4377
f 763 2644 2643 764
f 857 3399 3398 858
f 2940 5165 5164 2941
f 3095 3635 3634 3096
f 7414 3959 3958 7415
f 3896 3974 3973 3897
f 3972 4025 4024 3959
f 4101 7689 7688 4102
f 7891 7958 7957 7892
f 7939 8013 8012 7940
f 65 139 138 44
f 79 150 149 80
f 363 4513 4512 364
f 739 809 808 740
f 4921 4954 4953 4922
f 5063 3094 3093 5064
f 2656 2810 2809 2657
f 2814 2939 2938 2810
f 5166 5301 5299 5167
f 5299 5492 5491 5300
f 3261 3298 3297 3262
f 7294 7344 7343 7295
f 3644 8672 3903 3645
f 8672 8673 7541 3904
f 3964 4100 4099 3965
f 8673 7613 7612 7542
f 7917 7982 7967 7918
f 7931 8000 7999 7932
f 33 105 104 34
f 102 173 172 103
f 4333 7417 7416 4334
f 4380 4447 4446 4381
f 4514 4614 4613 4515
f 4563 738 737 4564
f 2944 5169 5168 2945
f 3551 3643 3642 3552
f 7345 3693 3692 7346
f 4034 7597 7596 4035
f 4105 7693 7692 4106
f 7883 7954 7953 7884
f 7947 8016 8015 7948
f 14 8674 64 15
f 248 362 361 249
f 629 2433 2432 630
f 692 789 788 693
f 700 825 824 701
f 2442 2651 2650 2433
f 2660 2813 2812 2661
f 2817 2943 2942 2813
f 2948 5113 5112 2943
f 5170 5304 5302 5171
f 5302 5496 5495 5303
f 5489 5705 3115 5490
f 3115 7458 7457 3116
f 3507 3681 3680 3508
f 3511 3701 3700 3512
f 7682 7809 7808 7683
f 7995 8032 8031 7983
f 7 4200 4199 8
f 21 4208 4207 22
f 223 691 689 224
f 241 699 698 242
f 4384 628 627 4385
f 689 795 4716 690
f 708 4721 830 699
f 794 3506 3497 795
f 830 3510 3509 831
f 2438 3114 3113 2439
f 2664 2816 2815 2665
f 2820 2947 2946 2816
f 5114 5307 5305 5115
f 5305 5500 5499 5306
f 3497 3687 7370 3498
f 3519 7380 3706 3510
f 3686 7823 7822 3687
f 3706 7846 7845 3707
f 3892 4104 4103 3893
f 3907 4033 4032 3908
f 4135 8024 8023 4136
f 4147 8039 8038 4148
f 41 7962 7961 42
f 355 429 428 356
f 735 801 800 736
f 743 817 816 744
f 2452 2655 2654 2453
f 2951 5173 5172 2952
f 5493 5716 5715 5494
f 7286 7340 7339 7287
f 7302 7348 7347 7303
f 7543 7601 7600 7544
f 7614 7697 7696 7601
f 8675 688 687 50
f 86 707 706 8676
f 155 317 316 156
f 4518 4618 4617 4519
f 4559 734 733 4560
f 775 3496 3495 4717
f 4722 3518 3517 835
f 4743 3403 3402 4744
f 2455 2659 2658 2456
f 2672 2819 2818 2673
f 2823 2950 2949 2819
f 5174 5310 5308 5175
f 5308 5504 5503 5309
f 5497 5720 5719 5498
f 7341 3689 3688 7342
f 3667 8677 7969 7371
f 7381 8003 8678 3711
f 4121 4154 4159 4122
f 7824 4134 4133 7825
f 82 154 153 83
f 322 4252 8679 323
f 510 7529 7528 511
f 2151 2419 2418 2152
f 2463 2663 2662 2464
f 2676 2822 2821 2677
f 2826 5177 5176 2822
f 5311 5508 5507 5312
f 5501 5723 5722 5502
f 5689 5947 5946 5690
f 4066 4120 4119 8680
f 4161 7997 7996 4162
f 18 81 53 19
f 4786 2134 2133 4787
f 2165 2437 2436 2166
f 2469 2671 2670 2470
f 2680 2825 2824 2681
f 5178 5512 5511 5179
f 5505 5731 5730 5506
f 5703 5958 5957 5704
f 3131 7259 7258 3132
f 3408 7704 7703 3409
f 7998 8035 8034 7973
f 11 52 56 12
f 25 92 84 26
f 731 793 792 732
f 747 829 828 748
f 941 5032 5031 942
f 2138 3130 3129 2139
f 2477 2675 2674 2478
f 2829 5314 5313 2830
f 5509 5738 5737 5510
f 7278 7336 7335 7279
f 7309 7352 7351 7310
f 3624 7798 8496 3625
f 4174 8028 8027 7975
f 8007 8042 8041 4173
f 229 298 297 230
f 235 321 320 236
f 4555 730 729 4556
f 4571 746 745 4572
f 2178 2441 2440 2179
f 2484 2679 2678 2485
f 2684 2828 2827 2679
f 2837 5321 5315 2828
f 5315 5515 5513 5316
f 5513 5746 5745 5514
f 5706 5971 5970 5707
f 7337 3685 3684 7338
f 7353 3705 3704 7354
f 7757 7831 7830 7758
f 7775 7840 7839 7776
f 232 305 304 233
f 2185 2454 2450 2186
f 2492 2683 2682 2493
f 2695 2836 2835 2683
f 5322 5526 5516 5323
f 5516 5753 5752 5517
f 5721 5978 5977 5718
f 7763 7837 7836 7764
f 3 55 54 4
f 29 91 90 30
f 2195 2468 2461 2196
f 2504 2694 2693 2505
f 2709 5540 5527 2694
f 5527 5765 5764 5528
f 5732 5992 5991 5725
f 7976 8020 8019 7977
f 8008 8046 8045 4177
f 4506 2150 2149 4507
f 723 774 779 724
f 751 846 832 752
f 2217 2483 2475 2218
f 2515 2708 2707 2516
f 2864 5347 5346 2865
f 5541 5775 5774 5542
f 5747 6016 6015 5740
f 3135 3820 3819 3136
f 7267 7331 7330 7269
f 7317 7356 7355 7313
f 490 580 579 491
f 4540 722 721 4542
f 4576 750 749 4575
f 1812 2137 2121 1813
f 2155 3134 3133 2137
f 2236 2491 2490 2237
f 2526 2863 2862 2527
f 2872 5354 5348 2863
f 5348 5785 5784 5349
f 5754 6035 6034 5755
f 3133 6230 6229 5926
f 7332 3666 3671 7333
f 7357 3714 3708 7358
f 3956 4096 4095 3957
f 1827 2154 2153 1828
f 2242 2514 2502 2243
f 2534 2871 2870 2535
f 2883 5369 5355 2871
f 5355 5793 5792 5356
f 5776 6041 6040 5767
f 5948 6245 6244 5949
f 1841 2164 2163 1842
f 2267 2525 2524 2268
f 2546 2882 2881 2547
f 2893 5379 5370 2882
f 5370 5801 5800 5371
f 5786 6066 6065 5787
f 5959 6258 6257 5960
f 719 4713 4712 720
f 759 4727 4726 760
f 1845 2177 2176 1846
f 2279 2533 2532 2280
f 2557 2892 2891 2558
f 2907 5393 5380 2892
f 5380 5813 5812 5381
f 5794 6077 6076 5795
f 5972 6262 6261 5973
f 3490 7327 7326 3491
f 3525 7361 7360 3526
f 4577 758 757 4578
f 782 3489 3488 783
f 1852 2184 2183 1853
f 2290 2556 2544 2291
f 2561 2906 2905 2556
f 2910 5396 5394 2906
f 5394 5815 5814 5395
f 5814 6089 6088 5803
f 5979 6269 6268 5980
f 7362 3713 3712 7363
f 277 4637 4636 278
f 1875 2266 2193 1876
f 2304 2560 2559 2305
f 2564 2909 2908 2560
f 2913 5399 5397 2909
f 5397 5818 5816 5398
f 5816 6103 6102 5817
f 6067 6292 6291 5994
f 3570 7731 7730 3571
f 838 2091 2090 839
f 1965 2302 2277 1966
f 2308 2563 2562 2309
f 2567 2912 2911 2563
f 5400 5821 5819 5401
f 5819 6106 6105 5820
f 3127 3500 3505 3128
f 6099 6383 6382 6079
f 755 837 836 756
f 8681 8682 3503 4720
f 1536 1826 1810 1537
f 1987 2303 2300 1988
f 2311 2566 2565 2312
f 5822 6110 6109 5823
f 6104 6404 6403 6101
f 6246 6545 6544 6232
f 7314 7359 3582 3504
f 284 726 725 285
f 336 754 753 337
f 753 2368 2367 4640
f 1558 1840 1839 1559
f 1781 3146 3145 1782
f 2000 2310 2306 2001
f 3111 3581 3574 3112
f 6111 6417 6416 6108
f 6259 6567 6566 6260
f 3580 7751 7737 3575
f 3606 8683 3933 3581
f 8683 8684 4068 3934
f 8684 7788 7750 4069
f 1524 1795 1794 1525
f 2372 3110 3109 2373
f 6215 6534 6533 6216
f 8685 3932 3931 8686
f 4074 7650 7649 4075
f 296 394 388 283
f 330 401 400 301
f 1565 1844 1843 1566
f 6263 6574 6573 6264
f 4107 7752 7742 7637
f 7651 7781 7760 4108
f 1311 1548 1534 1312
f 1577 1864 1850 1578
f 6280 6586 6585 6271
f 6556 6818 6817 6547
f 1303 1523 1506 1304
f 1324 1547 1546 1325
f 1506 1780 1779 1507
f 1689 2008 1998 1690
f 6200 6515 6514 6201
f 8687 6699 6698 6419
f 6535 6810 6809 6515
f 6557 6831 6830 6558
f 1331 1557 1556 1332
f 1685 1986 1991 1686
f 1693 2007 2006 1694
f 6405 6695 6694 6407
f 3155 6703 6702 3156
f 6568 6838 6837 6569
f 314 4228 4227 315
f 392 463 462 393
f 412 471 470 413
f 1115 1310 1309 1116
f 1589 1863 1862 1590
f 2073 2371 2370 2074
f 5641 5879 5878 5642
f 6114 3154 3153 6115
f 6281 6598 6597 6282
f 6408 6691 6690 6409
f 6516 6790 6789 6517
f 6819 7011 7010 6820
f 7567 7641 7640 7568
f 7572 7660 7659 7573
f 4117 7770 7769 4118
f 1105 1302 1284 1106
f 1145 1323 1322 1146
f 1284 1505 1504 1285
f 1342 1564 1563 1343
f 1681 1990 1989 1682
f 6575 6849 6848 6576
f 6811 7001 7000 6812
f 6832 7041 7040 6833
f 1152 1330 1329 1153
f 1354 1576 1575 1355
f 1677 1964 1968 1678
f 1766 2072 2071 1767
f 6384 6687 6686 6386
f 6587 6861 6860 6588
f 6839 7047 7046 6840
f 982 1144 1094 983
f 1094 1283 1282 1095
f 1600 1890 1873 1601
f 6306 6609 6608 6294
f 6791 6989 6988 6792
f 7042 7137 7136 6989
f 1004 1151 1150 1005
f 1160 1341 1340 1151
f 1488 1765 1764 1489
f 5880 6497 6496 5881
f 6850 7054 7048 6851
f 7048 7159 7158 7049
f 904 981 969 905
f 969 1093 1092 970
f 1260 1487 1486 1261
f 1365 1588 1587 1366
f 6498 6767 6766 6499
f 6599 6872 6871 6600
f 6990 7123 7122 6991
f 7138 7212 7211 7123
f 893 968 967 894
f 922 1003 997 903
f 1015 1159 1158 1003
f 1082 1259 1258 1083
f 1167 1353 1352 1159
f 6768 6978 6977 6769
f 6862 7061 7055 6863
f 7055 7169 7160 7056
f 7124 7200 7199 7125
f 7160 7229 7213 7151
f 907 984 972 892
f 916 996 995 917
f 931 1014 1008 921
f 1615 1905 1888 1616
f 6321 6623 6622 6308
f 7140 7214 7201 7127
f 7152 7223 7222 7153
f 7170 7237 7230 7161
f 897 971 961 898
f 925 1007 1006 926
f 961 1081 1080 962
f 1024 7178 7177 1025
f 1173 1364 1363 1174
f 1376 1599 1598 1364
f 6610 6882 6873 6611
f 6873 7068 7067 6874
f 6979 7115 7114 6980
f 7128 7204 7203 7115
f 7162 7232 7231 7163
f 885 960 959 886
f 7116 7192 7191 7117
f 937 1023 1022 938
f 1031 1172 1171 1023
f 1181 1375 1374 1172
f 6883 7075 7069 6884
f 7069 7185 7179 7070
f 7179 7244 7243 7180
f 1389 1614 1613 1390
f 1630 1920 1903 1614
f 6336 6638 6637 6323
f 6624 6896 6895 6625
f 1034 1180 1179 1035
f 7076 7188 7187 7077
f 1188 1388 1387 1189
f 6897 7083 7082 6898
f 1404 1629 1628 1405
f 1643 1931 1918 1629
f 6347 6652 6639 6338
f 6639 6911 6910 6640
f 1196 1403 1402 1197
f 6912 7091 7090 6913
f 1414 1642 1641 1415
f 2840 3086 3085 2841
f 6653 6921 6920 6654
f 1653 1933 1932 1654
f 2698 2839 2838 2699
f 2963 5189 5188 2964
f 5324 5530 5529 5325
f 6352 6663 6662 6353
f 2508 2697 2696 2509
f 2712 2962 2961 2697
f 5190 5543 5531 5191
f 5531 3118 3117 5532
f 2253 2507 2506 2254
f 2519 2711 2710 2507
f 5544 5777 5768 5545
f 5768 6051 6050 5769
f 1200 1413 1412 1201
f 1421 1652 1651 1413
f 6664 6928 6922 6665
f 6922 7095 7094 6923
f 1941 2252 2251 1942
f 2261 2518 2517 2252
f 5778 6058 6052 5779
f 6052 6359 6358 6053
f 1949 2260 2259 1950
f 2971 5201 5200 2972
f 6059 6367 6366 6060
f 1661 1940 1939 1662
f 2719 2970 2969 2720
f 5202 5555 5554 5203
f 6360 6671 6670 6361
f 2271 2718 2717 2272
f 5556 6069 6068 5557
f 1665 1948 1947 1666
f 6368 6675 6674 6369
f 1957 2270 2269 1958
f 6070 6375 6374 6071
f 3027 5358 5357 3028
f 2538 3026 3025 2539
f 5359 5567 5566 5360
f 1669 1956 1955 1670
f 2283 2537 2536 2284
f 5568 6081 6080 5569
f 6376 6679 6678 6377
f 1971 2282 2281 1972
f 2886 5373 5372 2887
f 6082 6389 6388 6083
f 2739 2885 2884 2740
f 2550 2738 2737 2551
f 5374 5575 5574 5375
f 5576 5805 5804 5577
f 2294 2549 2548 2295
f 5806 6092 6091 5807
f 2991 5229 5228 2992
f 1673 1970 1969 1674
f 2896 2990 2989 2897
f 5230 5383 5382 5231
f 1983 2293 2292 1984
f 2750 2895 2894 2751
f 5384 5586 5585 5385
f 6093 6400 6390 6094
f 6390 6683 6682 6391
f 3015 5117 5116 3016
f 2959 3014 3013 2960
f 5118 5185 5184 5119
f 2848 2958 2957 2849
f 3023 5125 5124 3024
f 5186 5331 5330 5187
f 2967 3022 3021 2968
f 5126 5197 5196 5127
f 2856 2966 2965 2857
f 5198 5339 5338 5199
f 933 1017 1016 934
f 2975 5205 5204 2976
f 7173 7241 7240 7174
f 2868 2974 2973 2869
f 5206 5351 5350 5207
f 901 974 964 902
f 928 1009 1001 915
f 2705 2847 2846 2706
f 5332 5538 5537 5333
f 7131 7208 7207 7120
f 7166 7235 7224 7155
f 910 986 979 900
f 919 1000 999 920
f 2715 2855 2854 2716
f 5340 5551 5550 5341
f 7142 7216 7209 7133
f 7156 7227 7226 7157
f 2983 5097 5096 2984
f 3055 5213 5212 3056
f 2875 2982 2981 2876
f 5098 3054 3053 5099
f 5214 5362 5361 5215
f 2727 2867 2866 2728
f 5352 5563 5562 5353
f 2987 5221 5220 2988
f 2735 2874 2873 2736
f 2890 2986 2985 2874
f 5222 5376 5363 5223
f 5363 5571 5570 5364
f 3031 5233 5232 3032
f 2746 2889 2888 2747
f 2995 3030 3029 2996
f 5377 5583 5582 5378
f 2903 2994 2993 2904
f 5234 5391 5390 5235
f 2500 2686 2685 2501
f 5520 5761 5760 5521
f 2171 2467 2427 2172
f 5710 5965 5964 5695
f 2145 2426 2411 2146
f 2202 2466 2465 2203
f 5080 3082 3081 5081
f 5696 5941 5940 5683
f 5728 6000 5999 5729
f 2210 2472 2471 2211
f 2388 2624 2623 2389
f 5461 5656 5655 5462
f 5735 6008 6007 5736
f 2112 2405 2394 2113
f 2225 2480 2479 2226
f 5676 5913 5912 5666
f 5743 6023 6022 5744
f 1837 2170 2148 1838
f 2614 2773 2772 2615
f 5266 5449 5448 5267
f 5966 6254 6253 5944
f 1820 2147 2099 1821
f 1883 2201 2200 1884
f 2110 2387 2386 2100
f 5657 5915 5898 5658
f 5945 6238 6237 5899
f 6001 6300 6299 6002
f 1550 1836 1835 1551
f 1804 2098 2102 1805
f 1897 2209 2208 1898
f 2380 2613 2612 2381
f 5450 5648 5647 5451
f 5900 6222 6221 5902
f 6009 6314 6313 6010
f 6255 6560 6559 6256
f 1544 1819 1818 1545
f 1607 1882 1881 1608
f 1788 2101 2080 1789
f 1912 2224 2223 1913
f 2080 2379 2378 2081
f 3035 5149 5148 3036
f 5649 5887 5886 5650
f 5903 6207 6206 5887
f 6024 6329 6328 6025
f 6239 6553 6552 6240
f 6301 6616 6615 6302
f 1317 1549 1532 1318
f 1542 1803 1802 1533
f 1622 1896 1895 1623
f 2233 2487 2486 2234
f 2603 3034 3033 2604
f 5150 5438 5437 5151
f 5750 6031 6030 5751
f 6223 6555 6540 6224
f 6315 6630 6629 6316
f 6561 6825 6824 6541
f 1314 1531 1513 1315
f 1381 1606 1605 1382
f 1530 1787 1773 1514
f 1635 1911 1910 1636
f 1773 2079 2065 1774
f 2065 2602 2601 2066
f 5439 5871 5870 5440
f 5888 6194 6193 5871
f 6208 6543 6522 6194
f 6330 6646 6645 6331
f 6542 6822 6821 6523
f 6617 6889 6888 6618
f 1122 1380 1292 1123
f 1292 1512 1495 1293
f 1397 1634 1620 1380
f 1495 1772 1758 1496
f 1758 2064 2063 1759
f 2358 5631 5630 2359
f 5872 6183 6182 5873
f 6195 6505 6504 6183
f 6524 6798 6797 6505
f 6647 6903 6890 6632
f 6890 7017 7016 6798
f 1112 1291 1263 1113
f 1192 1411 1395 1193
f 1290 1494 1477 1264
f 1477 1757 1752 1478
f 1752 2357 2351 1753
f 1926 2232 2231 1927
f 2351 5624 5623 2352
f 5632 6173 6172 5624
f 6032 6344 6343 6033
f 6184 6486 6485 6173
f 6506 6800 6770 6486
f 6799 7008 7007 6771
f 6918 7087 7086 6905
f 1090 1262 1250 1091
f 8688 1751 1745 1251
f 1250 1476 1475 8688
f 1649 1925 1924 1650
f 1745 2350 2344 1746
f 2344 5616 5615 2345
f 5625 6165 6164 5616
f 6174 8689 6752 6165
f 6345 6659 6658 6346
f 6487 6753 8689 6488
f 6772 6986 6985 6753
f 1246 1744 1743 1247
f 1469 2343 2341 1470
f 2341 5253 5252 2342
f 5617 6479 6478 5618
f 6166 6749 6748 6167
f 1070 1249 1254 1071
f 1242 1468 1466 1243
f 1466 2340 2339 1467
f 2041 5851 5850 2042
f 5254 6475 6474 5255
f 6480 6745 6744 6475
f 6754 6963 6962 6756
f 1458 2040 2039 1459
f 1725 6146 6145 1726
f 5852 6463 6462 5853
f 1066 1253 1252 1067
f 1448 1724 1722 1449
f 1722 6142 6141 1723
f 6147 6453 6452 6142
f 6757 6960 6959 6758
f 1229 1465 1464 1230
f 1715 6135 6134 1716
f 6476 6732 6731 6477
f 2033 5843 5842 2034
f 1060 1245 1244 1061
f 1222 1457 1456 1223
f 1440 1721 1720 1441
f 2029 8690 3059 2030
f 8690 8691 5604 3060
f 8691 5839 5838 5605
f 6143 6445 6444 6144
f 6464 6726 6725 6465
f 6750 6953 6952 6751
f 1708 2032 2031 1709
f 8692 5598 5597 2324
f 2323 3058 3057 8692
f 5606 5836 5835 5598
f 5844 6128 6127 5845
f 1056 1241 1240 1057
f 2025 2322 2327 2026
f 2577 5410 5409 2578
f 6746 6950 6949 6747
f 1215 1447 1446 1216
f 1432 1714 1713 1433
f 2319 2576 2575 2320
f 5411 5594 5593 5412
f 6136 6437 6436 6137
f 6454 6718 6717 6455
f 1050 1228 1227 1051
f 1700 2028 2027 1701
f 2573 5407 5406 2574
f 5840 6121 6120 5841
f 6733 6943 6942 6734
f 2019 2326 2325 2020
f 5599 5829 5828 5600
f 949 1065 1058 950
f 1046 1231 1208 1047
f 1208 1450 1438 1209
f 1428 1707 1706 1429
f 2161 5955 5954 2162
f 2570 5403 5402 2571
f 6129 6433 6432 6130
f 6458 6711 6710 6447
f 6737 6939 6938 6711
f 6761 6966 6961 6762
f 6961 7103 7102 6955
f 1038 1207 1204 1039
f 1206 1431 1430 1205
f 1424 1699 1697 1425
f 1697 2024 2015 1698
f 2015 2329 2315 2016
f 2328 2579 2569 2316
f 5415 5603 5589 5404
f 5602 5825 5824 5590
f 5837 6117 6116 5825
f 6122 6429 6428 6117
f 6438 6713 6706 6439
f 6712 6931 6930 6707
f 260 476 475 344
f 619 8642 4663 620
f 3607 3867 3866 3608
f 3657 7464 7463 3658
f 3985 7710 7722 3986
f 4083 7723 7794 7574
f 263 461 460 289
f 326 469 468 259
f 647 862 861 648
f 663 874 873 664
f 4629 3563 3562 4630
f 3425 3780 3779 3435
f 3442 3791 3790 3437
f 4048 7712 7744 4059
f 4058 7778 7724 4049
f 466 670 669 467
f 467 626 625 474
f 8646 8647 3480 4703
f 840 872 8693 841
f 871 3441 8694 8693
f 3445 3523 7316 8694
f 3788 4079 7569 3789
f 3864 7569 4078 3865
f 458 590 589 459
f 859 7251 3416 860
f 7423 4055 4054 7424
f 3909 7552 7551 3910
f 3947 7586 7585 3948
f 4369 674 673 4370
f 709 3737 3736 710
f 3811 3954 3953 3812
f 120 195 194 121
f 444 515 514 445
f 635 716 715 636
f 3545 3748 3747 3546
f 3913 4039 4038 3914
f 7863 7900 7899 7864
f 8650 507 506 8651
f 601 4903 4902 596
f 3278 3856 3855 3279
f 4003 8656 8657 4012
f 504 611 610 505
f 4996 2058 2057 4997
f 6178 3180 3179 6179
f 3853 4009 4008 3854
f 3951 4094 4093 3952
f 512 642 641 513
f 4691 3469 3468 4692
f 3745 3826 3825 3746
f 3882 7523 7522 3883
f 4036 7607 7606 4037
f 4091 7679 7678 4092
f 639 768 767 640
f 671 854 853 672
f 3466 3752 3751 3467
f 3533 3818 3817 3534
f 4396 646 645 4397
f 4442 678 677 4443
f 765 3473 3472 766
f 851 2798 2797 852
f 3077 3540 3539 3078
f 3749 3830 3829 3750
f 3815 3889 3888 3816
f 124 7904 7919 144
f 4215 307 306 4216
f 4657 811 810 4658
f 7292 3595 3594 7293
f 7761 4129 4128 7762
f 4211 300 299 4212
f 4218 319 318 4219
f 4561 4660 4659 4562
f 3592 3695 3694 3593
f 7755 4126 4125 7756
f 7773 4132 4131 7774
f 45 7966 7985 67
f 77 4204 8695 72
f 4203 4214 8696 8695
f 4220 7301 8697 8696
f 7300 3599 8698 8697
f 3598 4130 8699 8698
f 4123 4144 8700 8699
f 4143 7994 7992 8700
f 75 152 8671 76
f 357 632 8701 358
f 631 4610 8702 8701
f 4557 803 802 4558
f 4565 819 818 4566
f 4603 764 763 4604
f 4609 858 857 8702
f 2643 3096 3095 2644
f 3398 3542 8703 3399
f 7284 3691 3690 7285
f 3541 7387 8704 8703
f 3596 3699 3698 3597
f 3634 3744 3743 3635
f 7386 3898 8705 8704
f 3896 7540 8706 8705
f 3958 4102 4101 3959
f 7539 7611 7610 8706
f 43 7968 7967 44
f 79 8000 8006 88
f 4378 4606 4605 4379
f 4686 4791 8707 762
f 855 7250 7249 856
f 4790 2435 2434 8707
f 5701 3463 8708 5702
f 3462 3633 7364 8708
f 3741 3965 3964 3742
f 4099 7691 7690 4100
f 4553 791 790 4554
f 4569 827 826 4570
f 7276 3683 3682 7277
f 7307 3703 3702 7308
f 3901 4035 4034 3902
f 3962 4106 4105 3963
f 63 693 692 64
f 8674 4190 8709 78
f 4189 4206 8710 8709
f 4205 701 700 8710
f 4382 630 629 4383
f 788 3508 3507 789
f 824 3512 3511 825
f 1100 1301 1300 1101
f 2432 3116 3115 2433
f 6805 6999 6998 6806
f 3680 7984 7983 3681
f 3700 4142 8711 3701
f 4141 4156 8712 8711
f 4155 7995 8001 8712
f 35 7960 7959 36
f 4392 7419 7418 4393
f 627 2439 2438 628
f 689 795 794 691
f 698 831 830 699
f 3113 3893 3892 3114
f 3497 3687 3686 3506
f 3509 3707 3706 3510
f 4032 7599 7598 4033
f 4103 7695 7694 4104
f 4335 4395 4394 4336
f 4386 4449 4448 4387
f 4516 4616 4615 4517
f 4923 4956 4955 4924
f 1298 1522 1521 1299
f 6529 6808 6807 6530
f 3259 3304 3303 3260
f 3890 3969 3968 3891
f 5 8675 8676 20
f 49 156 155 87
f 246 368 367 247
f 316 4568 4567 317
f 353 435 434 354
f 4276 4330 4329 4277
f 4323 4391 4390 4324
f 4539 776 775 688
f 706 835 834 4573
f 741 7350 7349 742
f 3402 7616 8713 3403
f 3458 7807 7806 3459
f 7266 3668 3667 3496
f 3517 3711 3710 7311
f 3696 4122 4121 3697
f 3894 3980 3979 3895
f 3970 4031 4030 3971
f 7615 7699 7702 8713
f 7684 7806 7810 7685
f 4159 7970 8002 4154
f 8677 8026 8040 8678
f 31 111 110 32
f 100 179 178 101
f 153 323 322 154
f 4251 503 511 8679
f 502 549 548 511
f 4520 4620 4619 4521
f 4600 4688 4687 4601
f 1806 2124 2123 1807
f 5923 6228 6227 5924
f 3549 3649 3648 3550
f 3630 3740 3739 3631
f 7489 7525 7528 7490
f 7524 4067 8680 7528
f 7545 7603 7602 7546
f 4119 4162 4161 4120
f 7826 4140 4139 7827
f 7885 7956 7955 7886
f 7949 8018 8017 7950
f 4185 4202 4201 4186
f 4195 4210 4209 4196
f 436 4279 4278 437
f 496 4326 4325 497
f 500 545 544 501
f 508 557 556 509
f 4535 772 771 4536
f 4587 850 849 4588
f 4699 3409 3408 772
f 4881 4926 4925 4882
f 4957 882 881 4958
f 5027 3199 3198 5028
f 2133 3132 3131 2134
f 3301 3345 3344 3302
f 7262 3664 3663 7263
f 7320 3726 3725 7321
f 7486 7527 7526 7487
f 7497 7531 7530 7498
f 3977 7535 7534 3978
f 4028 7595 7594 4029
f 4137 4152 4151 4138
f 4145 4166 4165 4146
f 52 4193 4194 84
f 108 270 269 109
f 176 348 347 177
f 4625 4701 4700 4626
f 4678 2139 2138 4679
f 4927 4960 4959 4928
f 5015 1281 1280 5016
f 879 5030 5029 880
f 1519 1797 1796 1520
f 3129 7261 7260 3130
f 6213 6532 6531 6214
f 6785 3172 3171 6786
f 3196 3234 3233 3197
f 3406 3560 3559 3407
f 7718 7888 7887 7719
f 7797 7952 7951 8496
f 4157 4174 4173 4160
f 4247 539 538 4248
f 4255 563 562 4256
f 4450 4523 4522 4451
f 4504 4595 4602 4505
f 4522 4628 4627 4528
f 4594 4681 4680 4595
f 4848 4930 4929 4849
f 4988 5018 5017 4989
f 939 5034 5033 940
f 1278 1503 1502 1279
f 6510 6788 6787 6511
f 3169 3230 3229 3170
f 3231 3312 3311 3232
f 3557 3647 3656 3558
f 3622 3733 3732 3623
f 3646 3756 3755 3647
f 3732 3822 3821 3738
f 7480 4063 4062 7481
f 7504 4071 4070 7505
f 769 4795 4794 770
f 847 4843 4842 848
f 4949 4991 4990 4950
f 3227 3258 3257 3228
f 3346 7265 7264 3347
f 3395 7323 7322 3396
f 4183 4198 4197 90
f 4221 4254 4253 4222
f 4458 4530 4529 4459
f 4498 4597 4596 4499
f 4837 4884 4883 4838
f 4915 4952 4951 4916
f 4965 1043 1042 4966
f 5003 1079 1078 5004
f 1500 1778 1777 1501
f 6196 6513 6512 6197
f 6934 3207 3206 6935
f 6973 3187 3186 6974
f 3255 3296 3295 3256
f 3342 3394 3393 3343
f 3654 3764 3763 3655
f 3730 3810 3809 3731
f 4064 4110 4109 4065
f 4163 4178 4177 4164
f 1 40 59 2
f 27 96 95 28
f 39 119 118 40
f 59 4188 4187 4179
f 95 171 170 97
f 250 366 375 251
f 349 427 426 350
f 365 441 450 366
f 440 4338 4337 441
f 4271 582 4388 493
f 4337 4453 4452 4341
f 4800 4851 4850 4801
f 4850 4968 4967 4856
f 4874 4918 4917 4875
f 4941 5006 5005 4942
f 1040 2338 2337 1041
f 1076 1485 1484 1077
f 2149 3136 3135 2150
f 5611 6937 6936 5612
f 6493 6976 6975 6494
f 3184 3250 3249 3185
f 3204 3310 3319 3205
f 3293 3337 3336 3294
f 3309 3357 3356 3310
f 3753 3906 3919 3754
f 7453 4098 4097 7454
f 3905 7548 7547 3906
f 3966 4097 7591 3967
f 7547 7618 7617 7555
f 7617 7706 7705 7623
f 7673 7801 7799 7674
f 7893 7964 7963 7894
f 4149 4170 4169 4150
f 7941 8010 8014 7942
f 7963 8022 8021 4170
f 8009 8048 8047 8010
f 116 274 273 117
f 168 341 340 169
f 432 491 490 433
f 579 2137 2155 580
f 4808 4858 4857 4809
f 4830 4867 4876 4831
f 4866 4944 4943 4867
f 4896 1734 1733 4897
f 4904 4985 8714 4905
f 4976 946 945 4977
f 4984 958 8715 8714
f 957 1474 1473 8715
f 1473 1763 1762 1483
f 2335 2917 2916 2336
f 5132 5614 5613 5133
f 3133 7456 7455 3134
f 6152 3277 3276 6153
f 6185 6482 6495 6186
f 6481 7111 8716 6482
f 7098 3218 3217 7099
f 7110 3226 8717 8716
f 3225 3285 3284 8717
f 3247 3330 3329 3248
f 3317 3365 3364 3318
f 3329 3386 3385 3335
f 4095 7687 7686 4096
f 7726 7896 7895 7727
f 7790 7944 7943 7791
f 16 4182 4181 17
f 4462 4538 4537 4463
f 4755 4803 4802 4756
f 4776 4840 4839 4777
f 4816 4899 4906 8718
f 8718 4869 4868 4817
f 4898 4979 4986 4907
f 4978 1742 8719 4987
f 943 2050 2049 944
f 955 8719 1741 956
f 1471 2062 8720 1472
f 1731 2763 2762 1732
f 1760 8720 2061 1761
f 2914 5135 5134 2915
f 5248 6155 6154 5249
f 5858 7101 7100 5859
f 5866 6484 6483 8721
f 8721 6188 6187 5867
f 6160 3216 3223 8722
f 8722 7113 7112 6161
f 3215 3275 3282 3224
f 3274 3372 8723 3283
f 3327 8723 3371 3328
f 3354 3424 3423 3355
f 3391 3453 3452 3392
f 3723 3802 3801 3724
f 4171 8037 8036 4172
f 4490 4590 4589 4491
f 777 4758 4757 778
f 844 4779 4778 845
f 1739 2592 2591 8724
f 8724 2356 8725 1740
f 1775 2060 2069 1776
f 2047 2921 2920 2048
f 2059 8725 2355 2070
f 2760 5251 5250 2761
f 5136 5861 5860 5137
f 5425 6163 8726 5426
f 5626 8726 6162 8727
f 8727 5869 5874 5627
f 5868 6199 6198 5875
f 3421 7271 7270 3422
f 3450 7319 7318 3451
f 3661 3768 3767 3662
f 9 58 4180 10
f 23 4184 93 24
f 57 281 280 58
f 93 334 333 94
f 267 374 378 268
f 345 420 419 346
f 373 449 453 374
f 419 484 483 425
f 448 4343 4342 449
f 483 4362 4373 489
f 4342 4461 4460 4344
f 4361 4501 4500 4362
f 4761 4811 4832 4762
f 2353 2767 2766 2362
f 2589 2919 8728 2590
f 2918 5139 8729 8728
f 5138 5428 5427 8729
f 5256 5629 5633 5257
f 3362 3432 3431 3384
f 3761 3918 3922 3762
f 3807 3946 3945 3808
f 3917 7557 7556 3918
f 3945 7580 7590 3955
f 7556 7625 7624 7558
f 7579 7667 7675 7580
f 7624 7721 7720 7626
f 7666 7803 7802 7667
f 7734 7978 4167 7735
f 7784 4176 8011 7785
f 4167 8030 8029 4168
f 4175 8044 8043 4176
f 221 293 292 240
f 271 4544 4543 272
f 717 783 782 718
f 2067 2361 2369 2092
f 2360 2600 2599 2361
f 2764 3008 3007 2765
f 5100 5259 5258 5101
f 5433 5635 5634 5434
f 5634 5877 5893 5640
f 3488 7329 7328 3489
f 3669 7729 7728 3670
f 7748 7829 7847 7749
f 4667 4718 4728 4668
f 780 7272 3502 781
f 781 4764 4763 4718
f 2597 2771 2770 2598
f 3005 5103 5102 3006
f 5260 5436 5435 5261
f 3429 3502 3501 3430
f 3501 3614 3613 3524
f 331 839 838 332
f 451 4346 4345 452
f 481 4364 4363 482
f 4545 4639 4638 4546
f 4579 4670 4669 4580
f 2090 3128 3127 2091
f 2768 2925 2924 2769
f 5144 5263 5262 5145
f 3505 7787 7786 3500
f 3568 3675 3674 3569
f 3611 3718 3717 3612
f 3920 7560 7559 3921
f 3943 7582 7581 3944
f 275 377 8730 279
f 338 417 416 339
f 376 457 456 377
f 381 728 727 8730
f 416 480 479 418
f 4406 4465 4464 4407
f 4431 4493 4492 4432
f 727 8681 836 756
f 5035 5041 5040 5036
f 2922 5147 5146 2923
f 3125 3148 3147 3126
f 8682 3583 3582 3504
f 7334 7629 8731 3583
f 3765 3841 3840 3766
f 3799 3878 3877 3800
f 7561 7628 7627 7562
f 7575 7663 7668 7576
f 7627 7733 7736 8731
f 7662 7793 7792 7663
f 4347 4409 4408 4348
f 4357 4434 4433 4358
f 4470 4548 4547 4471
f 4487 4582 4581 4488
f 725 3575 3580 726
f 753 1782 1781 754
f 2367 3112 3111 2368
f 3145 3581 3606 3146
f 3574 3934 3933 3581
f 3672 3776 3775 3673
f 3715 3798 3797 3716
f 3838 3926 3925 3839
f 3875 3942 3941 3876
f 4068 7738 7750 4069
f 290 396 395 303
f 302 403 402 291
f 454 4350 4349 455
f 477 4360 4359 478
f 4549 4642 4665 4550
f 4641 2373 2372 4666
f 3109 3573 3604 3110
f 3572 3679 8686 3573
f 3604 8685 3678 3605
f 3923 7564 7563 3924
f 3931 4075 4074 3932
f 3939 7578 7577 3940
f 7644 7741 7759 7645
f 282 389 388 283
f 296 394 4223 311
f 310 4224 400 301
f 330 401 410 335
f 7636 7743 7742 7637
f 4107 7752 7765 4114
f 4113 7766 7760 4108
f 7651 7781 7789 7656
f 294 399 398 295
f 308 4226 4225 309
f 328 407 406 329
f 4237 527 526 4238
f 4267 574 573 4268
f 4410 4473 4472 4411
f 4425 4476 4489 4426
f 4472 4552 4551 4476
f 3676 3774 3783 3677
f 3773 3845 3844 3774
f 3783 3870 3869 3796
f 7469 4047 4046 7470
f 7514 4090 4089 7515
f 7646 7754 7753 7647
f 4111 7768 7767 4112
f 7652 7783 7782 7653
f 379 4240 4239 380
f 414 4270 4269 415
f 524 4413 4412 525
f 546 608 607 547
f 571 4420 4427 572
f 4412 4478 4479 4414
f 607 4480 4477 4420
f 6112 8687 6418 6113
f 3781 3843 3848 3787
f 3786 3860 3859 3782
f 3842 7472 7471 3843
f 7439 7492 7491 3860
f 3859 7517 7516 3868
f 4044 7631 7630 4045
f 4087 7665 7664 4088
f 386 465 464 387
f 408 473 472 409
f 4351 4416 4417 4352
f 4354 4422 4421 4355
f 4415 4482 4481 606
f 3784 3847 3857 3785
f 3846 3930 3929 3852
f 3863 3938 3937 3858
f 7565 7639 7638 7566
f 7570 7658 7657 7571
f 312 4230 4229 313
f 390 4353 536 391
f 391 4250 4249 397
f 404 4258 8460 411
f 4257 561 4356 8460
f 536 4419 4418 543
f 554 4424 4423 561
f 3849 3928 7488 3850
f 3861 7500 3935 3862
f 3927 7643 7642 3928
f 3935 4073 8482 3936
f 4060 7642 7648 4061
f 4072 7655 7661 8482
f 4115 7772 7771 4116
f 1675 1980 1979 1676
f 6396 6689 6688 6397
f 893 968 985 913
f 912 998 997 903
f 6410 6693 6692 6411
f 7124 7200 7219 7139
f 7150 7220 7213 7151
f 891 973 972 892
f 916 996 1008 921
f 1165 7063 7062 1166
f 7126 7202 7201 7127
f 7152 7223 7230 7161
f 1679 1994 1993 1680
f 6413 6697 6696 6414
f 1683 1997 1996 1684
f 1691 2012 2011 1692
f 6424 6705 6704 6425
f 929 1019 1018 930
f 1687 2005 2004 1688
f 6420 6701 6700 6421
f 7171 7239 7238 7172
f 2002 6423 6422 2003
f 2009 6427 6426 2010
f 5046 5225 8732 5047
f 5224 3104 8733 8732
f 3103 3144 3143 8733
f 1977 5043 5048 1995
f 5042 5066 8734 5049
f 5065 3100 3101 8735
f 8735 5227 5226 8734
f 3099 3140 3141 3102
f 3139 6399 6415 3142
f 1930 5068 5067 1919
f 1919 5045 5044 1967
f 5120 3068 3067 5121
f 3097 6348 6337 3098
f 3137 6337 6387 3138
f 1934 2247 2246 1929
f 5056 5123 5122 5057
f 3065 3124 3123 3066
f 6043 6351 6349 6044
f 2250 5059 5058 2245
f 3121 6047 6045 3122
f 5082 3088 3087 5083
f 5054 2841 2840 5055
f 3085 3120 3119 3086
f 2248 2509 2508 2249
f 3117 6049 6048 3118
f 2748 2901 2900 2749
f 5386 5588 5587 5387
f 1981 2299 2298 1982
f 2898 5389 5388 2899
f 6095 6402 6401 6096
f 1671 1976 1975 1672
f 6392 6685 6684 6393
f 2296 2555 2554 2297
f 5808 6098 6097 5809
f 2552 2744 2743 2553
f 5578 5811 5810 5579
f 2741 3044 3043 2742
f 5216 5581 5580 5217
f 1973 2288 2287 1974
f 3041 5219 5218 3042
f 6084 6395 6394 6085
f 1667 1962 1961 1668
f 2285 2543 2542 2286
f 6378 6681 6680 6379
f 2540 2732 2731 2541
f 5796 6087 6086 5797
f 2729 2980 2979 2730
f 5208 5799 5798 5209
f 2977 5211 5210 2978
f 1959 2276 2275 1960
f 6072 6381 6380 6073
f 2273 2531 2530 2274
f 5788 6075 6074 5789
f 2528 2724 2723 2529
f 5128 3072 3071 5129
f 5558 5791 5790 5559
f 2721 5131 5130 2722
f 3069 5561 5560 3070
f 1663 1954 1953 1664
f 6370 6677 6676 6371
f 1951 2265 2264 1952
f 6061 6373 6372 6062
f 1659 1946 1945 1660
f 2262 2523 2522 2263
f 5780 6064 6063 5781
f 6362 6673 6672 6363
f 2520 2853 2852 2521
f 5546 5783 5782 5547
f 1943 2258 2257 1944
f 5088 3020 3019 5089
f 5334 5549 5548 5335
f 6054 6365 6364 6055
f 1198 1419 1418 1199
f 1418 1658 1657 1420
f 2255 2513 2512 2256
f 2850 5091 5090 2851
f 3017 3052 3051 3018
f 5192 5337 5336 5193
f 5770 6057 6056 5771
f 6666 6925 6929 6667
f 6924 7097 7096 6925
f 3049 5195 5194 3050
f 2510 2703 2702 2511
f 5533 5773 5772 5534
f 1655 1938 1937 1656
f 2700 2845 2844 2701
f 5326 5536 5535 5327
f 6354 6669 6668 6355
f 1416 1646 1645 1417
f 2842 5329 5328 2843
f 6655 6927 6926 6656
f 1194 1409 1408 1195
f 6914 7093 7092 6915
f 1935 2240 2239 1936
f 6037 6357 6356 6038
f 1406 1633 1632 1407
f 1632 1923 1922 1644
f 6339 6642 6657 6340
f 6641 6917 6916 6642
f 1186 1394 1393 1187
f 6899 7085 7084 6900
f 1032 1185 1184 1033
f 6324 6644 6643 6325
f 7078 7190 7189 7079
f 1391 1619 1618 1392
f 1618 1909 1908 1631
f 1908 2230 2229 1921
f 2229 2497 2496 2238
f 5756 6027 6039 5757
f 6026 6342 6341 6027
f 6626 6902 6901 6627
f 1182 1379 1378 1183
f 6885 7081 7080 6886
f 935 1029 1028 936
f 1028 1178 1177 1030
f 7071 7182 7186 7072
f 7181 7246 7245 7182
f 883 966 965 884
f 1175 1369 1368 1176
f 1368 1604 1603 1377
f 1603 1894 1893 1617
f 6309 6613 6628 6310
f 6612 6876 6887 6613
f 6875 7074 7073 6876
f 7118 7194 7193 7119
f 895 976 975 896
f 923 1011 1010 924
f 1026 1170 1169 1027
f 1906 2222 2221 1907
f 6018 6327 6326 6019
f 7064 7184 7183 7065
f 7129 7206 7205 7130
f 7164 7234 7233 7165
f 901 974 987 906
f 914 1002 1001 915
f 928 1009 1021 932
f 963 1087 1086 964
f 6981 7121 7120 6982
f 7131 7208 7215 7141
f 7154 7225 7224 7155
f 7166 7235 7242 7175
f 899 980 979 900
f 919 1000 1013 927
f 1013 1164 1163 1020
f 1084 1493 1492 1085
f 1163 1358 1357 1168
f 1357 1594 1593 1367
f 1593 1880 1879 1602
f 6295 6602 6614 6296
f 6500 6984 6983 6501
f 6601 6865 6877 6602
f 6864 7058 7066 6865
f 7057 7167 7176 7058
f 7132 7210 7209 7133
f 7156 7227 7236 7167
f 908 978 990 918
f 977 1099 1098 978
f 990 1157 1156 1012
f 6992 7135 7134 6993
f 7050 7143 7168 7051
f 7134 7218 7228 7143
f 988 1110 1109 994
f 993 1149 1148 989
f 1161 1347 1346 1162
f 1346 1582 1581 1356
f 1490 1771 1770 1491
f 1891 2207 2206 1892
f 6003 6312 6311 6004
f 6189 6503 6502 6190
f 6589 6853 6866 6590
f 6852 7060 7059 6853
f 7003 7145 7146 7004
f 7043 7147 7144 7044
f 991 1119 1118 992
f 1096 1289 1288 1097
f 1154 1336 1335 1155
f 1591 1868 1867 1592
f 6283 6604 6603 6284
f 6793 6995 6994 6794
f 6841 7053 7052 6842
f 7013 7149 7148 7014
f 1107 1308 1307 1147
f 1344 1570 1569 1345
f 1768 2078 2077 1769
f 5882 6192 6191 5883
f 6577 6855 6854 6578
f 6813 7006 7045 6814
f 1286 1511 1510 1287
f 1333 1562 1561 1334
f 1579 1857 1856 1580
f 2227 2489 2488 2228
f 5748 6029 6028 5749
f 6272 6592 6591 6273
f 6518 6796 6795 6519
f 6570 6844 6843 6571
f 1305 1529 1528 1306
f 1877 2199 2198 1878
f 2075 2377 2376 2076
f 5643 5885 5884 5644
f 5995 6298 6297 5996
f 6536 6816 6815 6537
f 1508 1786 1785 1509
f 1567 1849 1848 1568
f 6202 6521 6520 6203
f 6265 6580 6579 6266
f 1526 1801 1800 1541
f 1540 1831 1830 1560
f 1865 2192 2191 1866
f 5984 6286 6285 5985
f 6217 6539 6548 6218
f 6247 6549 6572 6248
f 1538 1817 1816 1539
f 1783 2096 2095 1784
f 2374 2611 2610 2375
f 5894 6205 6204 5895
f 6233 6551 6550 6234
f 1798 2109 2108 1799
f 1854 2189 2188 1855
f 2219 2482 2481 2220
f 5444 5646 5645 5445
f 5741 6021 6020 5742
f 5908 6220 6219 5909
f 5981 6275 6274 5982
f 1814 2128 2127 1815
f 1834 2169 2168 1847
f 2093 2385 2384 2094
f 5651 5897 5896 5652
f 5927 6236 6235 5928
f 5961 6250 6267 5962
f 1832 2159 2158 1833
f 5950 6252 6251 5951
f 2106 2397 2396 2107
f 2608 2775 2774 2609
f 5663 5911 5910 5664
f 2494 2688 2687 2495
f 5264 5447 5446 5265
f 5518 5759 5758 5519
f 2125 2407 2406 2142
f 2204 2474 2473 2205
f 2382 2626 2625 2383
f 5459 5654 5653 5460
f 5674 5930 5937 5675
f 5733 6006 6005 5734
f 2140 2414 2413 2141
f 5680 5939 5938 5681
f 5726 5998 5997 5727
f 2156 2425 2424 2182
f 5691 5953 5974 5692
f 2180 2445 2444 2197
f 5708 5976 5986 5709
f 2713 2861 2860 2714
f 2733 2880 2879 2745
f 2879 3000 2999 2902
f 5084 3064 3063 5085
f 5236 5366 5392 5237
f 5342 5553 5552 5343
f 5365 5573 5584 5366
f 2498 2692 2691 2499
f 2691 5079 2858 2704
f 2725 2859 2877 2726
f 5078 5087 2997 2878
f 5086 3062 5238 2998
f 3061 3084 5367 5239
f 3083 5523 5539 5345
f 5344 5565 5564 5368
f 5522 5763 5762 5523
f 2689 2834 2833 2690
f 5317 5525 5524 5318
f 2831 2956 2955 2832
f 5180 5320 5319 5181
f 2953 5183 5182 2954
f 1647 6661 6660 1648
f 1190 1401 1400 1191
f 1400 1640 1639 1410
f 6648 6907 6919 6649
f 6906 7089 7088 6907
f 1126 1386 1385 1121
f 1637 1917 1916 1638
f 6332 6651 6650 6333
f 6891 7020 7018 6892
f 1398 1627 1626 1399
f 1914 6335 6334 1915
f 6633 6909 6908 6634
f 1129 1373 1372 1125
f 1624 1902 1901 1625
f 6317 6636 6635 6318
f 6878 7023 7021 6879
f 1132 1362 1361 1128
f 1383 1612 1611 1384
f 1899 2215 2214 1900
f 6011 6320 6319 6012
f 6619 6894 6893 6620
f 6867 7026 7024 6868
f 1609 1887 1886 1610
f 2212 6014 6013 2213
f 6303 6606 6621 6304
f 6605 6881 6880 6606
f 1135 1351 1350 1131
f 1370 1597 1596 1371
f 6856 7029 7027 6857
f 1138 1339 1338 1134
f 1359 1586 1585 1360
f 1585 1872 1871 1595
f 1871 2669 2668 1885
f 5092 6288 6305 5093
f 6287 6594 6607 6288
f 6593 6870 6869 6594
f 6845 7032 7030 6846
f 2666 5095 5094 2667
f 1141 1328 1327 1137
f 1348 1574 1573 1349
f 1869 2460 2459 1870
f 5987 6290 6289 5988
f 6581 6859 6858 6582
f 6834 7035 7033 6835
f 1048 1233 1232 1049
f 1143 1321 1320 1140
f 1213 1452 1451 1214
f 1320 1555 8396 1337
f 1554 2175 2174 8396
f 1583 1861 1860 1584
f 5037 3152 3151 5038
f 2457 5990 5989 2458
f 5967 6563 8397 5968
f 6276 6596 6595 6277
f 6456 6720 6719 6457
f 6562 6828 6847 8397
f 6735 6945 6944 6736
f 6759 6965 6964 6760
f 6827 7038 7036 6828
f 1088 1268 1267 1142
f 1267 1825 1824 1319
f 1552 1824 5039 1553
f 1571 2449 2448 1572
f 2017 2318 2330 2018
f 2317 2581 2580 2318
f 5413 5596 5595 5414
f 5595 5831 5830 5601
f 5711 6584 6583 5712
f 6241 6773 6829 3149
f 3149 6565 6564 3150
f 6761 6966 7039 6773
f 1271 2132 8736 1266
f 1822 8736 2131 1823
f 1858 6279 6278 1859
f 2131 2431 2430 2173
f 2568 2755 2754 2569
f 5240 5405 5404 5241
f 5697 5932 5969 5698
f 5931 6776 6774 8737
f 8737 6243 6242 5932
f 947 1064 1063 948
f 1036 1220 1219 1037
f 1273 2116 2129 1270
f 2115 2417 2428 2130
f 2416 2649 2648 2429
f 5060 2759 2758 5061
f 5244 3092 3091 5245
f 5484 5685 5699 5485
f 5684 5917 5933 5700
f 5916 6779 6777 5934
f 6721 6933 6932 6722
f 6956 7105 7104 6957
f 1044 1226 1225 1054
f 1068 1257 1256 1069
f 1202 1437 1436 1212
f 1256 1499 8738 1272
f 1422 1705 1704 1423
f 1498 2105 2104 8738
f 2013 2314 8739 2023
f 2104 2400 2399 2114
f 2313 5062 2584 8739
f 2399 2638 2637 2415
f 2446 2647 8740 2447
f 2637 2805 8741 8740
f 2752 5243 5242 2753
f 2804 5292 8742 8741
f 5291 5476 8743 8742
f 3089 5592 8744 5416
f 5475 5668 5686 5476
f 5486 5714 5713 8743
f 5591 5827 5832 8744
f 5667 5905 5918 5668
f 5904 6508 8745 5905
f 6123 6431 6430 6124
f 6440 6709 6714 6441
f 6507 6764 6780 8745
f 6728 6941 6946 6729
f 6763 6968 6967 6764
f 1052 1236 1235 1062
f 1210 1445 1444 1211
f 1235 1482 1481 1255
f 1426 1712 1711 1427
f 1481 2085 2084 1497
f 1695 2022 8746 1696
f 2021 2583 2588 8746
f 2084 2393 2392 2103
f 2392 2629 2628 2398
f 2582 2757 8747 2583
f 2628 2794 8387 2636
f 2756 5247 8748 8747
f 2793 2929 2928 8387
f 5152 5283 8388 5153
f 5246 5418 5417 8748
f 5282 5467 5477 8388
f 5417 5834 8749 5419
f 5452 6490 6509 5453
f 5466 5660 5669 5467
f 5659 5907 5906 5660
f 5833 6119 6118 8749
f 6131 6435 6434 6132
f 6448 6716 6715 6449
f 6489 6739 6765 6490
f 6738 6948 6958 6739
f 1217 1455 1454 1224
f 1239 1756 8750 1234
f 1434 1710 1719 1435
f 1479 8750 1755 1480
f 1702 2334 2333 1710
f 2082 2618 8751 2083
f 2390 8751 2617 2391
f 2586 5421 5420 2587
f 2617 2783 2791 2627
f 2782 3040 8752 2792
f 2802 2927 8753 2803
f 2926 8752 8754 8753
f 3039 5105 8755 8754
f 5104 5273 5284 8756
f 8756 5155 8757 8755
f 5154 5294 5293 8757
f 5272 5464 5468 5285
f 5420 6126 6125 5422
f 5463 5662 5661 5464
f 5607 6125 6133 5608
f 6133 6443 6442 6138
f 6175 6741 6740 8758
f 8758 6492 6491 6176
f 6459 6724 6730 6460
f 1237 1453 8759 1238
f 1442 2038 2037 1443
f 1443 1730 1729 1463
f 1462 1750 1749 8759
f 1717 2332 8760 1718
f 1749 2054 8761 1754
f 2053 2607 2606 8761
f 2331 5424 8762 8760
f 2606 2779 2780 2616
f 2778 5269 5274 2781
f 3037 5107 5106 3038
f 5268 5442 5465 5275
f 5423 5610 8763 8762
f 5441 5863 8764 5442
f 5609 6140 6139 8763
f 5846 6451 6450 5847
f 5862 6169 6177 8764
f 6148 6450 6466 6149
f 6168 6467 8765 6169
f 6461 6743 6742 8765
f 1460 1728 1747 1461
f 1727 2036 2051 1748
f 2035 5849 5854 2046
f 2045 2349 8766 2052
f 2348 2596 2595 8766
f 2595 5074 2776 2605
f 5073 3048 8767 2777
f 3047 5141 8768 8767
f 5140 3076 5270 8768
f 3075 5430 5443 5271
f 5429 5620 8769 5430
f 5619 5855 5864 8769
f 5848 6151 6170 5865
f 6150 6469 6468 6171
f 2043 5857 5856 2044
f 2346 5622 5621 2347
f 2593 5076 5075 2594
f 3045 5143 5142 3046
f 3073 5432 5431 3074
