# MX01 smoothed skin-fitted interior enclosure
o MX01_InteriorEnclosure
g COL_MX01_forward_cockpit_lower_deck_01_smooth_left_skin_wall_01
usemtl MX01_EnclosureWall
v -15.035010 -7.250000 -49.250000
v -15.134780 -6.750000 -49.250000
v -15.061860 -6.750000 -48.750000
v -14.971340 -7.250000 -48.750000
v -14.972680 -6.750000 -48.250000
v -14.876270 -7.250000 -48.250000
v -14.867840 -6.750000 -47.750000
v -14.763390 -7.250000 -47.750000
v -14.766310 -6.750000 -47.250000
v -14.655190 -7.250000 -47.250000
v -14.696840 -6.750000 -46.750000
v -14.581560 -7.250000 -46.750000
v -14.685730 -6.750000 -46.250000
v -14.568500 -7.250000 -46.250000
v -14.744450 -6.750000 -45.750000
v -14.626940 -7.250000 -45.750000
v -14.864300 -6.750000 -45.250000
v -14.746710 -7.250000 -45.250000
v -15.018300 -6.750000 -44.750000
v -14.899610 -7.250000 -44.750000
v -15.170860 -6.750000 -44.250000
v -15.048670 -7.250000 -44.250000
v -15.289470 -6.750000 -43.750000
v -15.160790 -7.250000 -43.750000
v -15.354610 -6.750000 -43.250000
v -15.215860 -7.250000 -43.250000
v -15.360930 -6.750000 -42.750000
v -15.208230 -7.250000 -42.750000
v -15.309010 -6.750000 -42.250000
v -15.137970 -7.250000 -42.250000
v -15.191580 -6.750000 -41.750000
v -14.999310 -7.250000 -41.750000
v -14.989200 -6.750000 -41.250000
v -14.776460 -7.250000 -41.250000
v -14.682390 -6.750000 -40.750000
v -14.458200 -7.250000 -40.750000
v -14.280740 -6.750000 -40.250000
v -14.061070 -7.250000 -40.250000
v -13.840120 -6.750000 -39.750000
v -13.647350 -7.250000 -39.750000
v -13.458930 -6.750000 -39.250000
v -13.311010 -7.250000 -39.250000
v -13.237610 -6.750000 -38.750000
v -13.145300 -7.250000 -38.750000
v -13.239420 -6.750000 -38.250000
v -13.197380 -7.250000 -38.250000
v -13.454440 -6.750000 -37.750000
v -13.449510 -7.250000 -37.750000
v -13.804040 -6.750000 -37.250000
v -13.818170 -7.250000 -37.250000
v -14.161480 -6.750000 -36.750000
v -14.187540 -7.250000 -36.750000
v -14.402940 -6.750000 -36.250000
v -14.446500 -7.250000 -36.250000
v -14.444620 -6.750000 -35.750000
v -14.535080 -7.250000 -35.750000
v -15.250850 -6.750000 -50.750000
v -15.252290 -6.250000 -50.750000
v -15.275170 -6.250000 -50.250000
v -15.248320 -6.750000 -50.250000
v -15.271130 -6.250000 -49.750000
v -15.218370 -6.750000 -49.750000
v -15.237010 -6.250000 -49.250000
v -15.187610 -6.250000 -48.750000
v -15.118020 -6.250000 -48.250000
v -15.031820 -6.250000 -47.750000
v -14.946390 -6.250000 -47.250000
v -14.888340 -6.250000 -46.750000
v -14.882120 -6.250000 -46.250000
v -14.939690 -6.250000 -45.750000
v -15.054540 -6.250000 -45.250000
v -15.203830 -6.250000 -44.750000
v -15.355860 -6.250000 -44.250000
v -15.481140 -6.250000 -43.750000
v -15.560970 -6.250000 -43.250000
v -15.589510 -6.250000 -42.750000
v -15.565420 -6.250000 -42.250000
v -15.479370 -6.250000 -41.750000
v -15.307220 -6.250000 -41.250000
v -15.023340 -6.250000 -40.750000
v -14.626100 -6.250000 -40.250000
v -14.163940 -6.250000 -39.750000
v -13.729830 -6.250000 -39.250000
v -13.434250 -6.250000 -38.750000
v -13.353410 -6.250000 -38.250000
v -13.497430 -6.250000 -37.750000
v -13.792990 -6.250000 -37.250000
v -14.113130 -6.250000 -36.750000
v -14.322500 -6.250000 -36.250000
v -14.340730 -6.250000 -35.750000
v -14.176290 -6.250000 -35.250000
v -14.257840 -6.750000 -35.250000
v -13.954310 -6.250000 -34.750000
v -14.035800 -6.750000 -34.750000
v -13.789190 -6.250000 -34.250000
v -13.862370 -6.750000 -34.250000
v -13.753940 -6.250000 -33.750000
v -13.787640 -6.750000 -33.750000
v -14.979950 -6.250000 -52.750000
v -14.958740 -5.750000 -52.750000
v -15.027610 -5.750000 -52.250000
v -15.033800 -6.250000 -52.250000
v -15.116060 -5.750000 -51.750000
v -15.116510 -6.250000 -51.750000
v -15.199870 -5.750000 -51.250000
v -15.196090 -6.250000 -51.250000
v -15.262090 -5.750000 -50.750000
v -15.298450 -5.750000 -50.250000
v -15.310770 -5.750000 -49.750000
v -15.298920 -5.750000 -49.250000
v -15.265920 -5.750000 -48.750000
v -15.210990 -5.750000 -48.250000
v -15.139360 -5.750000 -47.750000
v -15.067580 -5.750000 -47.250000
v -15.019610 -5.750000 -46.750000
v -15.018010 -5.750000 -46.250000
v -15.074110 -5.750000 -45.750000
v -15.183370 -5.750000 -45.250000
v -15.326130 -5.750000 -44.750000
v -15.474670 -5.750000 -44.250000
v -15.602180 -5.750000 -43.750000
v -15.690970 -5.750000 -43.250000
v -15.733810 -5.750000 -42.750000
v -15.727190 -5.750000 -42.250000
v -15.659270 -5.750000 -41.750000
v -15.505060 -5.750000 -41.250000
v -15.236390 -5.750000 -40.750000
v -14.848980 -5.750000 -40.250000
v -14.383380 -5.750000 -39.750000
v -13.929240 -5.750000 -39.250000
v -13.593950 -5.750000 -38.750000
v -13.462220 -5.750000 -38.250000
v -13.550580 -5.750000 -37.750000
v -13.796670 -5.750000 -37.250000
v -14.074900 -5.750000 -36.750000
v -14.254270 -5.750000 -36.250000
v -14.255860 -5.750000 -35.750000
v -14.097090 -5.750000 -35.250000
v -13.882490 -5.750000 -34.750000
v -13.731540 -5.750000 -34.250000
v -13.719900 -5.750000 -33.750000
v -13.860080 -5.750000 -33.250000
v -13.870270 -6.250000 -33.250000
v -14.098550 -5.750000 -32.750000
v -14.076980 -6.250000 -32.750000
v -14.353760 -5.750000 -32.250000
v -14.246520 -6.250000 -32.250000
f 1 2 3
f 1 3 4
f 4 3 5
f 4 5 6
f 6 5 7
f 6 7 8
f 8 7 9
f 8 9 10
f 10 9 11
f 10 11 12
f 12 11 13
f 12 13 14
f 14 13 15
f 14 15 16
f 16 15 17
f 16 17 18
f 18 17 19
f 18 19 20
f 20 19 21
f 20 21 22
f 22 21 23
f 22 23 24
f 24 23 25
f 24 25 26
f 26 25 27
f 26 27 28
f 28 27 29
f 28 29 30
f 30 29 31
f 30 31 32
f 32 31 33
f 32 33 34
f 34 33 35
f 34 35 36
f 36 35 37
f 36 37 38
f 38 37 39
f 38 39 40
f 40 39 41
f 40 41 42
f 42 41 43
f 42 43 44
f 44 43 45
f 44 45 46
f 46 45 47
f 46 47 48
f 48 47 49
f 48 49 50
f 50 49 51
f 50 51 52
f 52 51 53
f 52 53 54
f 54 53 55
f 54 55 56
f 57 58 59
f 57 59 60
f 60 59 61
f 60 61 62
f 62 61 63
f 62 63 2
f 2 63 64
f 2 64 3
f 3 64 65
f 3 65 5
f 5 65 66
f 5 66 7
f 7 66 67
f 7 67 9
f 9 67 68
f 9 68 11
f 11 68 69
f 11 69 13
f 13 69 70
f 13 70 15
f 15 70 71
f 15 71 17
f 17 71 72
f 17 72 19
f 19 72 73
f 19 73 21
f 21 73 74
f 21 74 23
f 23 74 75
f 23 75 25
f 25 75 76
f 25 76 27
f 27 76 77
f 27 77 29
f 29 77 78
f 29 78 31
f 31 78 79
f 31 79 33
f 33 79 80
f 33 80 35
f 35 80 81
f 35 81 37
f 37 81 82
f 37 82 39
f 39 82 83
f 39 83 41
f 41 83 84
f 41 84 43
f 43 84 85
f 43 85 45
f 45 85 86
f 45 86 47
f 47 86 87
f 47 87 49
f 49 87 88
f 49 88 51
f 51 88 89
f 51 89 53
f 53 89 90
f 53 90 55
f 55 90 91
f 55 91 92
f 92 91 93
f 92 93 94
f 94 93 95
f 94 95 96
f 96 95 97
f 96 97 98
f 99 100 101
f 99 101 102
f 102 101 103
f 102 103 104
f 104 103 105
f 104 105 106
f 106 105 107
f 106 107 58
f 58 107 108
f 58 108 59
f 59 108 109
f 59 109 61
f 61 109 110
f 61 110 63
f 63 110 111
f 63 111 64
f 64 111 112
f 64 112 65
f 65 112 113
f 65 113 66
f 66 113 114
f 66 114 67
f 67 114 115
f 67 115 68
f 68 115 116
f 68 116 69
f 69 116 117
f 69 117 70
f 70 117 118
f 70 118 71
f 71 118 119
f 71 119 72
f 72 119 120
f 72 120 73
f 73 120 121
f 73 121 74
f 74 121 122
f 74 122 75
f 75 122 123
f 75 123 76
f 76 123 124
f 76 124 77
f 77 124 125
f 77 125 78
f 78 125 126
f 78 126 79
f 79 126 127
f 79 127 80
f 80 127 128
f 80 128 81
f 81 128 129
f 81 129 82
f 82 129 130
f 82 130 83
f 83 130 131
f 83 131 84
f 84 131 132
f 84 132 85
f 85 132 133
f 85 133 86
f 86 133 134
f 86 134 87
f 87 134 135
f 87 135 88
f 88 135 136
f 88 136 89
f 89 136 137
f 89 137 90
f 90 137 138
f 90 138 91
f 91 138 139
f 91 139 93
f 93 139 140
f 93 140 95
f 95 140 141
f 95 141 97
f 97 141 142
f 97 142 143
f 143 142 144
f 143 144 145
f 145 144 146
f 145 146 147
g COL_MX01_forward_cockpit_lower_deck_01_smooth_right_skin_wall_01
usemtl MX01_EnclosureWall
v -11.746990 -7.250000 -48.750000
v -11.725180 -6.750000 -48.750000
v -12.140920 -6.750000 -49.250000
v -12.113460 -7.250000 -49.250000
v -11.015290 -7.250000 -48.250000
v -11.005220 -6.750000 -48.250000
v -10.098000 -7.250000 -47.750000
v -10.118070 -6.750000 -47.750000
v -9.235980 -7.250000 -47.250000
v -9.287430 -6.750000 -47.250000
v -8.666850 -7.250000 -46.750000
v -8.739090 -6.750000 -46.750000
v -8.534770 -7.250000 -46.250000
v -8.614320 -6.750000 -46.250000
v -8.840300 -7.250000 -45.750000
v -8.909800 -6.750000 -45.750000
v -9.445440 -7.250000 -45.250000
v -9.492370 -6.750000 -45.250000
v -10.138460 -7.250000 -44.750000
v -10.155180 -6.750000 -44.750000
v -10.705550 -7.250000 -44.250000
v -10.696990 -6.750000 -44.250000
v -10.992450 -7.250000 -43.750000
v -10.973280 -6.750000 -43.750000
v -10.930860 -7.250000 -43.250000
v -10.925500 -6.750000 -43.250000
v -10.542890 -7.250000 -42.750000
v -10.578210 -6.750000 -42.750000
v -9.921540 -7.250000 -42.250000
v -10.019750 -6.750000 -42.250000
v -9.197980 -7.250000 -41.750000
v -9.366650 -6.750000 -41.750000
v -8.502110 -7.250000 -41.250000
v -8.726000 -6.750000 -41.250000
v -7.932790 -7.250000 -40.750000
v -8.170940 -6.750000 -40.750000
v -7.550200 -7.250000 -40.250000
v -7.744380 -6.750000 -40.250000
v -7.393100 -7.250000 -39.750000
v -7.484480 -6.750000 -39.750000
v -7.497390 -7.250000 -39.250000
v -7.451560 -6.750000 -39.250000
v -7.898260 -7.250000 -38.750000
v -7.717190 -6.750000 -38.750000
v -8.597550 -7.250000 -38.250000
v -8.322370 -6.750000 -38.250000
v -9.531020 -7.250000 -37.750000
v -9.218730 -6.750000 -37.750000
v -10.554460 -7.250000 -37.250000
v -10.257770 -6.750000 -37.250000
v -11.481520 -7.250000 -36.750000
v -11.226930 -6.750000 -36.750000
v -12.138420 -7.250000 -36.250000
v -11.932370 -6.750000 -36.250000
v -12.416540 -7.250000 -35.750000
v -12.263660 -6.750000 -35.750000
v -12.209710 -6.750000 -50.250000
v -12.060530 -6.250000 -50.250000
v -11.775670 -6.250000 -50.750000
v -12.066590 -6.750000 -50.750000
v -12.262120 -6.750000 -49.750000
v -12.147900 -6.250000 -49.750000
v -12.017600 -6.250000 -49.250000
v -11.619030 -6.250000 -48.750000
v -10.966000 -6.250000 -48.250000
v -10.174990 -6.250000 -47.750000
v -9.436060 -6.250000 -47.250000
v -8.948450 -6.250000 -46.750000
v -8.834000 -6.250000 -46.250000
v -9.091280 -6.250000 -45.750000
v -9.599240 -6.250000 -45.250000
v -10.177900 -6.250000 -44.750000
v -10.650620 -6.250000 -44.250000
v -10.897150 -6.250000 -43.750000
v -10.871580 -6.250000 -43.250000
v -10.600690 -6.250000 -42.750000
v -10.159120 -6.250000 -42.250000
v -9.634630 -6.250000 -41.750000
v -9.094450 -6.250000 -41.250000
v -8.572330 -6.250000 -40.750000
v -8.086450 -6.250000 -40.250000
v -7.680110 -6.250000 -39.750000
v -7.446090 -6.250000 -39.250000
v -7.510240 -6.250000 -38.750000
v -7.959780 -6.250000 -38.250000
v -8.774940 -6.250000 -37.750000
v -9.800210 -6.250000 -37.250000
v -10.801200 -6.250000 -36.750000
v -11.557360 -6.250000 -36.250000
v -11.958360 -6.250000 -35.750000
v -12.239040 -6.750000 -35.250000
v -12.045430 -6.250000 -35.250000
v -12.162310 -6.750000 -34.750000
v -12.011510 -6.250000 -34.750000
v -12.105920 -6.750000 -34.250000
v -11.992710 -6.250000 -34.250000
v -12.096430 -6.750000 -33.750000
v -12.062720 -6.250000 -33.750000
v -10.397460 -6.250000 -52.250000
v -10.368630 -5.750000 -52.250000
v -10.127810 -5.750000 -52.750000
v -10.200630 -6.250000 -52.750000
v -10.757140 -6.250000 -51.750000
v -10.732840 -5.750000 -51.750000
v -11.230600 -6.250000 -51.250000
v -11.181240 -5.750000 -51.250000
v -11.633090 -5.750000 -50.750000
v -11.926230 -5.750000 -50.250000
v -12.021210 -5.750000 -49.750000
v -11.894460 -5.750000 -49.250000
v -11.523090 -5.750000 -48.750000
v -10.933270 -5.750000 -48.250000
v -10.227350 -5.750000 -47.750000
v -9.571450 -5.750000 -47.250000
v -9.136330 -5.750000 -46.750000
v -9.029790 -5.750000 -46.250000
v -9.248590 -5.750000 -45.750000
v -9.689360 -5.750000 -45.250000
v -10.192990 -5.750000 -44.750000
v -10.607410 -5.750000 -44.250000
v -10.827910 -5.750000 -43.750000
v -10.818110 -5.750000 -43.250000
v -10.602540 -5.750000 -42.750000
v -10.243650 -5.750000 -42.250000
v -9.807210 -5.750000 -41.750000
v -9.334110 -5.750000 -41.250000
v -8.835100 -5.750000 -40.750000
v -8.318080 -5.750000 -40.250000
v -7.830510 -5.750000 -39.750000
v -7.485490 -5.750000 -39.250000
v -7.431810 -5.750000 -38.750000
v -7.781300 -5.750000 -38.250000
v -8.525350 -5.750000 -37.750000
v -9.514240 -5.750000 -37.250000
v -10.506650 -5.750000 -36.750000
v -11.278710 -5.750000 -36.250000
v -11.716560 -5.750000 -35.750000
v -11.861040 -5.750000 -35.250000
v -11.867520 -5.750000 -34.750000
v -11.885520 -5.750000 -34.250000
v -12.001630 -5.750000 -33.750000
v -12.259880 -6.250000 -33.250000
v -12.239480 -5.750000 -33.250000
v -12.534990 -6.250000 -32.750000
v -12.558610 -5.750000 -32.750000
v -12.748890 -6.250000 -32.250000
v -12.880990 -5.750000 -32.250000
f 148 149 150
f 148 150 151
f 152 153 149
f 152 149 148
f 154 155 153
f 154 153 152
f 156 157 155
f 156 155 154
f 158 159 157
f 158 157 156
f 160 161 159
f 160 159 158
f 162 163 161
f 162 161 160
f 164 165 163
f 164 163 162
f 166 167 165
f 166 165 164
f 168 169 167
f 168 167 166
f 170 171 169
f 170 169 168
f 172 173 171
f 172 171 170
f 174 175 173
f 174 173 172
f 176 177 175
f 176 175 174
f 178 179 177
f 178 177 176
f 180 181 179
f 180 179 178
f 182 183 181
f 182 181 180
f 184 185 183
f 184 183 182
f 186 187 185
f 186 185 184
f 188 189 187
f 188 187 186
f 190 191 189
f 190 189 188
f 192 193 191
f 192 191 190
f 194 195 193
f 194 193 192
f 196 197 195
f 196 195 194
f 198 199 197
f 198 197 196
f 200 201 199
f 200 199 198
f 202 203 201
f 202 201 200
f 204 205 206
f 204 206 207
f 208 209 205
f 208 205 204
f 150 210 209
f 150 209 208
f 149 211 210
f 149 210 150
f 153 212 211
f 153 211 149
f 155 213 212
f 155 212 153
f 157 214 213
f 157 213 155
f 159 215 214
f 159 214 157
f 161 216 215
f 161 215 159
f 163 217 216
f 163 216 161
f 165 218 217
f 165 217 163
f 167 219 218
f 167 218 165
f 169 220 219
f 169 219 167
f 171 221 220
f 171 220 169
f 173 222 221
f 173 221 171
f 175 223 222
f 175 222 173
f 177 224 223
f 177 223 175
f 179 225 224
f 179 224 177
f 181 226 225
f 181 225 179
f 183 227 226
f 183 226 181
f 185 228 227
f 185 227 183
f 187 229 228
f 187 228 185
f 189 230 229
f 189 229 187
f 191 231 230
f 191 230 189
f 193 232 231
f 193 231 191
f 195 233 232
f 195 232 193
f 197 234 233
f 197 233 195
f 199 235 234
f 199 234 197
f 201 236 235
f 201 235 199
f 203 237 236
f 203 236 201
f 238 239 237
f 238 237 203
f 240 241 239
f 240 239 238
f 242 243 241
f 242 241 240
f 244 245 243
f 244 243 242
f 246 247 248
f 246 248 249
f 250 251 247
f 250 247 246
f 252 253 251
f 252 251 250
f 206 254 253
f 206 253 252
f 205 255 254
f 205 254 206
f 209 256 255
f 209 255 205
f 210 257 256
f 210 256 209
f 211 258 257
f 211 257 210
f 212 259 258
f 212 258 211
f 213 260 259
f 213 259 212
f 214 261 260
f 214 260 213
f 215 262 261
f 215 261 214
f 216 263 262
f 216 262 215
f 217 264 263
f 217 263 216
f 218 265 264
f 218 264 217
f 219 266 265
f 219 265 218
f 220 267 266
f 220 266 219
f 221 268 267
f 221 267 220
f 222 269 268
f 222 268 221
f 223 270 269
f 223 269 222
f 224 271 270
f 224 270 223
f 225 272 271
f 225 271 224
f 226 273 272
f 226 272 225
f 227 274 273
f 227 273 226
f 228 275 274
f 228 274 227
f 229 276 275
f 229 275 228
f 230 277 276
f 230 276 229
f 231 278 277
f 231 277 230
f 232 279 278
f 232 278 231
f 233 280 279
f 233 279 232
f 234 281 280
f 234 280 233
f 235 282 281
f 235 281 234
f 236 283 282
f 236 282 235
f 237 284 283
f 237 283 236
f 239 285 284
f 239 284 237
f 241 286 285
f 241 285 239
f 243 287 286
f 243 286 241
f 245 288 287
f 245 287 243
f 289 290 288
f 289 288 245
f 291 292 290
f 291 290 289
f 293 294 292
f 293 292 291
g COL_MX01_forward_cockpit_lower_deck_01_smooth_left_skin_wall_02
usemtl MX01_EnclosureWall
v -3.222910 -7.250000 46.750000
v -3.257710 -6.750000 46.750000
v -3.282310 -6.750000 47.250000
v -3.242620 -7.250000 47.250000
v -3.339880 -6.750000 47.750000
v -3.296300 -7.250000 47.750000
v -3.419800 -6.750000 48.250000
v -3.373780 -7.250000 48.250000
v -3.609480 -7.250000 50.750000
v -3.657480 -6.750000 50.750000
v -3.605280 -6.750000 51.250000
v -3.561420 -7.250000 51.250000
v -3.548020 -6.750000 51.750000
v -3.509870 -7.250000 51.750000
v -3.517170 -6.750000 52.250000
v -3.484930 -7.250000 52.250000
v -3.271020 -6.750000 46.250000
v -3.308010 -6.250000 46.250000
v -3.312400 -6.250000 46.750000
v -3.347520 -6.250000 47.250000
v -3.492390 -6.250000 48.250000
v -3.581470 -6.250000 48.750000
v -3.509130 -6.750000 48.750000
v -3.654030 -6.750000 49.750000
v -3.724290 -6.250000 49.750000
v -3.747000 -6.250000 50.250000
v -3.677420 -6.750000 50.250000
v -3.726230 -6.250000 50.750000
v -3.672320 -6.250000 51.250000
v -3.611560 -6.250000 51.750000
v -3.575060 -6.250000 52.250000
v -3.323670 -6.250000 45.750000
v -3.337510 -5.750000 45.750000
v -3.334600 -5.750000 46.250000
v -3.350230 -5.750000 46.750000
v -3.392100 -5.750000 47.250000
v -3.410570 -6.250000 47.750000
v -3.458010 -5.750000 47.750000
v -3.539970 -5.750000 48.250000
v -3.627480 -5.750000 48.750000
v -3.664130 -6.250000 49.250000
v -3.707740 -5.750000 49.250000
v -3.765650 -5.750000 49.750000
v -3.787260 -5.750000 50.250000
v -3.767110 -5.750000 50.750000
v -3.714930 -5.750000 51.250000
v -3.655570 -5.750000 51.750000
v -3.618390 -5.750000 52.250000
f 295 296 297
f 295 297 298
f 298 297 299
f 298 299 300
f 300 299 301
f 300 301 302
f 303 304 305
f 303 305 306
f 306 305 307
f 306 307 308
f 308 307 309
f 308 309 310
f 311 312 313
f 311 313 296
f 296 313 314
f 296 314 297
f 301 315 316
f 301 316 317
f 318 319 320
f 318 320 321
f 321 320 322
f 321 322 304
f 304 322 323
f 304 323 305
f 305 323 324
f 305 324 307
f 307 324 325
f 307 325 309
f 326 327 328
f 326 328 312
f 312 328 329
f 312 329 313
f 313 329 330
f 331 332 333
f 331 333 315
f 315 333 334
f 315 334 316
f 335 336 337
f 335 337 319
f 319 337 338
f 319 338 320
f 320 338 339
f 320 339 322
f 322 339 340
f 322 340 323
f 323 340 341
f 323 341 324
f 324 341 342
f 324 342 325
g COL_MX01_forward_cockpit_lower_deck_01_smooth_right_skin_wall_02
usemtl MX01_EnclosureWall
v 3.242600 -7.250000 47.250000
v 3.282300 -6.750000 47.250000
v 3.257710 -6.750000 46.750000
v 3.222910 -7.250000 46.750000
v 3.296200 -7.250000 47.750000
v 3.339810 -6.750000 47.750000
v 3.373340 -7.250000 48.250000
v 3.419440 -6.750000 48.250000
v 3.460100 -7.250000 48.750000
v 3.507790 -6.750000 48.750000
v 3.539770 -7.250000 49.250000
v 3.588800 -6.750000 49.250000
v 3.593720 -7.250000 49.750000
v 3.643900 -6.750000 49.750000
v 3.606010 -7.250000 50.250000
v 3.656310 -6.750000 50.250000
v 3.572010 -7.250000 50.750000
v 3.620350 -6.750000 50.750000
v 3.505790 -7.250000 51.250000
v 3.549680 -6.750000 51.250000
v 3.438620 -7.250000 51.750000
v 3.476450 -6.750000 51.750000
v 3.405680 -7.250000 52.250000
v 3.437420 -6.750000 52.250000
v 3.312400 -6.250000 46.750000
v 3.308010 -6.250000 46.250000
v 3.271020 -6.750000 46.250000
v 3.347510 -6.250000 47.250000
v 3.410500 -6.250000 47.750000
v 3.492040 -6.250000 48.250000
v 3.580130 -6.250000 48.750000
v 3.660070 -6.250000 49.250000
v 3.714150 -6.250000 49.750000
v 3.725940 -6.250000 50.250000
v 3.689380 -6.250000 50.750000
v 3.617350 -6.250000 51.250000
v 3.541010 -6.250000 51.750000
v 3.496270 -6.250000 52.250000
v 3.334600 -5.750000 46.250000
v 3.337510 -5.750000 45.750000
v 3.323670 -6.250000 45.750000
v 3.350230 -5.750000 46.750000
v 3.392080 -5.750000 47.250000
v 3.457920 -5.750000 47.750000
v 3.539540 -5.750000 48.250000
v 3.625950 -5.750000 48.750000
v 3.703320 -5.750000 49.250000
v 3.755020 -5.750000 49.750000
v 3.765790 -5.750000 50.250000
v 3.730270 -5.750000 50.750000
v 3.660760 -5.750000 51.250000
v 3.586400 -5.750000 51.750000
v 3.540390 -5.750000 52.250000
f 343 344 345
f 343 345 346
f 347 348 344
f 347 344 343
f 349 350 348
f 349 348 347
f 351 352 350
f 351 350 349
f 353 354 352
f 353 352 351
f 355 356 354
f 355 354 353
f 357 358 356
f 357 356 355
f 359 360 358
f 359 358 357
f 361 362 360
f 361 360 359
f 363 364 362
f 363 362 361
f 365 366 364
f 365 364 363
f 345 367 368
f 345 368 369
f 344 370 367
f 344 367 345
f 348 371 370
f 348 370 344
f 350 372 371
f 350 371 348
f 352 373 372
f 352 372 350
f 354 374 373
f 354 373 352
f 356 375 374
f 356 374 354
f 358 376 375
f 358 375 356
f 360 377 376
f 360 376 358
f 362 378 377
f 362 377 360
f 364 379 378
f 364 378 362
f 366 380 379
f 366 379 364
f 368 381 382
f 368 382 383
f 367 384 381
f 367 381 368
f 370 385 384
f 370 384 367
f 371 386 385
f 371 385 370
f 372 387 386
f 372 386 371
f 373 388 387
f 373 387 372
f 374 389 388
f 374 388 373
f 375 390 389
f 375 389 374
f 376 391 390
f 376 390 375
f 377 392 391
f 377 391 376
f 378 393 392
f 378 392 377
f 379 394 393
f 379 393 378
f 380 395 394
f 380 394 379
g COL_MX01_forward_cockpit_lower_deck_02_smooth_left_skin_wall_01
usemtl MX01_EnclosureWall
v -14.526180 -5.250000 -53.250000
v -14.668520 -4.750000 -53.250000
v -14.594240 -4.750000 -52.750000
v -14.434630 -5.250000 -52.750000
v -14.468220 -4.750000 -52.250000
v -14.294340 -5.250000 -52.250000
v -14.333990 -4.750000 -51.750000
v -14.151530 -5.250000 -51.750000
v -14.232260 -4.750000 -51.250000
v -14.050410 -5.250000 -51.250000
v -14.185470 -4.750000 -50.750000
v -14.016190 -5.250000 -50.750000
v -14.195240 -4.750000 -50.250000
v -14.051410 -5.250000 -50.250000
v -14.249630 -4.750000 -49.750000
v -14.142950 -5.250000 -49.750000
v -14.333390 -4.750000 -49.250000
v -14.272910 -5.250000 -49.250000
v -14.437780 -4.750000 -48.750000
v -14.428600 -5.250000 -48.750000
v -14.567700 -4.750000 -48.250000
v -14.609930 -5.250000 -48.250000
v -14.743310 -4.750000 -47.750000
v -14.830170 -5.250000 -47.750000
v -14.989940 -4.750000 -47.250000
v -15.107730 -5.250000 -47.250000
v -15.320170 -4.750000 -46.750000
v -15.450070 -5.250000 -46.750000
v -15.717110 -4.750000 -46.250000
v -15.840580 -5.250000 -46.250000
v -16.133250 -4.750000 -45.750000
v -16.237620 -5.250000 -45.750000
v -16.505280 -4.750000 -45.250000
v -16.589220 -5.250000 -45.250000
v -16.776820 -4.750000 -44.750000
v -16.853920 -5.250000 -44.750000
v -16.910640 -4.750000 -44.250000
v -17.019390 -5.250000 -44.250000
v -17.083710 -5.250000 -43.250000
v -16.910640 -4.750000 -43.250000
v -16.856920 -4.750000 -42.750000
v -17.037070 -5.250000 -42.750000
v -16.739290 -4.750000 -42.250000
v -16.962160 -5.250000 -42.250000
v -16.200900 -4.750000 -41.750000
v -16.880090 -5.250000 -41.750000
v -12.531820 -5.250000 -39.250000
v -12.413680 -4.750000 -39.250000
v -12.547040 -4.750000 -38.750000
v -12.651200 -5.250000 -38.750000
v -12.734480 -4.750000 -38.250000
v -12.842630 -5.250000 -38.250000
v -12.948800 -4.750000 -37.750000
v -13.069690 -5.250000 -37.750000
v -13.156900 -4.750000 -37.250000
v -13.300340 -5.250000 -37.250000
v -13.331030 -4.750000 -36.750000
v -13.508760 -5.250000 -36.750000
v -13.460640 -4.750000 -36.250000
v -13.683870 -5.250000 -36.250000
v -13.559710 -4.750000 -35.750000
v -13.832890 -5.250000 -35.750000
v -13.659250 -4.750000 -35.250000
v -13.974630 -5.250000 -35.250000
v -13.787710 -4.750000 -34.750000
v -14.124430 -5.250000 -34.750000
v -13.952000 -4.750000 -34.250000
v -14.281200 -5.250000 -34.250000
v -14.131560 -4.750000 -33.750000
v -14.427120 -5.250000 -33.750000
v -14.292640 -4.750000 -33.250000
v -14.539120 -5.250000 -33.250000
v -14.408880 -4.750000 -32.750000
v -14.605700 -5.250000 -32.750000
v -14.476940 -4.750000 -32.250000
v -14.633570 -5.250000 -32.250000
v -14.513170 -4.750000 -31.750000
v -14.643550 -5.250000 -31.750000
v -14.541380 -4.750000 -31.250000
v -14.656690 -5.250000 -31.250000
v -14.577310 -4.750000 -30.750000
v -14.684180 -5.250000 -30.750000
v -14.622910 -4.750000 -30.250000
v -14.722240 -5.250000 -30.250000
v -14.666410 -4.750000 -29.750000
v -14.755740 -5.250000 -29.750000
v -14.689440 -4.750000 -29.250000
v -14.764960 -5.250000 -29.250000
v -14.876110 -4.250000 -53.250000
v -14.833370 -4.250000 -52.750000
v -14.737880 -4.250000 -52.250000
v -14.625140 -4.250000 -51.750000
v -14.527660 -4.250000 -51.250000
v -14.462910 -4.250000 -50.750000
v -14.432190 -4.250000 -50.250000
v -14.427040 -4.250000 -49.750000
v -14.438060 -4.250000 -49.250000
v -14.463410 -4.250000 -48.750000
v -14.516320 -4.250000 -48.250000
v -14.625570 -4.250000 -47.750000
v -14.824990 -4.250000 -47.250000
v -15.132180 -4.250000 -46.750000
v -15.530440 -4.250000 -46.250000
v -15.965450 -4.250000 -45.750000
v -16.361960 -4.250000 -45.250000
v -16.648580 -4.250000 -44.750000
v -16.779350 -4.250000 -44.250000
v -16.646170 -4.250000 -43.250000
v -16.537370 -4.250000 -42.750000
v -12.337050 -4.750000 -39.750000
v -12.357360 -4.250000 -39.750000
v -12.328550 -4.250000 -39.250000
v -12.424010 -4.250000 -38.750000
v -12.586980 -4.250000 -38.250000
v -12.773020 -4.250000 -37.750000
v -12.941310 -4.250000 -37.250000
v -13.059750 -4.250000 -36.750000
v -13.119480 -4.250000 -36.250000
v -13.143410 -4.250000 -35.750000
v -13.178740 -4.250000 -35.250000
v -13.272380 -4.250000 -34.750000
v -13.442770 -4.250000 -34.250000
v -13.668720 -4.250000 -33.750000
v -13.901680 -4.250000 -33.250000
v -14.095580 -4.250000 -32.750000
v -14.228950 -4.250000 -32.250000
v -14.310450 -4.250000 -31.750000
v -14.364240 -4.250000 -31.250000
v -14.413600 -4.250000 -30.750000
v -14.468740 -4.250000 -30.250000
v -14.526460 -4.250000 -29.750000
v -14.575500 -4.250000 -29.250000
v -14.608450 -4.250000 -28.750000
v -14.674140 -4.750000 -28.750000
v -14.637510 -4.250000 -28.250000
v -14.680160 -4.750000 -28.250000
v -14.653770 -4.250000 -27.750000
v -14.683850 -4.750000 -27.750000
v -15.003130 -3.750000 -53.250000
v -14.983140 -3.750000 -52.750000
v -14.911290 -3.750000 -52.250000
v -14.816180 -3.750000 -51.750000
v -14.723800 -3.750000 -51.250000
v -14.648300 -3.750000 -50.750000
v -14.591290 -3.750000 -50.250000
v -14.547420 -3.750000 -49.750000
v -14.511770 -3.750000 -49.250000
v -14.487890 -3.750000 -48.750000
v -14.494110 -3.750000 -48.250000
v -14.563920 -3.750000 -47.750000
v -14.734010 -3.750000 -47.250000
v -15.023650 -3.750000 -46.750000
v -15.415590 -3.750000 -46.250000
v -15.853280 -3.750000 -45.750000
v -16.255800 -3.750000 -45.250000
v -16.543020 -3.750000 -44.750000
v -16.654970 -3.750000 -44.250000
v -16.423010 -3.750000 -43.250000
v -16.054970 -3.750000 -42.750000
v -14.853390 -4.250000 -41.750000
v -14.572330 -3.750000 -41.750000
v -13.775960 -3.750000 -41.250000
v -13.861500 -4.250000 -41.250000
v -13.099820 -3.750000 -40.750000
v -13.127270 -4.250000 -40.750000
v -12.621130 -3.750000 -40.250000
v -12.631130 -4.250000 -40.250000
v -12.355890 -3.750000 -39.750000
v -12.291050 -3.750000 -39.250000
v -12.359350 -3.750000 -38.750000
v -12.500630 -3.750000 -38.250000
v -12.663520 -3.750000 -37.750000
v -12.802190 -3.750000 -37.250000
v -12.883420 -3.750000 -36.750000
v -12.899940 -3.750000 -36.250000
v -12.879780 -3.750000 -35.750000
v -12.877980 -3.750000 -35.250000
v -12.949980 -3.750000 -34.750000
v -13.120910 -3.750000 -34.250000
v -13.369960 -3.750000 -33.750000
v -13.643370 -3.750000 -33.250000
v -13.884100 -3.750000 -32.750000
v -14.060700 -3.750000 -32.250000
v -14.174210 -3.750000 -31.750000
v -14.247890 -3.750000 -31.250000
v -14.307490 -3.750000 -30.750000
v -14.368990 -3.750000 -30.250000
v -14.434480 -3.750000 -29.750000
v -14.497660 -3.750000 -29.250000
v -14.551700 -3.750000 -28.750000
v -14.595390 -3.750000 -28.250000
v -14.621180 -3.750000 -27.750000
f 396 397 398
f 396 398 399
f 399 398 400
f 399 400 401
f 401 400 402
f 401 402 403
f 403 402 404
f 403 404 405
f 405 404 406
f 405 406 407
f 407 406 408
f 407 408 409
f 409 408 410
f 409 410 411
f 411 410 412
f 411 412 413
f 413 412 414
f 413 414 415
f 415 414 416
f 415 416 417
f 417 416 418
f 417 418 419
f 419 418 420
f 419 420 421
f 421 420 422
f 421 422 423
f 423 422 424
f 423 424 425
f 425 424 426
f 425 426 427
f 427 426 428
f 427 428 429
f 429 428 430
f 429 430 431
f 431 430 432
f 431 432 433
f 434 435 436
f 434 436 437
f 437 436 438
f 437 438 439
f 439 438 440
f 439 440 441
f 442 443 444
f 442 444 445
f 445 444 446
f 445 446 447
f 447 446 448
f 447 448 449
f 449 448 450
f 449 450 451
f 451 450 452
f 451 452 453
f 453 452 454
f 453 454 455
f 455 454 456
f 455 456 457
f 457 456 458
f 457 458 459
f 459 458 460
f 459 460 461
f 461 460 462
f 461 462 463
f 463 462 464
f 463 464 465
f 465 464 466
f 465 466 467
f 467 466 468
f 467 468 469
f 469 468 470
f 469 470 471
f 471 470 472
f 471 472 473
f 473 472 474
f 473 474 475
f 475 474 476
f 475 476 477
f 477 476 478
f 477 478 479
f 479 478 480
f 479 480 481
f 481 480 482
f 481 482 483
f 397 484 485
f 397 485 398
f 398 485 486
f 398 486 400
f 400 486 487
f 400 487 402
f 402 487 488
f 402 488 404
f 404 488 489
f 404 489 406
f 406 489 490
f 406 490 408
f 408 490 491
f 408 491 410
f 410 491 492
f 410 492 412
f 412 492 493
f 412 493 414
f 414 493 494
f 414 494 416
f 416 494 495
f 416 495 418
f 418 495 496
f 418 496 420
f 420 496 497
f 420 497 422
f 422 497 498
f 422 498 424
f 424 498 499
f 424 499 426
f 426 499 500
f 426 500 428
f 428 500 501
f 428 501 430
f 430 501 502
f 430 502 432
f 435 503 504
f 435 504 436
f 505 506 507
f 505 507 443
f 443 507 508
f 443 508 444
f 444 508 509
f 444 509 446
f 446 509 510
f 446 510 448
f 448 510 511
f 448 511 450
f 450 511 512
f 450 512 452
f 452 512 513
f 452 513 454
f 454 513 514
f 454 514 456
f 456 514 515
f 456 515 458
f 458 515 516
f 458 516 460
f 460 516 517
f 460 517 462
f 462 517 518
f 462 518 464
f 464 518 519
f 464 519 466
f 466 519 520
f 466 520 468
f 468 520 521
f 468 521 470
f 470 521 522
f 470 522 472
f 472 522 523
f 472 523 474
f 474 523 524
f 474 524 476
f 476 524 525
f 476 525 478
f 478 525 526
f 478 526 480
f 480 526 527
f 480 527 482
f 482 527 528
f 482 528 529
f 529 528 530
f 529 530 531
f 531 530 532
f 531 532 533
f 484 534 535
f 484 535 485
f 485 535 536
f 485 536 486
f 486 536 537
f 486 537 487
f 487 537 538
f 487 538 488
f 488 538 539
f 488 539 489
f 489 539 540
f 489 540 490
f 490 540 541
f 490 541 491
f 491 541 542
f 491 542 492
f 492 542 543
f 492 543 493
f 493 543 544
f 493 544 494
f 494 544 545
f 494 545 495
f 495 545 546
f 495 546 496
f 496 546 547
f 496 547 497
f 497 547 548
f 497 548 498
f 498 548 549
f 498 549 499
f 499 549 550
f 499 550 500
f 500 550 551
f 500 551 501
f 501 551 552
f 501 552 502
f 503 553 554
f 503 554 504
f 555 556 557
f 555 557 558
f 558 557 559
f 558 559 560
f 560 559 561
f 560 561 562
f 562 561 563
f 562 563 506
f 506 563 564
f 506 564 507
f 507 564 565
f 507 565 508
f 508 565 566
f 508 566 509
f 509 566 567
f 509 567 510
f 510 567 568
f 510 568 511
f 511 568 569
f 511 569 512
f 512 569 570
f 512 570 513
f 513 570 571
f 513 571 514
f 514 571 572
f 514 572 515
f 515 572 573
f 515 573 516
f 516 573 574
f 516 574 517
f 517 574 575
f 517 575 518
f 518 575 576
f 518 576 519
f 519 576 577
f 519 577 520
f 520 577 578
f 520 578 521
f 521 578 579
f 521 579 522
f 522 579 580
f 522 580 523
f 523 580 581
f 523 581 524
f 524 581 582
f 524 582 525
f 525 582 583
f 525 583 526
f 526 583 584
f 526 584 527
f 527 584 585
f 527 585 528
f 528 585 586
f 528 586 530
f 530 586 587
f 530 587 532
g COL_MX01_forward_cockpit_lower_deck_02_smooth_right_skin_wall_01
usemtl MX01_EnclosureWall
v -10.956460 -5.250000 -52.750000
v -11.437570 -4.750000 -52.750000
v -11.788830 -4.750000 -53.250000
v -11.349230 -5.250000 -53.250000
v -10.355440 -5.250000 -52.250000
v -10.861480 -4.750000 -52.250000
v -9.830290 -5.250000 -51.750000
v -10.343690 -4.750000 -51.750000
v -9.609390 -5.250000 -51.250000
v -10.110510 -4.750000 -51.250000
v -9.746410 -5.250000 -50.750000
v -10.212290 -4.750000 -50.750000
v -10.119630 -5.250000 -50.250000
v -10.528130 -4.750000 -50.250000
v -10.530010 -5.250000 -49.750000
v -10.863130 -4.750000 -49.750000
v -10.807080 -5.250000 -49.250000
v -11.054200 -4.750000 -49.250000
v -10.853900 -5.250000 -48.750000
v -11.008220 -4.750000 -48.750000
v -10.619000 -5.250000 -48.250000
v -10.670610 -4.750000 -48.250000
v -10.041860 -5.250000 -47.750000
v -9.970300 -4.750000 -47.750000
v -9.028280 -5.250000 -47.250000
v -8.798060 -4.750000 -47.250000
v -7.485610 -5.250000 -46.750000
v -7.052170 -4.750000 -46.750000
v -5.411760 -5.250000 -46.250000
v -4.732250 -4.750000 -46.250000
v -2.970900 -5.250000 -45.750000
v -2.030760 -4.750000 -45.750000
v -0.486460 -5.250000 -45.250000
v 0.675320 -4.750000 -45.250000
v 1.714940 -5.250000 -44.750000
v 2.936370 -4.750000 -44.750000
v 3.561700 -5.250000 -44.250000
v 4.350480 -4.750000 -44.250000
v 10.718310 -5.250000 -42.750000
v 11.690980 -4.750000 -42.750000
v 10.968500 -4.750000 -43.250000
v 8.815480 -5.250000 -43.250000
v 12.059010 -5.250000 -42.250000
v 12.223480 -4.750000 -42.250000
v 13.245480 -5.250000 -41.750000
v 12.788370 -4.750000 -41.750000
v 6.483890 -5.250000 -38.750000
v 7.104440 -4.750000 -38.750000
v 7.141770 -4.750000 -39.250000
v 6.581500 -5.250000 -39.250000
v 6.296690 -5.250000 -38.250000
v 7.068630 -4.750000 -38.250000
v 5.803950 -5.250000 -37.750000
v 6.747850 -4.750000 -37.750000
v 4.893440 -5.250000 -37.250000
v 5.997440 -4.750000 -37.250000
v 3.554340 -5.250000 -36.750000
v 4.782630 -4.750000 -36.750000
v 1.826510 -5.250000 -36.250000
v 3.114770 -4.750000 -36.250000
v -0.209910 -5.250000 -35.750000
v 1.048780 -4.750000 -35.750000
v -2.407440 -5.250000 -35.250000
v -1.277130 -4.750000 -35.250000
v -4.548790 -5.250000 -34.750000
v -3.630270 -4.750000 -34.750000
v -6.402000 -5.250000 -34.250000
v -5.742690 -4.750000 -34.250000
v -7.809030 -5.250000 -33.750000
v -7.409720 -4.750000 -33.750000
v -8.744800 -5.250000 -33.250000
v -8.567780 -4.750000 -33.250000
v -9.316310 -5.250000 -32.750000
v -9.298650 -4.750000 -32.750000
v -9.700880 -5.250000 -32.250000
v -9.777170 -4.750000 -32.250000
v -10.072720 -5.250000 -31.750000
v -10.186440 -4.750000 -31.750000
v -10.539690 -5.250000 -31.250000
v -10.655870 -4.750000 -31.250000
v -11.121560 -5.250000 -30.750000
v -11.224400 -4.750000 -30.750000
v -11.754690 -5.250000 -30.250000
v -11.851700 -4.750000 -30.250000
v -12.326010 -5.250000 -29.750000
v -12.453070 -4.750000 -29.750000
v -12.695520 -5.250000 -29.250000
v -12.967400 -4.750000 -29.250000
v -12.148030 -4.250000 -52.750000
v -12.404370 -4.250000 -53.250000
v -11.660620 -4.250000 -52.250000
v -11.195210 -4.250000 -51.750000
v -10.952800 -4.250000 -51.250000
v -10.980270 -4.250000 -50.750000
v -11.173210 -4.250000 -50.250000
v -11.362900 -4.250000 -49.750000
v -11.403860 -4.250000 -49.250000
v -11.204640 -4.250000 -48.750000
v -10.696560 -4.250000 -48.250000
v -9.787710 -4.250000 -47.750000
v -8.354410 -4.250000 -47.250000
v -6.293510 -4.250000 -46.750000
v -3.624440 -4.250000 -46.250000
v -0.567760 -4.250000 -45.750000
v 2.462230 -4.250000 -45.250000
v 4.986640 -4.250000 -44.750000
v 6.527320 -4.250000 -44.250000
v 12.803310 -4.250000 -42.750000
v 12.530420 -4.250000 -43.250000
v 7.945380 -4.250000 -39.250000
v 8.308610 -4.250000 -39.750000
v 7.526370 -4.750000 -39.750000
v 8.038370 -4.250000 -38.750000
v 8.205570 -4.250000 -38.250000
v 8.124180 -4.250000 -37.750000
v 7.612820 -4.250000 -37.250000
v 6.591700 -4.250000 -36.750000
v 5.028240 -4.250000 -36.250000
v 2.943370 -4.250000 -35.750000
v 0.461370 -4.250000 -35.250000
v -2.172820 -4.250000 -34.750000
v -4.650980 -4.250000 -34.250000
v -6.711070 -4.250000 -33.750000
v -8.226830 -4.250000 -33.250000
v -9.235490 -4.250000 -32.750000
v -9.889060 -4.250000 -32.250000
v -10.378650 -4.250000 -31.750000
v -10.855510 -4.250000 -31.250000
v -11.393150 -4.250000 -30.750000
v -11.981030 -4.250000 -30.250000
v -12.562040 -4.250000 -29.750000
v -13.078350 -4.250000 -29.250000
v -13.468960 -4.750000 -28.750000
v -13.508740 -4.250000 -28.750000
v -13.775720 -4.750000 -28.250000
v -13.792890 -4.250000 -28.250000
v -13.906170 -4.750000 -27.750000
v -13.917840 -4.250000 -27.750000
v -12.585330 -3.750000 -52.750000
v -12.763850 -3.750000 -53.250000
v -12.182040 -3.750000 -52.250000
v -11.771710 -3.750000 -51.750000
v -11.529290 -3.750000 -51.250000
v -11.498710 -3.750000 -50.750000
v -11.595510 -3.750000 -50.250000
v -11.675680 -3.750000 -49.750000
v -11.608800 -3.750000 -49.250000
v -11.301150 -3.750000 -48.750000
v -10.670730 -3.750000 -48.250000
v -9.612550 -3.750000 -47.750000
v -7.998910 -3.750000 -47.250000
v -5.738220 -3.750000 -46.750000
v -2.866360 -3.750000 -46.250000
v 0.384000 -3.750000 -45.750000
v 3.626970 -3.750000 -45.250000
v 6.498740 -3.750000 -44.750000
v 8.961800 -3.750000 -44.250000
v 13.499930 -3.750000 -42.750000
v 13.094930 -3.750000 -43.250000
v 11.745290 -4.250000 -41.250000
v 11.831690 -3.750000 -41.250000
v 12.811990 -3.750000 -41.750000
v 12.577210 -4.250000 -41.750000
v 10.613290 -4.250000 -40.750000
v 10.678430 -3.750000 -40.750000
v 9.428720 -4.250000 -40.250000
v 9.569280 -3.750000 -40.250000
v 8.737740 -3.750000 -39.750000
v 8.476660 -3.750000 -39.250000
v 8.645790 -3.750000 -38.750000
v 8.912570 -3.750000 -38.250000
v 8.962210 -3.750000 -37.750000
v 8.590910 -3.750000 -37.250000
v 7.687630 -3.750000 -36.750000
v 6.192570 -3.750000 -36.250000
v 4.110060 -3.750000 -35.750000
v 1.556680 -3.750000 -35.250000
v -3.902710 -3.750000 -34.250000
v -1.221150 -3.750000 -34.750000
v -6.198230 -3.750000 -33.750000
v -7.946940 -3.750000 -33.250000
v -9.150040 -3.750000 -32.750000
v -9.939250 -3.750000 -32.250000
v -10.498430 -3.750000 -31.750000
v -10.990950 -3.750000 -31.250000
v -11.507700 -3.750000 -30.750000
v -12.062310 -3.750000 -30.250000
v -12.613980 -3.750000 -29.750000
v -13.110800 -3.750000 -29.250000
v -13.512800 -3.750000 -28.750000
v -13.783190 -3.750000 -28.250000
v -13.903860 -3.750000 -27.750000
f 588 589 590
f 588 590 591
f 592 593 589
f 592 589 588
f 594 595 593
f 594 593 592
f 596 597 595
f 596 595 594
f 598 599 597
f 598 597 596
f 600 601 599
f 600 599 598
f 602 603 601
f 602 601 600
f 604 605 603
f 604 603 602
f 606 607 605
f 606 605 604
f 608 609 607
f 608 607 606
f 610 611 609
f 610 609 608
f 612 613 611
f 612 611 610
f 614 615 613
f 614 613 612
f 616 617 615
f 616 615 614
f 618 619 617
f 618 617 616
f 620 621 619
f 620 619 618
f 622 623 621
f 622 621 620
f 624 625 623
f 624 623 622
f 626 627 628
f 626 628 629
f 630 631 627
f 630 627 626
f 632 633 631
f 632 631 630
f 634 635 636
f 634 636 637
f 638 639 635
f 638 635 634
f 640 641 639
f 640 639 638
f 642 643 641
f 642 641 640
f 644 645 643
f 644 643 642
f 646 647 645
f 646 645 644
f 648 649 647
f 648 647 646
f 650 651 649
f 650 649 648
f 652 653 651
f 652 651 650
f 654 655 653
f 654 653 652
f 656 657 655
f 656 655 654
f 658 659 657
f 658 657 656
f 660 661 659
f 660 659 658
f 662 663 661
f 662 661 660
f 664 665 663
f 664 663 662
f 666 667 665
f 666 665 664
f 668 669 667
f 668 667 666
f 670 671 669
f 670 669 668
f 672 673 671
f 672 671 670
f 674 675 673
f 674 673 672
f 589 676 677
f 589 677 590
f 593 678 676
f 593 676 589
f 595 679 678
f 595 678 593
f 597 680 679
f 597 679 595
f 599 681 680
f 599 680 597
f 601 682 681
f 601 681 599
f 603 683 682
f 603 682 601
f 605 684 683
f 605 683 603
f 607 685 684
f 607 684 605
f 609 686 685
f 609 685 607
f 611 687 686
f 611 686 609
f 613 688 687
f 613 687 611
f 615 689 688
f 615 688 613
f 617 690 689
f 617 689 615
f 619 691 690
f 619 690 617
f 621 692 691
f 621 691 619
f 623 693 692
f 623 692 621
f 625 694 693
f 625 693 623
f 627 695 696
f 627 696 628
f 636 697 698
f 636 698 699
f 635 700 697
f 635 697 636
f 639 701 700
f 639 700 635
f 641 702 701
f 641 701 639
f 643 703 702
f 643 702 641
f 645 704 703
f 645 703 643
f 647 705 704
f 647 704 645
f 649 706 705
f 649 705 647
f 651 707 706
f 651 706 649
f 653 708 707
f 653 707 651
f 655 709 708
f 655 708 653
f 657 710 709
f 657 709 655
f 659 711 710
f 659 710 657
f 661 712 711
f 661 711 659
f 663 713 712
f 663 712 661
f 665 714 713
f 665 713 663
f 667 715 714
f 667 714 665
f 669 716 715
f 669 715 667
f 671 717 716
f 671 716 669
f 673 718 717
f 673 717 671
f 675 719 718
f 675 718 673
f 720 721 719
f 720 719 675
f 722 723 721
f 722 721 720
f 724 725 723
f 724 723 722
f 676 726 727
f 676 727 677
f 678 728 726
f 678 726 676
f 679 729 728
f 679 728 678
f 680 730 729
f 680 729 679
f 681 731 730
f 681 730 680
f 682 732 731
f 682 731 681
f 683 733 732
f 683 732 682
f 684 734 733
f 684 733 683
f 685 735 734
f 685 734 684
f 686 736 735
f 686 735 685
f 687 737 736
f 687 736 686
f 688 738 737
f 688 737 687
f 689 739 738
f 689 738 688
f 690 740 739
f 690 739 689
f 691 741 740
f 691 740 690
f 692 742 741
f 692 741 691
f 693 743 742
f 693 742 692
f 694 744 743
f 694 743 693
f 695 745 746
f 695 746 696
f 747 748 749
f 747 749 750
f 751 752 748
f 751 748 747
f 753 754 752
f 753 752 751
f 698 755 754
f 698 754 753
f 697 756 755
f 697 755 698
f 700 757 756
f 700 756 697
f 701 758 757
f 701 757 700
f 702 759 758
f 702 758 701
f 703 760 759
f 703 759 702
f 704 761 760
f 704 760 703
f 705 762 761
f 705 761 704
f 706 763 762
f 706 762 705
f 707 764 763
f 707 763 706
f 709 765 766
f 709 766 708
f 710 767 765
f 710 765 709
f 711 768 767
f 711 767 710
f 712 769 768
f 712 768 711
f 713 770 769
f 713 769 712
f 714 771 770
f 714 770 713
f 715 772 771
f 715 771 714
f 716 773 772
f 716 772 715
f 717 774 773
f 717 773 716
f 718 775 774
f 718 774 717
f 719 776 775
f 719 775 718
f 721 777 776
f 721 776 719
f 723 778 777
f 723 777 721
f 725 779 778
f 725 778 723
g COL_MX01_forward_cockpit_lower_deck_02_smooth_left_skin_wall_02
usemtl MX01_EnclosureWall
v -3.792510 -5.250000 44.750000
v -3.782000 -4.750000 44.750000
v -3.853370 -4.750000 45.250000
v -3.839280 -5.250000 45.250000
v -3.940530 -4.750000 45.750000
v -3.914560 -5.250000 45.750000
v -4.029200 -4.750000 46.250000
v -3.997780 -5.250000 46.250000
v -4.110810 -4.750000 46.750000
v -4.077570 -5.250000 46.750000
v -4.182900 -4.750000 47.250000
v -4.149720 -5.250000 47.250000
v -4.246670 -4.750000 47.750000
v -4.214560 -5.250000 47.750000
v -4.304850 -4.750000 48.250000
v -4.274260 -5.250000 48.250000
v -4.359230 -4.750000 48.750000
v -4.330110 -5.250000 48.750000
v -4.407260 -4.750000 49.250000
v -4.379080 -5.250000 49.250000
v -4.439390 -4.750000 49.750000
v -4.411650 -5.250000 49.750000
v -4.440480 -4.750000 50.250000
v -4.413420 -5.250000 50.250000
v -4.396680 -4.750000 50.750000
v -4.372030 -5.250000 50.750000
v -4.305250 -4.750000 51.250000
v -4.286310 -5.250000 51.250000
v -4.181750 -4.750000 51.750000
v -4.172760 -5.250000 51.750000
v -4.059800 -4.750000 52.250000
v -4.064670 -5.250000 52.250000
v -3.983170 -4.750000 52.750000
v -4.002430 -5.250000 52.750000
v -3.736710 -4.750000 44.250000
v -3.722960 -4.250000 44.250000
v -3.793040 -4.250000 44.750000
v -3.884200 -4.250000 45.250000
v -3.983090 -4.250000 45.750000
v -4.077360 -4.250000 46.250000
v -4.160890 -4.250000 46.750000
v -4.232850 -4.250000 47.250000
v -4.295350 -4.250000 47.750000
v -4.351410 -4.250000 48.250000
v -4.403030 -4.250000 48.750000
v -4.447920 -4.250000 49.250000
v -4.476820 -4.250000 49.750000
v -4.474540 -4.250000 50.250000
v -4.426610 -4.250000 50.750000
v -4.328920 -4.250000 51.250000
v -4.194970 -4.250000 51.750000
v -4.055290 -4.250000 52.250000
v -3.945700 -4.250000 52.750000
v -3.681170 -4.250000 43.750000
v -3.670730 -3.750000 43.750000
v -3.724390 -3.750000 44.250000
v -3.806320 -3.750000 44.750000
v -3.906420 -3.750000 45.250000
v -4.010560 -3.750000 45.750000
v -4.107490 -3.750000 46.250000
v -4.192050 -3.750000 46.750000
v -4.264130 -3.750000 47.250000
v -4.326090 -3.750000 47.750000
v -4.380980 -3.750000 48.250000
v -4.430530 -3.750000 48.750000
v -4.472370 -3.750000 49.250000
v -4.497490 -3.750000 49.750000
v -4.491430 -3.750000 50.250000
v -4.440340 -3.750000 50.750000
v -4.340060 -3.750000 51.250000
v -4.203080 -3.750000 51.750000
v -4.058140 -3.750000 52.250000
v -3.941100 -3.750000 52.750000
v -3.881380 -3.750000 53.250000
v -3.882750 -4.250000 53.250000
f 780 781 782
f 780 782 783
f 783 782 784
f 783 784 785
f 785 784 786
f 785 786 787
f 787 786 788
f 787 788 789
f 789 788 790
f 789 790 791
f 791 790 792
f 791 792 793
f 793 792 794
f 793 794 795
f 795 794 796
f 795 796 797
f 797 796 798
f 797 798 799
f 799 798 800
f 799 800 801
f 801 800 802
f 801 802 803
f 803 802 804
f 803 804 805
f 805 804 806
f 805 806 807
f 807 806 808
f 807 808 809
f 809 808 810
f 809 810 811
f 811 810 812
f 811 812 813
f 814 815 816
f 814 816 781
f 781 816 817
f 781 817 782
f 782 817 818
f 782 818 784
f 784 818 819
f 784 819 786
f 786 819 820
f 786 820 788
f 788 820 821
f 788 821 790
f 790 821 822
f 790 822 792
f 792 822 823
f 792 823 794
f 794 823 824
f 794 824 796
f 796 824 825
f 796 825 798
f 798 825 826
f 798 826 800
f 800 826 827
f 800 827 802
f 802 827 828
f 802 828 804
f 804 828 829
f 804 829 806
f 806 829 830
f 806 830 808
f 808 830 831
f 808 831 810
f 810 831 832
f 810 832 812
f 833 834 835
f 833 835 815
f 815 835 836
f 815 836 816
f 816 836 837
f 816 837 817
f 817 837 838
f 817 838 818
f 818 838 839
f 818 839 819
f 819 839 840
f 819 840 820
f 820 840 841
f 820 841 821
f 821 841 842
f 821 842 822
f 822 842 843
f 822 843 823
f 823 843 844
f 823 844 824
f 824 844 845
f 824 845 825
f 825 845 846
f 825 846 826
f 826 846 847
f 826 847 827
f 827 847 848
f 827 848 828
f 828 848 849
f 828 849 829
f 829 849 850
f 829 850 830
f 830 850 851
f 830 851 831
f 831 851 852
f 831 852 832
f 832 852 853
f 832 853 854
g COL_MX01_forward_cockpit_lower_deck_02_smooth_right_skin_wall_02
usemtl MX01_EnclosureWall
v 3.816790 -5.250000 45.250000
v 3.826680 -4.750000 45.250000
v 3.741220 -4.750000 44.750000
v 3.761240 -5.250000 44.750000
v 3.902230 -5.250000 45.750000
v 3.926360 -4.750000 45.750000
v 3.994130 -5.250000 46.250000
v 4.024730 -4.750000 46.250000
v 4.369680 -5.250000 48.750000
v 4.399620 -4.750000 48.750000
v 4.337050 -4.750000 48.250000
v 4.306080 -5.250000 48.250000
v 4.420790 -5.250000 49.250000
v 4.450130 -4.750000 49.250000
v 4.447770 -5.250000 49.750000
v 4.476910 -4.750000 49.750000
v 4.436210 -5.250000 50.250000
v 4.464920 -4.750000 50.250000
v 4.375540 -5.250000 50.750000
v 4.402290 -4.750000 50.750000
v 4.267740 -5.250000 51.250000
v 4.289480 -4.750000 51.250000
v 4.133330 -5.250000 51.750000
v 4.145980 -4.750000 51.750000
v 4.010000 -5.250000 52.250000
v 4.009670 -4.750000 52.250000
v 3.941520 -5.250000 52.750000
v 3.927240 -4.750000 52.750000
v 3.745170 -4.250000 44.750000
v 3.659480 -4.250000 44.250000
v 3.682140 -4.750000 44.250000
v 3.853010 -4.250000 45.250000
v 3.966350 -4.250000 45.750000
v 4.443490 -4.250000 48.750000
v 4.383610 -4.250000 48.250000
v 4.491020 -4.250000 49.250000
v 4.514960 -4.250000 49.750000
v 4.500390 -4.250000 50.250000
v 4.434940 -4.250000 50.750000
v 4.317700 -4.250000 51.250000
v 4.165940 -4.250000 51.750000
v 4.013920 -4.250000 52.250000
v 3.899980 -4.250000 52.750000
v 3.657680 -3.750000 44.250000
v 3.593190 -3.750000 43.750000
v 3.606850 -4.250000 43.750000
v 3.755390 -3.750000 44.750000
v 3.872730 -3.750000 45.250000
v 3.992040 -3.750000 45.750000
v 4.470290 -3.750000 48.750000
v 4.412800 -3.750000 48.250000
v 4.514670 -3.750000 49.250000
v 4.535150 -3.750000 49.750000
v 4.517570 -3.750000 50.250000
v 4.450190 -3.750000 50.750000
v 4.331990 -3.750000 51.250000
v 4.178920 -3.750000 51.750000
v 4.022910 -3.750000 52.250000
v 3.901260 -3.750000 52.750000
v 3.840630 -4.250000 53.250000
v 3.841650 -3.750000 53.250000
f 855 856 857
f 855 857 858
f 859 860 856
f 859 856 855
f 861 862 860
f 861 860 859
f 863 864 865
f 863 865 866
f 867 868 864
f 867 864 863
f 869 870 868
f 869 868 867
f 871 872 870
f 871 870 869
f 873 874 872
f 873 872 871
f 875 876 874
f 875 874 873
f 877 878 876
f 877 876 875
f 879 880 878
f 879 878 877
f 881 882 880
f 881 880 879
f 857 883 884
f 857 884 885
f 856 886 883
f 856 883 857
f 860 887 886
f 860 886 856
f 864 888 889
f 864 889 865
f 868 890 888
f 868 888 864
f 870 891 890
f 870 890 868
f 872 892 891
f 872 891 870
f 874 893 892
f 874 892 872
f 876 894 893
f 876 893 874
f 878 895 894
f 878 894 876
f 880 896 895
f 880 895 878
f 882 897 896
f 882 896 880
f 884 898 899
f 884 899 900
f 883 901 898
f 883 898 884
f 886 902 901
f 886 901 883
f 887 903 902
f 887 902 886
f 888 904 905
f 888 905 889
f 890 906 904
f 890 904 888
f 891 907 906
f 891 906 890
f 892 908 907
f 892 907 891
f 893 909 908
f 893 908 892
f 894 910 909
f 894 909 893
f 895 911 910
f 895 910 894
f 896 912 911
f 896 911 895
f 897 913 912
f 897 912 896
f 914 915 913
f 914 913 897
g COL_MX01_forward_cockpit_lower_deck_02_smooth_skin_ceiling
usemtl MX01_EnclosureCeiling
v -0.750000 -2.700000 45.750000
v 0.250000 -2.700000 45.750000
v 0.250000 -2.700000 46.750000
v -0.750000 -2.700000 46.750000
v 0.250000 -2.700000 47.750000
v -0.750000 -2.700000 47.750000
v 0.250000 -2.700000 48.750000
v -0.750000 -2.700000 48.750000
v 0.250000 -2.700000 49.750000
v -0.750000 -2.700000 49.750000
v 0.250000 -2.700000 50.750000
v -0.750000 -2.700000 50.750000
v 0.250000 -2.700000 51.750000
v -0.750000 -2.700000 51.750000
v 1.250000 -2.700000 45.750000
v 1.250000 -2.700000 46.750000
v 1.250000 -2.700000 47.750000
v 1.250000 -2.700000 48.750000
v 1.250000 -2.700000 49.750000
v 1.250000 -2.700000 50.750000
v 1.250000 -2.700000 51.750000
v 2.250000 -2.700000 45.750000
v 2.250000 -2.700000 46.750000
v 2.250000 -2.700000 47.750000
v 2.250000 -2.700000 48.750000
v 2.250000 -2.700000 49.750000
v 2.250000 -2.700000 50.750000
v 2.250000 -2.700000 51.750000
v 3.250000 -2.700000 46.750000
v 3.250000 -2.700000 47.750000
v 3.250000 -2.700000 48.750000
v 3.250000 -2.700000 49.750000
v 3.250000 -2.700000 50.750000
v 3.250000 -2.700000 51.750000
f 916 917 918
f 916 918 919
f 919 918 920
f 919 920 921
f 921 920 922
f 921 922 923
f 923 922 924
f 923 924 925
f 925 924 926
f 925 926 927
f 927 926 928
f 927 928 929
f 917 930 931
f 917 931 918
f 918 931 932
f 918 932 920
f 920 932 933
f 920 933 922
f 922 933 934
f 922 934 924
f 924 934 935
f 924 935 926
f 926 935 936
f 926 936 928
f 930 937 938
f 930 938 931
f 931 938 939
f 931 939 932
f 932 939 940
f 932 940 933
f 933 940 941
f 933 941 934
f 934 941 942
f 934 942 935
f 935 942 943
f 935 943 936
f 938 944 945
f 938 945 939
f 939 945 946
f 939 946 940
f 940 946 947
f 940 947 941
f 941 947 948
f 941 948 942
f 942 948 949
f 942 949 943
g COL_MX01_lower_deck_candidate_smooth_left_skin_wall_01
usemtl MX01_EnclosureWall
v -15.797020 -3.750000 -53.250000
v -15.787590 -3.250000 -53.250000
v -15.832740 -3.250000 -52.750000
v -15.841830 -3.750000 -52.750000
v -15.928690 -3.250000 -52.250000
v -15.936390 -3.750000 -52.250000
v -16.060260 -3.250000 -51.750000
v -16.065380 -3.750000 -51.750000
v -16.203810 -3.250000 -51.250000
v -16.205030 -3.750000 -51.250000
v -16.325830 -3.250000 -50.750000
v -16.321950 -3.750000 -50.750000
v -16.381120 -3.250000 -50.250000
v -16.372060 -3.750000 -50.250000
v -16.314990 -3.250000 -49.750000
v -16.303360 -3.750000 -49.750000
v -16.074830 -3.250000 -49.250000
v -16.067680 -3.750000 -49.250000
v -15.634070 -3.250000 -48.750000
v -15.643370 -3.750000 -48.750000
v -15.022820 -3.250000 -48.250000
v -15.062870 -3.750000 -48.250000
v -14.347990 -3.250000 -47.750000
v -14.429450 -3.750000 -47.750000
v -13.780510 -3.250000 -47.250000
v -13.902830 -3.750000 -47.250000
v -13.497390 -3.250000 -46.750000
v -13.644890 -3.750000 -46.750000
v -13.596560 -3.250000 -46.250000
v -13.741690 -3.750000 -46.250000
v -14.030810 -3.250000 -45.750000
v -14.145240 -3.750000 -45.750000
v -14.610340 -3.250000 -45.250000
v -14.676990 -3.750000 -45.250000
v -15.082450 -3.250000 -44.750000
v -15.101940 -3.750000 -44.750000
v -15.246940 -3.250000 -44.250000
v -15.234130 -3.750000 -44.250000
v -15.040200 -3.250000 -43.750000
v -15.014890 -3.750000 -43.750000
v -14.547060 -3.250000 -43.250000
v -14.524710 -3.750000 -43.250000
v -13.945780 -3.250000 -42.750000
v -13.933000 -3.750000 -42.750000
v -13.424880 -3.250000 -42.250000
v -13.420140 -3.750000 -42.250000
v -13.113610 -3.250000 -41.750000
v -13.110460 -3.750000 -41.750000
v -13.049650 -3.250000 -41.250000
v -13.040750 -3.750000 -41.250000
v -13.187720 -3.250000 -40.750000
v -13.167640 -3.750000 -40.750000
v -13.435220 -3.250000 -40.250000
v -13.402060 -3.750000 -40.250000
v -13.694420 -3.250000 -39.750000
v -13.650120 -3.750000 -39.750000
v -13.893090 -3.250000 -39.250000
v -13.842570 -3.750000 -39.250000
v -13.994550 -3.250000 -38.750000
v -13.944510 -3.750000 -38.750000
v -13.988750 -3.250000 -38.250000
v -13.945620 -3.750000 -38.250000
v -13.869550 -3.250000 -37.750000
v -13.839080 -3.750000 -37.750000
v -13.612280 -3.250000 -37.250000
v -13.600200 -3.750000 -37.250000
v -13.167620 -3.250000 -36.750000
v -13.183490 -3.750000 -36.750000
v -12.490710 -3.250000 -36.250000
v -12.549800 -3.750000 -36.250000
v -11.597160 -3.250000 -35.750000
v -11.719510 -3.750000 -35.750000
v -10.612240 -3.250000 -35.250000
v -10.814030 -3.750000 -35.250000
v -9.760040 -3.250000 -34.750000
v -10.044430 -3.750000 -34.750000
v -9.280230 -3.250000 -34.250000
v -9.630460 -3.750000 -34.250000
v -9.311780 -3.250000 -33.750000
v -9.695230 -3.750000 -33.750000
v -9.825340 -3.250000 -33.250000
v -10.202780 -3.750000 -33.250000
v -10.646000 -3.250000 -32.750000
v -10.983700 -3.750000 -32.750000
v -11.547290 -3.250000 -32.250000
v -11.823180 -3.750000 -32.250000
v -12.345770 -3.250000 -31.750000
v -12.551840 -3.750000 -31.750000
v -12.948120 -3.250000 -31.250000
v -13.087990 -3.750000 -31.250000
v -13.343610 -3.250000 -30.750000
v -13.429710 -3.750000 -30.750000
v -13.572660 -3.250000 -30.250000
v -13.621850 -3.750000 -30.250000
v -13.695710 -3.250000 -29.750000
v -13.726720 -3.750000 -29.750000
v -13.770810 -3.250000 -29.250000
v -13.805960 -3.750000 -29.250000
v -13.829060 -3.250000 -28.750000
v -13.913040 -3.750000 -28.750000
v -15.782880 -2.750000 -53.250000
v -15.827390 -2.750000 -52.750000
v -15.922900 -2.750000 -52.250000
v -16.054390 -2.750000 -51.750000
v -16.198250 -2.750000 -51.250000
v -16.320460 -2.750000 -50.750000
v -16.374620 -2.750000 -50.250000
v -16.303850 -2.750000 -49.750000
v -16.052650 -2.750000 -49.250000
v -15.591860 -2.750000 -48.750000
v -14.951040 -2.750000 -48.250000
v -14.240530 -2.750000 -47.750000
v -13.638840 -2.750000 -47.250000
v -13.332800 -2.750000 -46.750000
v -13.427860 -2.750000 -46.250000
v -13.878950 -2.750000 -45.750000
v -14.491550 -2.750000 -45.250000
v -15.004630 -2.750000 -44.750000
v -15.209410 -2.750000 -44.250000
v -15.036570 -2.750000 -43.750000
v -14.568420 -2.750000 -43.250000
v -13.982880 -2.750000 -42.750000
v -13.469590 -2.750000 -42.250000
v -13.159890 -2.750000 -41.750000
v -13.094770 -2.750000 -41.250000
v -13.232330 -2.750000 -40.750000
v -13.482060 -2.750000 -40.250000
v -13.745750 -2.750000 -39.750000
v -13.947980 -2.750000 -39.250000
v -14.047860 -2.750000 -38.750000
v -14.031130 -2.750000 -38.250000
v -13.889310 -2.750000 -37.750000
v -13.595930 -2.750000 -37.250000
v -13.101430 -2.750000 -36.750000
v -12.360360 -2.750000 -36.250000
v -11.389950 -2.750000 -35.750000
v -10.318280 -2.750000 -35.250000
v -9.377050 -2.750000 -34.750000
v -8.816520 -2.750000 -34.250000
v -8.790620 -2.750000 -33.750000
v -9.283300 -2.750000 -33.250000
v -10.127980 -2.750000 -32.750000
v -11.095080 -2.750000 -32.250000
v -11.987910 -2.750000 -31.750000
v -12.692910 -2.750000 -31.250000
v -13.180910 -2.750000 -30.750000
v -13.480540 -2.750000 -30.250000
v -13.649840 -2.750000 -29.750000
v -13.750630 -2.750000 -29.250000
v -13.820050 -2.750000 -28.750000
v -15.786220 -2.250000 -53.250000
v -15.829620 -2.250000 -52.750000
v -15.923180 -2.250000 -52.250000
v -16.052000 -2.250000 -51.750000
v -16.192230 -2.250000 -51.250000
v -16.309370 -2.250000 -50.750000
v -16.356430 -2.250000 -50.250000
v -16.276490 -2.250000 -49.750000
v -16.014970 -2.250000 -49.250000
v -15.544580 -2.250000 -48.750000
v -14.896950 -2.250000 -48.250000
v -14.183140 -2.250000 -47.750000
v -13.580050 -2.250000 -47.250000
v -13.270940 -2.250000 -46.750000
v -13.358830 -2.250000 -46.250000
v -13.799970 -2.250000 -45.750000
v -14.406020 -2.250000 -45.250000
v -14.923210 -2.250000 -44.750000
v -15.146730 -2.250000 -44.250000
v -15.004770 -2.250000 -43.750000
v -14.571840 -2.250000 -43.250000
v -14.016530 -2.250000 -42.750000
v -13.521490 -2.250000 -42.250000
v -13.216120 -2.250000 -41.750000
v -13.144390 -2.250000 -41.250000
v -13.270550 -2.250000 -40.750000
v -13.510010 -2.250000 -40.250000
v -13.767680 -2.250000 -39.750000
v -13.967540 -2.250000 -39.250000
v -14.064880 -2.250000 -38.750000
v -14.040610 -2.250000 -38.250000
v -13.881580 -2.250000 -37.750000
v -13.560040 -2.250000 -37.250000
v -13.028570 -2.250000 -36.750000
v -12.248280 -2.250000 -36.250000
v -11.241850 -2.250000 -35.750000
v -10.139210 -2.250000 -35.250000
v -9.167090 -2.250000 -34.750000
v -8.571240 -2.250000 -34.250000
v -8.506520 -2.250000 -33.750000
v -8.968090 -2.250000 -33.250000
v -9.803250 -2.250000 -32.750000
v -10.791310 -2.250000 -32.250000
v -11.732220 -2.250000 -31.750000
v -12.500390 -2.250000 -31.250000
v -13.051880 -2.250000 -30.750000
v -13.405620 -2.250000 -30.250000
v -13.617380 -2.250000 -29.750000
v -13.757400 -2.250000 -29.250000
v -13.893550 -2.250000 -28.750000
f 950 951 952
f 950 952 953
f 953 952 954
f 953 954 955
f 955 954 956
f 955 956 957
f 957 956 958
f 957 958 959
f 959 958 960
f 959 960 961
f 961 960 962
f 961 962 963
f 963 962 964
f 963 964 965
f 965 964 966
f 965 966 967
f 967 966 968
f 967 968 969
f 969 968 970
f 969 970 971
f 971 970 972
f 971 972 973
f 973 972 974
f 973 974 975
f 975 974 976
f 975 976 977
f 977 976 978
f 977 978 979
f 979 978 980
f 979 980 981
f 981 980 982
f 981 982 983
f 983 982 984
f 983 984 985
f 985 984 986
f 985 986 987
f 987 986 988
f 987 988 989
f 989 988 990
f 989 990 991
f 991 990 992
f 991 992 993
f 993 992 994
f 993 994 995
f 995 994 996
f 995 996 997
f 997 996 998
f 997 998 999
f 999 998 1000
f 999 1000 1001
f 1001 1000 1002
f 1001 1002 1003
f 1003 1002 1004
f 1003 1004 1005
f 1005 1004 1006
f 1005 1006 1007
f 1007 1006 1008
f 1007 1008 1009
f 1009 1008 1010
f 1009 1010 1011
f 1011 1010 1012
f 1011 1012 1013
f 1013 1012 1014
f 1013 1014 1015
f 1015 1014 1016
f 1015 1016 1017
f 1017 1016 1018
f 1017 1018 1019
f 1019 1018 1020
f 1019 1020 1021
f 1021 1020 1022
f 1021 1022 1023
f 1023 1022 1024
f 1023 1024 1025
f 1025 1024 1026
f 1025 1026 1027
f 1027 1026 1028
f 1027 1028 1029
f 1029 1028 1030
f 1029 1030 1031
f 1031 1030 1032
f 1031 1032 1033
f 1033 1032 1034
f 1033 1034 1035
f 1035 1034 1036
f 1035 1036 1037
f 1037 1036 1038
f 1037 1038 1039
f 1039 1038 1040
f 1039 1040 1041
f 1041 1040 1042
f 1041 1042 1043
f 1043 1042 1044
f 1043 1044 1045
f 1045 1044 1046
f 1045 1046 1047
f 1047 1046 1048
f 1047 1048 1049
f 951 1050 1051
f 951 1051 952
f 952 1051 1052
f 952 1052 954
f 954 1052 1053
f 954 1053 956
f 956 1053 1054
f 956 1054 958
f 958 1054 1055
f 958 1055 960
f 960 1055 1056
f 960 1056 962
f 962 1056 1057
f 962 1057 964
f 964 1057 1058
f 964 1058 966
f 966 1058 1059
f 966 1059 968
f 968 1059 1060
f 968 1060 970
f 970 1060 1061
f 970 1061 972
f 972 1061 1062
f 972 1062 974
f 974 1062 1063
f 974 1063 976
f 976 1063 1064
f 976 1064 978
f 978 1064 1065
f 978 1065 980
f 980 1065 1066
f 980 1066 982
f 982 1066 1067
f 982 1067 984
f 984 1067 1068
f 984 1068 986
f 986 1068 1069
f 986 1069 988
f 988 1069 1070
f 988 1070 990
f 990 1070 1071
f 990 1071 992
f 992 1071 1072
f 992 1072 994
f 994 1072 1073
f 994 1073 996
f 996 1073 1074
f 996 1074 998
f 998 1074 1075
f 998 1075 1000
f 1000 1075 1076
f 1000 1076 1002
f 1002 1076 1077
f 1002 1077 1004
f 1004 1077 1078
f 1004 1078 1006
f 1006 1078 1079
f 1006 1079 1008
f 1008 1079 1080
f 1008 1080 1010
f 1010 1080 1081
f 1010 1081 1012
f 1012 1081 1082
f 1012 1082 1014
f 1014 1082 1083
f 1014 1083 1016
f 1016 1083 1084
f 1016 1084 1018
f 1018 1084 1085
f 1018 1085 1020
f 1020 1085 1086
f 1020 1086 1022
f 1022 1086 1087
f 1022 1087 1024
f 1024 1087 1088
f 1024 1088 1026
f 1026 1088 1089
f 1026 1089 1028
f 1028 1089 1090
f 1028 1090 1030
f 1030 1090 1091
f 1030 1091 1032
f 1032 1091 1092
f 1032 1092 1034
f 1034 1092 1093
f 1034 1093 1036
f 1036 1093 1094
f 1036 1094 1038
f 1038 1094 1095
f 1038 1095 1040
f 1040 1095 1096
f 1040 1096 1042
f 1042 1096 1097
f 1042 1097 1044
f 1044 1097 1098
f 1044 1098 1046
f 1046 1098 1099
f 1046 1099 1048
f 1050 1100 1101
f 1050 1101 1051
f 1051 1101 1102
f 1051 1102 1052
f 1052 1102 1103
f 1052 1103 1053
f 1053 1103 1104
f 1053 1104 1054
f 1054 1104 1105
f 1054 1105 1055
f 1055 1105 1106
f 1055 1106 1056
f 1056 1106 1107
f 1056 1107 1057
f 1057 1107 1108
f 1057 1108 1058
f 1058 1108 1109
f 1058 1109 1059
f 1059 1109 1110
f 1059 1110 1060
f 1060 1110 1111
f 1060 1111 1061
f 1061 1111 1112
f 1061 1112 1062
f 1062 1112 1113
f 1062 1113 1063
f 1063 1113 1114
f 1063 1114 1064
f 1064 1114 1115
f 1064 1115 1065
f 1065 1115 1116
f 1065 1116 1066
f 1066 1116 1117
f 1066 1117 1067
f 1067 1117 1118
f 1067 1118 1068
f 1068 1118 1119
f 1068 1119 1069
f 1069 1119 1120
f 1069 1120 1070
f 1070 1120 1121
f 1070 1121 1071
f 1071 1121 1122
f 1071 1122 1072
f 1072 1122 1123
f 1072 1123 1073
f 1073 1123 1124
f 1073 1124 1074
f 1074 1124 1125
f 1074 1125 1075
f 1075 1125 1126
f 1075 1126 1076
f 1076 1126 1127
f 1076 1127 1077
f 1077 1127 1128
f 1077 1128 1078
f 1078 1128 1129
f 1078 1129 1079
f 1079 1129 1130
f 1079 1130 1080
f 1080 1130 1131
f 1080 1131 1081
f 1081 1131 1132
f 1081 1132 1082
f 1082 1132 1133
f 1082 1133 1083
f 1083 1133 1134
f 1083 1134 1084
f 1084 1134 1135
f 1084 1135 1085
f 1085 1135 1136
f 1085 1136 1086
f 1086 1136 1137
f 1086 1137 1087
f 1087 1137 1138
f 1087 1138 1088
f 1088 1138 1139
f 1088 1139 1089
f 1089 1139 1140
f 1089 1140 1090
f 1090 1140 1141
f 1090 1141 1091
f 1091 1141 1142
f 1091 1142 1092
f 1092 1142 1143
f 1092 1143 1093
f 1093 1143 1144
f 1093 1144 1094
f 1094 1144 1145
f 1094 1145 1095
f 1095 1145 1146
f 1095 1146 1096
f 1096 1146 1147
f 1096 1147 1097
f 1097 1147 1148
f 1097 1148 1098
f 1098 1148 1149
f 1098 1149 1099
g COL_MX01_lower_deck_candidate_smooth_right_skin_wall_01
usemtl MX01_EnclosureWall
v -15.199730 -3.750000 -52.750000
v -15.199830 -3.250000 -52.750000
v -15.199980 -3.250000 -53.250000
v -15.199950 -3.750000 -53.250000
v -15.198470 -3.750000 -52.250000
v -15.198880 -3.250000 -52.250000
v -15.192970 -3.750000 -51.750000
v -15.194350 -3.250000 -51.750000
v -15.173510 -3.750000 -51.250000
v -15.177180 -3.250000 -51.250000
v -15.115830 -3.750000 -50.750000
v -15.123770 -3.250000 -50.750000
v -14.969780 -3.750000 -50.250000
v -14.983780 -3.250000 -50.250000
v -14.647800 -3.750000 -49.750000
v -14.667790 -3.250000 -49.750000
v -14.019740 -3.750000 -49.250000
v -14.041450 -3.250000 -49.250000
v -12.920320 -3.750000 -48.750000
v -12.934120 -3.250000 -48.750000
v -11.176230 -3.750000 -48.250000
v -11.167380 -3.250000 -48.250000
v -8.655950 -3.750000 -47.750000
v -8.607720 -3.250000 -47.750000
v -5.338830 -3.750000 -47.250000
v -5.236990 -3.250000 -47.250000
v -1.379030 -3.750000 -46.750000
v -1.218320 -3.250000 -46.750000
v 2.875620 -3.750000 -46.250000
v 3.086900 -3.250000 -46.250000
v 6.946040 -3.750000 -45.750000
v 7.184790 -3.250000 -45.750000
v 10.356480 -3.750000 -45.250000
v 10.590470 -3.250000 -45.250000
v 12.783650 -3.750000 -44.750000
v 12.981070 -3.250000 -44.750000
v 14.145230 -3.750000 -44.250000
v 14.284380 -3.250000 -44.250000
v 14.591510 -3.750000 -43.750000
v 14.665180 -3.250000 -43.750000
v 14.419000 -3.750000 -43.250000
v 14.433560 -3.250000 -43.250000
v 13.958660 -3.750000 -42.750000
v 13.929070 -3.250000 -42.750000
v 13.483080 -3.750000 -42.250000
v 13.426920 -3.250000 -42.250000
v 13.154360 -3.750000 -41.750000
v 13.085380 -3.250000 -41.750000
v 13.015170 -3.750000 -41.250000
v 12.937980 -3.250000 -41.250000
v 13.018310 -3.750000 -40.750000
v 12.926980 -3.250000 -40.750000
v 13.081740 -3.750000 -40.250000
v 12.963590 -3.250000 -40.250000
v 13.142840 -3.750000 -39.750000
v 12.988920 -3.250000 -39.750000
v 13.186040 -3.750000 -39.250000
v 12.999370 -3.250000 -39.250000
v 13.227820 -3.750000 -38.750000
v 13.027450 -3.250000 -38.750000
v 13.277190 -3.750000 -38.250000
v 13.089930 -3.250000 -38.250000
v 13.295480 -3.750000 -37.750000
v 13.146100 -3.250000 -37.750000
v 13.181970 -3.750000 -37.250000
v 13.083330 -3.250000 -37.250000
v 12.783190 -3.750000 -36.750000
v 12.736720 -3.250000 -36.750000
v 11.923900 -3.750000 -36.250000
v 11.924650 -3.250000 -36.250000
v 10.452860 -3.750000 -35.750000
v 10.496610 -3.250000 -35.750000
v 8.299580 -3.750000 -35.250000
v 8.386740 -3.250000 -35.250000
v 5.524830 -3.750000 -34.750000
v 5.658310 -3.250000 -34.750000
v 2.333750 -3.750000 -34.250000
v 2.515320 -3.250000 -34.250000
v -4.047010 -3.750000 -33.250000
v -3.796310 -3.250000 -33.250000
v -0.741090 -3.250000 -33.750000
v -0.964800 -3.750000 -33.750000
v -6.666400 -3.750000 -32.750000
v -6.412620 -3.250000 -32.750000
v -8.709650 -3.750000 -32.250000
v -8.478600 -3.250000 -32.250000
v -10.192740 -3.750000 -31.750000
v -10.005080 -3.250000 -31.750000
v -11.215260 -3.750000 -31.250000
v -11.080380 -3.250000 -31.250000
v -11.904240 -3.750000 -30.750000
v -11.819140 -3.250000 -30.750000
v -12.375040 -3.750000 -30.250000
v -12.327220 -3.250000 -30.250000
v -12.716660 -3.750000 -29.750000
v -12.686780 -3.250000 -29.750000
v -12.994250 -3.750000 -29.250000
v -12.950470 -3.250000 -29.250000
v -13.263720 -3.750000 -28.750000
v -13.125080 -3.250000 -28.750000
v -15.199830 -2.750000 -52.750000
v -15.199980 -2.750000 -53.250000
v -15.198860 -2.750000 -52.250000
v -15.194200 -2.750000 -51.750000
v -15.176450 -2.750000 -51.250000
v -15.120980 -2.750000 -50.750000
v -14.975210 -2.750000 -50.250000
v -14.645720 -2.750000 -49.750000
v -13.993280 -2.750000 -49.250000
v -12.843390 -2.750000 -48.750000
v -11.018880 -2.750000 -48.250000
v -8.394670 -2.750000 -47.750000
v -4.968200 -2.750000 -47.250000
v -0.918960 -2.750000 -46.750000
v 3.381120 -2.750000 -46.250000
v 7.439540 -2.750000 -45.750000
v 10.782840 -2.750000 -45.250000
v 13.104390 -2.750000 -44.750000
v 14.345270 -2.750000 -44.250000
v 14.677400 -2.750000 -43.750000
v 14.411730 -2.750000 -43.250000
v 13.885060 -2.750000 -42.750000
v 13.367400 -2.750000 -42.250000
v 13.009810 -2.750000 -41.750000
v 12.837610 -2.750000 -41.250000
v 12.786470 -2.750000 -40.750000
v 12.768440 -2.750000 -40.250000
v 12.733990 -2.750000 -39.750000
v 12.697380 -2.750000 -39.250000
v 12.706150 -2.750000 -38.750000
v 12.784120 -2.750000 -38.250000
v 12.882280 -2.750000 -37.750000
v 12.873190 -2.750000 -37.250000
v 12.578200 -2.750000 -36.750000
v 11.814350 -2.750000 -36.250000
v 10.442110 -2.750000 -35.750000
v 8.410590 -2.750000 -35.250000
v 5.790730 -2.750000 -34.750000
v 2.776020 -2.750000 -34.250000
v -3.327760 -2.750000 -33.250000
v -0.357660 -2.750000 -33.750000
v -5.918260 -2.750000 -32.750000
v -8.021310 -2.750000 -32.250000
v -9.631370 -2.750000 -31.750000
v -10.810220 -2.750000 -31.250000
v -11.647130 -2.750000 -30.750000
v -12.232080 -2.750000 -30.250000
v -12.642980 -2.750000 -29.750000
v -12.936050 -2.750000 -29.250000
v -13.123990 -2.750000 -28.750000
v -15.199720 -2.250000 -52.750000
v -15.199950 -2.250000 -53.250000
v -15.198390 -2.250000 -52.250000
v -15.192530 -2.250000 -51.750000
v -15.171520 -2.250000 -51.250000
v -15.108680 -2.250000 -50.750000
v -14.948520 -2.250000 -50.250000
v -14.594650 -2.250000 -49.750000
v -13.905850 -2.250000 -49.250000
v -12.709120 -2.250000 -48.750000
v -10.834040 -2.250000 -48.250000
v -8.168910 -2.250000 -47.750000
v -4.727000 -2.250000 -47.250000
v -0.699320 -2.250000 -46.750000
v 3.543950 -2.250000 -46.250000
v 7.525960 -2.250000 -45.750000
v 10.796610 -2.250000 -45.250000
v 13.067920 -2.250000 -44.750000
v 14.287750 -2.250000 -44.250000
v 14.622460 -2.250000 -43.750000
v 14.371330 -2.250000 -43.250000
v 13.859000 -2.250000 -42.750000
v 13.346370 -2.250000 -42.250000
v 12.979230 -2.250000 -41.750000
v 12.781670 -2.250000 -41.250000
v 12.693110 -2.250000 -40.750000
v 12.632680 -2.250000 -40.250000
v 12.560670 -2.250000 -39.750000
v 12.498330 -2.250000 -39.250000
v 12.497790 -2.250000 -38.750000
v 12.580480 -2.250000 -38.250000
v 12.692650 -2.250000 -37.750000
v 12.699240 -2.250000 -37.250000
v 12.418820 -2.250000 -36.750000
v 11.672410 -2.250000 -36.250000
v 10.332200 -2.250000 -35.750000
v 8.360550 -2.250000 -35.250000
v 5.832420 -2.250000 -34.750000
v 2.931070 -2.250000 -34.250000
v -2.983560 -2.250000 -33.250000
v -0.092670 -2.250000 -33.750000
v -5.544680 -2.250000 -32.750000
v -7.669570 -2.250000 -32.250000
v -9.339200 -2.250000 -31.750000
v -10.594270 -2.250000 -31.250000
v -11.505230 -2.250000 -30.750000
v -12.151660 -2.250000 -30.250000
v -12.611970 -2.250000 -29.750000
v -12.959350 -2.250000 -29.250000
v -13.265200 -2.250000 -28.750000
f 1150 1151 1152
f 1150 1152 1153
f 1154 1155 1151
f 1154 1151 1150
f 1156 1157 1155
f 1156 1155 1154
f 1158 1159 1157
f 1158 1157 1156
f 1160 1161 1159
f 1160 1159 1158
f 1162 1163 1161
f 1162 1161 1160
f 1164 1165 1163
f 1164 1163 1162
f 1166 1167 1165
f 1166 1165 1164
f 1168 1169 1167
f 1168 1167 1166
f 1170 1171 1169
f 1170 1169 1168
f 1172 1173 1171
f 1172 1171 1170
f 1174 1175 1173
f 1174 1173 1172
f 1176 1177 1175
f 1176 1175 1174
f 1178 1179 1177
f 1178 1177 1176
f 1180 1181 1179
f 1180 1179 1178
f 1182 1183 1181
f 1182 1181 1180
f 1184 1185 1183
f 1184 1183 1182
f 1186 1187 1185
f 1186 1185 1184
f 1188 1189 1187
f 1188 1187 1186
f 1190 1191 1189
f 1190 1189 1188
f 1192 1193 1191
f 1192 1191 1190
f 1194 1195 1193
f 1194 1193 1192
f 1196 1197 1195
f 1196 1195 1194
f 1198 1199 1197
f 1198 1197 1196
f 1200 1201 1199
f 1200 1199 1198
f 1202 1203 1201
f 1202 1201 1200
f 1204 1205 1203
f 1204 1203 1202
f 1206 1207 1205
f 1206 1205 1204
f 1208 1209 1207
f 1208 1207 1206
f 1210 1211 1209
f 1210 1209 1208
f 1212 1213 1211
f 1212 1211 1210
f 1214 1215 1213
f 1214 1213 1212
f 1216 1217 1215
f 1216 1215 1214
f 1218 1219 1217
f 1218 1217 1216
f 1220 1221 1219
f 1220 1219 1218
f 1222 1223 1221
f 1222 1221 1220
f 1224 1225 1223
f 1224 1223 1222
f 1226 1227 1225
f 1226 1225 1224
f 1228 1229 1230
f 1228 1230 1231
f 1232 1233 1229
f 1232 1229 1228
f 1234 1235 1233
f 1234 1233 1232
f 1236 1237 1235
f 1236 1235 1234
f 1238 1239 1237
f 1238 1237 1236
f 1240 1241 1239
f 1240 1239 1238
f 1242 1243 1241
f 1242 1241 1240
f 1244 1245 1243
f 1244 1243 1242
f 1246 1247 1245
f 1246 1245 1244
f 1248 1249 1247
f 1248 1247 1246
f 1151 1250 1251
f 1151 1251 1152
f 1155 1252 1250
f 1155 1250 1151
f 1157 1253 1252
f 1157 1252 1155
f 1159 1254 1253
f 1159 1253 1157
f 1161 1255 1254
f 1161 1254 1159
f 1163 1256 1255
f 1163 1255 1161
f 1165 1257 1256
f 1165 1256 1163
f 1167 1258 1257
f 1167 1257 1165
f 1169 1259 1258
f 1169 1258 1167
f 1171 1260 1259
f 1171 1259 1169
f 1173 1261 1260
f 1173 1260 1171
f 1175 1262 1261
f 1175 1261 1173
f 1177 1263 1262
f 1177 1262 1175
f 1179 1264 1263
f 1179 1263 1177
f 1181 1265 1264
f 1181 1264 1179
f 1183 1266 1265
f 1183 1265 1181
f 1185 1267 1266
f 1185 1266 1183
f 1187 1268 1267
f 1187 1267 1185
f 1189 1269 1268
f 1189 1268 1187
f 1191 1270 1269
f 1191 1269 1189
f 1193 1271 1270
f 1193 1270 1191
f 1195 1272 1271
f 1195 1271 1193
f 1197 1273 1272
f 1197 1272 1195
f 1199 1274 1273
f 1199 1273 1197
f 1201 1275 1274
f 1201 1274 1199
f 1203 1276 1275
f 1203 1275 1201
f 1205 1277 1276
f 1205 1276 1203
f 1207 1278 1277
f 1207 1277 1205
f 1209 1279 1278
f 1209 1278 1207
f 1211 1280 1279
f 1211 1279 1209
f 1213 1281 1280
f 1213 1280 1211
f 1215 1282 1281
f 1215 1281 1213
f 1217 1283 1282
f 1217 1282 1215
f 1219 1284 1283
f 1219 1283 1217
f 1221 1285 1284
f 1221 1284 1219
f 1223 1286 1285
f 1223 1285 1221
f 1225 1287 1286
f 1225 1286 1223
f 1227 1288 1287
f 1227 1287 1225
f 1229 1289 1290
f 1229 1290 1230
f 1233 1291 1289
f 1233 1289 1229
f 1235 1292 1291
f 1235 1291 1233
f 1237 1293 1292
f 1237 1292 1235
f 1239 1294 1293
f 1239 1293 1237
f 1241 1295 1294
f 1241 1294 1239
f 1243 1296 1295
f 1243 1295 1241
f 1245 1297 1296
f 1245 1296 1243
f 1247 1298 1297
f 1247 1297 1245
f 1249 1299 1298
f 1249 1298 1247
f 1250 1300 1301
f 1250 1301 1251
f 1252 1302 1300
f 1252 1300 1250
f 1253 1303 1302
f 1253 1302 1252
f 1254 1304 1303
f 1254 1303 1253
f 1255 1305 1304
f 1255 1304 1254
f 1256 1306 1305
f 1256 1305 1255
f 1257 1307 1306
f 1257 1306 1256
f 1258 1308 1307
f 1258 1307 1257
f 1259 1309 1308
f 1259 1308 1258
f 1260 1310 1309
f 1260 1309 1259
f 1261 1311 1310
f 1261 1310 1260
f 1262 1312 1311
f 1262 1311 1261
f 1263 1313 1312
f 1263 1312 1262
f 1264 1314 1313
f 1264 1313 1263
f 1265 1315 1314
f 1265 1314 1264
f 1266 1316 1315
f 1266 1315 1265
f 1267 1317 1316
f 1267 1316 1266
f 1268 1318 1317
f 1268 1317 1267
f 1269 1319 1318
f 1269 1318 1268
f 1270 1320 1319
f 1270 1319 1269
f 1271 1321 1320
f 1271 1320 1270
f 1272 1322 1321
f 1272 1321 1271
f 1273 1323 1322
f 1273 1322 1272
f 1274 1324 1323
f 1274 1323 1273
f 1275 1325 1324
f 1275 1324 1274
f 1276 1326 1325
f 1276 1325 1275
f 1277 1327 1326
f 1277 1326 1276
f 1278 1328 1327
f 1278 1327 1277
f 1279 1329 1328
f 1279 1328 1278
f 1280 1330 1329
f 1280 1329 1279
f 1281 1331 1330
f 1281 1330 1280
f 1282 1332 1331
f 1282 1331 1281
f 1283 1333 1332
f 1283 1332 1282
f 1284 1334 1333
f 1284 1333 1283
f 1285 1335 1334
f 1285 1334 1284
f 1286 1336 1335
f 1286 1335 1285
f 1287 1337 1336
f 1287 1336 1286
f 1288 1338 1337
f 1288 1337 1287
f 1289 1339 1340
f 1289 1340 1290
f 1291 1341 1339
f 1291 1339 1289
f 1292 1342 1341
f 1292 1341 1291
f 1293 1343 1342
f 1293 1342 1292
f 1294 1344 1343
f 1294 1343 1293
f 1295 1345 1344
f 1295 1344 1294
f 1296 1346 1345
f 1296 1345 1295
f 1297 1347 1346
f 1297 1346 1296
f 1298 1348 1347
f 1298 1347 1297
f 1299 1349 1348
f 1299 1348 1298
g COL_MX01_lower_deck_candidate_smooth_left_skin_wall_02
usemtl MX01_EnclosureWall
v -3.850420 -3.750000 43.250000
v -3.795160 -3.250000 43.250000
v -3.948170 -3.250000 43.750000
v -3.946760 -3.750000 43.750000
v -4.112500 -3.250000 44.250000
v -4.087150 -3.750000 44.250000
v -4.265010 -3.250000 44.750000
v -4.230720 -3.750000 44.750000
v -4.390930 -3.250000 45.250000
v -4.355370 -3.750000 45.250000
v -4.488020 -3.250000 45.750000
v -4.454950 -3.750000 45.750000
v -4.561720 -3.250000 46.250000
v -4.532780 -3.750000 46.250000
v -4.618540 -3.250000 46.750000
v -4.594430 -3.750000 46.750000
v -4.662810 -3.250000 47.250000
v -4.643860 -3.750000 47.250000
v -4.697000 -3.250000 47.750000
v -4.683280 -3.750000 47.750000
v -4.722890 -3.250000 48.250000
v -4.714020 -3.750000 48.250000
v -4.740300 -3.250000 48.750000
v -4.735490 -3.750000 48.750000
v -4.743410 -3.250000 49.250000
v -4.741920 -3.750000 49.250000
v -4.718020 -3.250000 49.750000
v -4.719840 -3.750000 49.750000
v -4.643950 -3.250000 50.250000
v -4.650350 -3.750000 50.250000
v -4.504200 -3.250000 50.750000
v -4.517350 -3.750000 50.750000
v -4.297160 -3.250000 51.250000
v -4.318950 -3.750000 51.250000
v -4.045900 -3.250000 51.750000
v -4.076040 -3.750000 51.750000
v -3.797070 -3.250000 52.250000
v -3.831940 -3.750000 52.250000
v -3.606140 -3.250000 52.750000
v -3.639940 -3.750000 52.750000
v -3.514030 -3.250000 53.250000
v -3.544130 -3.750000 53.250000
v -3.663620 -3.250000 42.750000
v -3.560710 -2.750000 42.750000
v -3.764750 -2.750000 43.250000
v -3.965650 -2.750000 43.750000
v -4.153730 -2.750000 44.250000
v -4.314910 -2.750000 44.750000
v -4.441490 -2.750000 45.250000
v -4.535260 -2.750000 45.750000
v -4.603480 -2.750000 46.250000
v -4.653460 -2.750000 46.750000
v -4.690050 -2.750000 47.250000
v -4.716330 -2.750000 47.750000
v -4.734560 -2.750000 48.250000
v -4.744620 -2.750000 48.750000
v -4.740190 -2.750000 49.250000
v -4.706280 -2.750000 49.750000
v -4.622340 -2.750000 50.250000
v -4.471980 -2.750000 50.750000
v -4.255850 -2.750000 51.250000
v -4.000710 -2.750000 51.750000
v -3.757510 -2.750000 52.250000
v -3.582890 -2.750000 52.750000
v -3.500260 -2.750000 53.250000
v -3.358780 -2.750000 42.250000
v -3.193530 -2.250000 42.250000
v -3.492000 -2.250000 42.750000
v -3.747690 -2.250000 43.250000
v -3.976670 -2.250000 43.750000
v -4.177670 -2.250000 44.250000
v -4.343410 -2.250000 44.750000
v -4.470540 -2.250000 45.250000
v -4.562890 -2.250000 45.750000
v -4.628320 -2.250000 46.250000
v -4.674370 -2.250000 46.750000
v -4.706320 -2.250000 47.250000
v -4.727690 -2.250000 47.750000
v -4.740870 -2.250000 48.250000
v -4.745370 -2.250000 48.750000
v -4.734320 -2.250000 49.250000
v -4.692640 -2.250000 49.750000
v -4.600620 -2.250000 50.250000
v -4.443790 -2.250000 50.750000
v -4.225440 -2.250000 51.250000
v -3.975500 -2.250000 51.750000
v -3.749550 -2.250000 52.250000
v -3.617020 -2.250000 52.750000
f 1350 1351 1352
f 1350 1352 1353
f 1353 1352 1354
f 1353 1354 1355
f 1355 1354 1356
f 1355 1356 1357
f 1357 1356 1358
f 1357 1358 1359
f 1359 1358 1360
f 1359 1360 1361
f 1361 1360 1362
f 1361 1362 1363
f 1363 1362 1364
f 1363 1364 1365
f 1365 1364 1366
f 1365 1366 1367
f 1367 1366 1368
f 1367 1368 1369
f 1369 1368 1370
f 1369 1370 1371
f 1371 1370 1372
f 1371 1372 1373
f 1373 1372 1374
f 1373 1374 1375
f 1375 1374 1376
f 1375 1376 1377
f 1377 1376 1378
f 1377 1378 1379
f 1379 1378 1380
f 1379 1380 1381
f 1381 1380 1382
f 1381 1382 1383
f 1383 1382 1384
f 1383 1384 1385
f 1385 1384 1386
f 1385 1386 1387
f 1387 1386 1388
f 1387 1388 1389
f 1389 1388 1390
f 1389 1390 1391
f 1392 1393 1394
f 1392 1394 1351
f 1351 1394 1395
f 1351 1395 1352
f 1352 1395 1396
f 1352 1396 1354
f 1354 1396 1397
f 1354 1397 1356
f 1356 1397 1398
f 1356 1398 1358
f 1358 1398 1399
f 1358 1399 1360
f 1360 1399 1400
f 1360 1400 1362
f 1362 1400 1401
f 1362 1401 1364
f 1364 1401 1402
f 1364 1402 1366
f 1366 1402 1403
f 1366 1403 1368
f 1368 1403 1404
f 1368 1404 1370
f 1370 1404 1405
f 1370 1405 1372
f 1372 1405 1406
f 1372 1406 1374
f 1374 1406 1407
f 1374 1407 1376
f 1376 1407 1408
f 1376 1408 1378
f 1378 1408 1409
f 1378 1409 1380
f 1380 1409 1410
f 1380 1410 1382
f 1382 1410 1411
f 1382 1411 1384
f 1384 1411 1412
f 1384 1412 1386
f 1386 1412 1413
f 1386 1413 1388
f 1388 1413 1414
f 1388 1414 1390
f 1415 1416 1417
f 1415 1417 1393
f 1393 1417 1418
f 1393 1418 1394
f 1394 1418 1419
f 1394 1419 1395
f 1395 1419 1420
f 1395 1420 1396
f 1396 1420 1421
f 1396 1421 1397
f 1397 1421 1422
f 1397 1422 1398
f 1398 1422 1423
f 1398 1423 1399
f 1399 1423 1424
f 1399 1424 1400
f 1400 1424 1425
f 1400 1425 1401
f 1401 1425 1426
f 1401 1426 1402
f 1402 1426 1427
f 1402 1427 1403
f 1403 1427 1428
f 1403 1428 1404
f 1404 1428 1429
f 1404 1429 1405
f 1405 1429 1430
f 1405 1430 1406
f 1406 1430 1431
f 1406 1431 1407
f 1407 1431 1432
f 1407 1432 1408
f 1408 1432 1433
f 1408 1433 1409
f 1409 1433 1434
f 1409 1434 1410
f 1410 1434 1435
f 1410 1435 1411
f 1411 1435 1436
f 1411 1436 1412
f 1412 1436 1437
f 1412 1437 1413
g COL_MX01_lower_deck_candidate_smooth_right_skin_wall_02
usemtl MX01_EnclosureWall
v 3.947920 -3.750000 43.750000
v 3.950440 -3.250000 43.750000
v 3.801050 -3.250000 43.250000
v 3.852960 -3.750000 43.250000
v 4.087530 -3.750000 44.250000
v 4.113210 -3.250000 44.250000
v 4.230810 -3.750000 44.750000
v 4.265190 -3.250000 44.750000
v 4.355390 -3.750000 45.250000
v 4.390960 -3.250000 45.250000
v 4.532780 -3.750000 46.250000
v 4.561720 -3.250000 46.250000
v 4.488030 -3.250000 45.750000
v 4.454960 -3.750000 45.750000
v 4.594430 -3.750000 46.750000
v 4.618540 -3.250000 46.750000
v 4.643860 -3.750000 47.250000
v 4.662810 -3.250000 47.250000
v 4.683280 -3.750000 47.750000
v 4.697000 -3.250000 47.750000
v 4.714000 -3.750000 48.250000
v 4.722870 -3.250000 48.250000
v 4.735360 -3.750000 48.750000
v 4.740160 -3.250000 48.750000
v 4.741250 -3.750000 49.250000
v 4.742700 -3.250000 49.250000
v 4.717200 -3.750000 49.750000
v 4.715180 -3.250000 49.750000
v 4.642040 -3.750000 50.250000
v 4.634910 -3.250000 50.250000
v 4.495900 -3.750000 50.750000
v 4.480720 -3.250000 50.750000
v 4.272850 -3.750000 51.250000
v 4.246530 -3.250000 51.250000
v 3.992520 -3.750000 51.750000
v 3.954380 -3.250000 51.750000
v 3.703410 -3.750000 52.250000
v 3.657210 -3.250000 52.250000
v 3.470810 -3.750000 52.750000
v 3.424230 -3.250000 52.750000
v 3.352500 -3.750000 53.250000
v 3.310480 -3.250000 53.250000
v 3.775550 -2.750000 43.250000
v 3.584110 -2.750000 42.750000
v 3.676370 -3.250000 42.750000
v 3.969870 -2.750000 43.750000
v 4.155110 -2.750000 44.250000
v 4.315290 -2.750000 44.750000
v 4.535270 -2.750000 45.750000
v 4.441570 -2.750000 45.250000
v 4.603480 -2.750000 46.250000
v 4.653460 -2.750000 46.750000
v 4.690050 -2.750000 47.250000
v 4.716330 -2.750000 47.750000
v 4.734530 -2.750000 48.250000
v 4.744410 -2.750000 48.750000
v 4.739210 -2.750000 49.250000
v 4.702580 -2.750000 49.750000
v 4.611060 -2.750000 50.250000
v 4.443680 -2.750000 50.750000
v 4.196710 -2.750000 51.250000
v 3.896850 -2.750000 51.750000
v 3.603580 -2.750000 52.250000
v 3.389150 -2.750000 52.750000
v 3.288330 -2.750000 53.250000
v 3.525200 -2.250000 42.750000
v 3.257570 -2.250000 42.250000
v 3.401610 -2.750000 42.250000
v 3.762970 -2.250000 43.250000
v 3.982790 -2.250000 43.750000
v 4.179780 -2.250000 44.250000
v 4.562920 -2.250000 45.750000
v 4.470690 -2.250000 45.250000
v 4.628330 -2.250000 46.250000
v 4.674370 -2.250000 46.750000
v 4.706320 -2.250000 47.250000
v 4.727680 -2.250000 47.750000
v 4.740820 -2.250000 48.250000
v 4.745050 -2.250000 48.750000
v 4.732950 -2.250000 49.250000
v 4.687860 -2.250000 49.750000
v 4.586920 -2.250000 50.250000
v 4.411100 -2.250000 50.750000
v 4.159840 -2.250000 51.250000
v 3.864450 -2.250000 51.750000
v 3.591070 -2.250000 52.250000
v 3.428350 -2.250000 52.750000
f 1438 1439 1440
f 1438 1440 1441
f 1442 1443 1439
f 1442 1439 1438
f 1444 1445 1443
f 1444 1443 1442
f 1446 1447 1445
f 1446 1445 1444
f 1448 1449 1450
f 1448 1450 1451
f 1452 1453 1449
f 1452 1449 1448
f 1454 1455 1453
f 1454 1453 1452
f 1456 1457 1455
f 1456 1455 1454
f 1458 1459 1457
f 1458 1457 1456
f 1460 1461 1459
f 1460 1459 1458
f 1462 1463 1461
f 1462 1461 1460
f 1464 1465 1463
f 1464 1463 1462
f 1466 1467 1465
f 1466 1465 1464
f 1468 1469 1467
f 1468 1467 1466
f 1470 1471 1469
f 1470 1469 1468
f 1472 1473 1471
f 1472 1471 1470
f 1474 1475 1473
f 1474 1473 1472
f 1476 1477 1475
f 1476 1475 1474
f 1478 1479 1477
f 1478 1477 1476
f 1440 1480 1481
f 1440 1481 1482
f 1439 1483 1480
f 1439 1480 1440
f 1443 1484 1483
f 1443 1483 1439
f 1445 1485 1484
f 1445 1484 1443
f 1450 1486 1487
f 1449 1488 1486
f 1449 1486 1450
f 1453 1489 1488
f 1453 1488 1449
f 1455 1490 1489
f 1455 1489 1453
f 1457 1491 1490
f 1457 1490 1455
f 1459 1492 1491
f 1459 1491 1457
f 1461 1493 1492
f 1461 1492 1459
f 1463 1494 1493
f 1463 1493 1461
f 1465 1495 1494
f 1465 1494 1463
f 1467 1496 1495
f 1467 1495 1465
f 1469 1497 1496
f 1469 1496 1467
f 1471 1498 1497
f 1471 1497 1469
f 1473 1499 1498
f 1473 1498 1471
f 1475 1500 1499
f 1475 1499 1473
f 1477 1501 1500
f 1477 1500 1475
f 1479 1502 1501
f 1479 1501 1477
f 1481 1503 1504
f 1481 1504 1505
f 1480 1506 1503
f 1480 1503 1481
f 1483 1507 1506
f 1483 1506 1480
f 1484 1508 1507
f 1484 1507 1483
f 1486 1509 1510
f 1486 1510 1487
f 1488 1511 1509
f 1488 1509 1486
f 1489 1512 1511
f 1489 1511 1488
f 1490 1513 1512
f 1490 1512 1489
f 1491 1514 1513
f 1491 1513 1490
f 1492 1515 1514
f 1492 1514 1491
f 1493 1516 1515
f 1493 1515 1492
f 1494 1517 1516
f 1494 1516 1493
f 1495 1518 1517
f 1495 1517 1494
f 1496 1519 1518
f 1496 1518 1495
f 1497 1520 1519
f 1497 1519 1496
f 1498 1521 1520
f 1498 1520 1497
f 1499 1522 1521
f 1499 1521 1498
f 1500 1523 1522
f 1500 1522 1499
f 1501 1524 1523
f 1501 1523 1500
g COL_MX01_lower_deck_candidate_smooth_skin_ceiling
usemtl MX01_EnclosureCeiling
v -10.750000 -1.200000 -37.750000
v -9.750000 -1.200000 -37.750000
v -9.750000 -1.265000 -36.750000
v -10.750000 -1.200000 -36.750000
v -9.750000 -1.325000 -35.750000
v -10.750000 -1.241670 -35.750000
v -8.750000 -1.281250 -37.750000
v -8.750000 -1.395000 -36.750000
v -8.750000 -1.587500 -35.750000
v -7.750000 -1.362500 -37.750000
v -7.750000 -1.615000 -36.750000
v -7.750000 -1.900000 -35.750000
v -6.750000 -1.418750 -37.750000
v -6.750000 -1.680000 -36.750000
v -6.750000 -1.968750 -35.750000
v -5.750000 -1.418750 -37.750000
v -5.750000 -1.665000 -36.750000
v -5.750000 -1.912500 -35.750000
v -4.750000 -1.350000 -37.750000
v -4.750000 -1.560000 -36.750000
v -4.750000 -1.743750 -35.750000
v -3.750000 -1.281250 -37.750000
v -3.750000 -1.380000 -36.750000
v -3.750000 -1.525000 -35.750000
v -2.750000 -1.200000 -37.750000
v -2.750000 -1.265000 -36.750000
v -2.750000 -1.318750 -35.750000
v -1.750000 -1.200000 -37.750000
v -1.750000 -1.200000 -36.750000
v -1.750000 -1.231250 -35.750000
v -0.750000 -1.200000 -37.750000
v -0.750000 -1.200000 -36.750000
v -0.750000 -1.200000 -35.750000
v 0.250000 -1.200000 -37.750000
v 0.250000 -1.200000 -36.750000
v 0.250000 -1.200000 -35.750000
v 1.250000 -1.200000 -37.750000
v 1.250000 -1.200000 -36.750000
v 1.250000 -1.200000 -35.750000
v 2.250000 -1.200000 -37.750000
v 2.250000 -1.220000 -36.750000
v 2.250000 -1.231250 -35.750000
v 3.250000 -1.256250 -37.750000
v 3.250000 -1.315000 -36.750000
v 3.250000 -1.381250 -35.750000
v 4.250000 -1.350000 -37.750000
v 4.250000 -1.515000 -36.750000
v 4.250000 -1.656250 -35.750000
v 5.250000 -1.418750 -37.750000
v 5.250000 -1.665000 -36.750000
v 5.250000 -1.900000 -35.750000
v 6.250000 -1.418750 -37.750000
v 6.250000 -1.700000 -36.750000
v 6.250000 -1.968750 -35.750000
v 7.250000 -1.418750 -37.750000
v 7.250000 -1.665000 -36.750000
v 7.250000 -1.912500 -35.750000
v 8.250000 -1.350000 -37.750000
v 8.250000 -1.560000 -36.750000
v 8.250000 -1.743750 -35.750000
v 9.250000 -1.281250 -37.750000
v 9.250000 -1.380000 -36.750000
v 9.250000 -1.525000 -35.750000
v 10.250000 -1.200000 -37.750000
v 10.250000 -1.265000 -36.750000
v 10.250000 -1.318750 -35.750000
v 11.250000 -1.200000 -37.750000
v 11.250000 -1.200000 -36.750000
v 11.250000 -1.241670 -35.750000
f 1525 1526 1527
f 1525 1527 1528
f 1528 1527 1529
f 1528 1529 1530
f 1526 1531 1532
f 1526 1532 1527
f 1527 1532 1533
f 1527 1533 1529
f 1531 1534 1535
f 1531 1535 1532
f 1532 1535 1536
f 1532 1536 1533
f 1534 1537 1538
f 1534 1538 1535
f 1535 1538 1539
f 1535 1539 1536
f 1537 1540 1541
f 1537 1541 1538
f 1538 1541 1542
f 1538 1542 1539
f 1540 1543 1544
f 1540 1544 1541
f 1541 1544 1545
f 1541 1545 1542
f 1543 1546 1547
f 1543 1547 1544
f 1544 1547 1548
f 1544 1548 1545
f 1546 1549 1550
f 1546 1550 1547
f 1547 1550 1551
f 1547 1551 1548
f 1549 1552 1553
f 1549 1553 1550
f 1550 1553 1554
f 1550 1554 1551
f 1552 1555 1556
f 1552 1556 1553
f 1553 1556 1557
f 1553 1557 1554
f 1555 1558 1559
f 1555 1559 1556
f 1556 1559 1560
f 1556 1560 1557
f 1558 1561 1562
f 1558 1562 1559
f 1559 1562 1563
f 1559 1563 1560
f 1561 1564 1565
f 1561 1565 1562
f 1562 1565 1566
f 1562 1566 1563
f 1564 1567 1568
f 1564 1568 1565
f 1565 1568 1569
f 1565 1569 1566
f 1567 1570 1571
f 1567 1571 1568
f 1568 1571 1572
f 1568 1572 1569
f 1570 1573 1574
f 1570 1574 1571
f 1571 1574 1575
f 1571 1575 1572
f 1573 1576 1577
f 1573 1577 1574
f 1574 1577 1578
f 1574 1578 1575
f 1576 1579 1580
f 1576 1580 1577
f 1577 1580 1581
f 1577 1581 1578
f 1579 1582 1583
f 1579 1583 1580
f 1580 1583 1584
f 1580 1584 1581
f 1582 1585 1586
f 1582 1586 1583
f 1583 1586 1587
f 1583 1587 1584
f 1585 1588 1589
f 1585 1589 1586
f 1586 1589 1590
f 1586 1590 1587
f 1588 1591 1592
f 1588 1592 1589
f 1589 1592 1593
f 1589 1593 1590
g COL_MX01_mid_deck_candidate_smooth_left_skin_wall_01
usemtl MX01_EnclosureWall
v -15.074550 -0.250000 -52.750000
v -15.090490 0.250000 -52.750000
v -15.098450 0.250000 -52.250000
v -15.093810 -0.250000 -52.250000
v -15.039990 0.250000 -51.750000
v -15.042480 -0.250000 -51.750000
v -14.810630 0.250000 -51.250000
v -14.824420 -0.250000 -51.250000
v -14.308000 0.250000 -50.750000
v -14.355730 -0.250000 -50.750000
v -13.636640 0.250000 -50.250000
v -13.630080 -0.250000 -50.250000
v -12.714020 0.250000 -49.750000
v -12.646740 -0.250000 -49.750000
v -11.649340 0.250000 -49.250000
v -11.512990 -0.250000 -49.250000
v -10.650620 0.250000 -48.750000
v -10.426740 -0.250000 -48.750000
v -9.902710 0.250000 -48.250000
v -9.616080 -0.250000 -48.250000
v -9.581810 0.250000 -47.750000
v -9.267380 -0.250000 -47.750000
v -9.730940 0.250000 -47.250000
v -9.423970 -0.250000 -47.250000
v -10.209380 0.250000 -46.750000
v -9.943540 -0.250000 -46.750000
v -10.752040 0.250000 -46.250000
v -10.561970 -0.250000 -46.250000
v -11.104940 0.250000 -45.750000
v -11.021410 -0.250000 -45.750000
v -11.140800 0.250000 -45.250000
v -11.185400 -0.250000 -45.250000
v -10.886890 0.250000 -44.750000
v -11.065300 -0.250000 -44.750000
v -10.455450 0.250000 -44.250000
v -10.758640 -0.250000 -44.250000
v -9.949470 0.250000 -43.750000
v -10.359190 -0.250000 -43.750000
v -9.417380 0.250000 -43.250000
v -9.913260 -0.250000 -43.250000
v -8.874560 0.250000 -42.750000
v -9.437200 -0.250000 -42.750000
v -8.344670 0.250000 -42.250000
v -8.955090 -0.250000 -42.250000
v -7.869640 0.250000 -41.750000
v -8.509400 -0.250000 -41.750000
v -7.484330 0.250000 -41.250000
v -8.136920 -0.250000 -41.250000
v -7.187100 0.250000 -40.750000
v -7.840020 -0.250000 -40.750000
v -6.936380 0.250000 -40.250000
v -7.579340 -0.250000 -40.250000
v -6.670730 0.250000 -39.750000
v -7.292180 -0.250000 -39.750000
v -6.336420 0.250000 -39.250000
v -6.919470 -0.250000 -39.250000
v -5.906410 0.250000 -38.750000
v -6.430360 -0.250000 -38.750000
v -5.391980 0.250000 -38.250000
v -5.836090 -0.250000 -38.250000
v -4.842530 0.250000 -37.750000
v -5.192970 -0.250000 -37.750000
v -4.333490 0.250000 -37.250000
v -4.585460 -0.250000 -37.250000
v -3.935170 0.250000 -36.750000
v -4.095100 -0.250000 -36.750000
v -3.682130 0.250000 -36.250000
v -3.764170 -0.250000 -36.250000
v -3.556810 0.250000 -35.750000
v -3.582140 -0.250000 -35.750000
v -3.507540 0.250000 -35.250000
v -3.498590 -0.250000 -35.250000
v -3.480340 0.250000 -34.750000
v -3.458170 -0.250000 -34.750000
v -3.447960 0.250000 -34.250000
v -3.426610 -0.250000 -34.250000
v -3.412100 0.250000 -33.750000
v -3.398750 -0.250000 -33.750000
v -3.390380 0.250000 -33.250000
v -3.385520 -0.250000 -33.250000
v -3.397860 0.250000 -32.750000
v -3.399350 -0.250000 -32.750000
v -3.439770 0.250000 -32.250000
v -3.444710 -0.250000 -32.250000
v -3.511660 0.250000 -31.750000
v -3.518390 -0.250000 -31.750000
v -3.605040 0.250000 -31.250000
v -3.612920 -0.250000 -31.250000
v -3.711760 0.250000 -30.750000
v -3.721100 -0.250000 -30.750000
v -3.827190 0.250000 -30.250000
v -3.838550 -0.250000 -30.250000
v -3.950640 0.250000 -29.750000
v -3.964410 -0.250000 -29.750000
v -4.083960 0.250000 -29.250000
v -4.100050 -0.250000 -29.250000
v -4.229250 0.250000 -28.750000
v -4.247080 -0.250000 -28.750000
v -4.387410 0.250000 -28.250000
v -4.406050 -0.250000 -28.250000
v -4.557640 0.250000 -27.750000
v -4.576040 -0.250000 -27.750000
v -4.737370 0.250000 -27.250000
v -4.754440 -0.250000 -27.250000
v -4.921600 0.250000 -26.750000
v -4.936510 -0.250000 -26.750000
v -5.102820 0.250000 -26.250000
v -5.114990 -0.250000 -26.250000
v -5.271660 0.250000 -25.750000
v -5.281090 -0.250000 -25.750000
v -5.419430 0.250000 -25.250000
v -5.426410 -0.250000 -25.250000
v -5.540360 0.250000 -24.750000
v -5.545440 -0.250000 -24.750000
v -5.632980 0.250000 -24.250000
v -5.636560 -0.250000 -24.250000
v -5.699340 0.250000 -23.750000
v -5.701800 -0.250000 -23.750000
v -5.743780 0.250000 -23.250000
v -5.745330 -0.250000 -23.250000
v -5.771310 0.250000 -22.750000
v -5.772200 -0.250000 -22.750000
v -5.786870 0.250000 -22.250000
v -5.787300 -0.250000 -22.250000
v -5.794710 0.250000 -21.750000
v -5.794900 -0.250000 -21.750000
v -5.798170 0.250000 -21.250000
v -5.798230 -0.250000 -21.250000
v -5.799470 0.250000 -20.750000
v -5.799490 -0.250000 -20.750000
v -5.799880 0.250000 -20.250000
v -5.799880 -0.250000 -20.250000
v -5.799980 0.250000 -19.750000
v -5.799980 -0.250000 -19.750000
v -5.800000 0.250000 -19.250000
v -5.800000 -0.250000 -19.250000
v -5.800000 0.250000 -18.750000
v -5.800000 -0.250000 -18.750000
v -5.800000 0.250000 -18.250000
v -5.800000 -0.250000 -18.250000
v -5.800000 0.250000 -17.750000
v -5.800000 -0.250000 -17.750000
v -5.800000 0.250000 -17.250000
v -5.800000 -0.250000 -17.250000
v -5.800000 0.250000 -16.750000
v -5.800000 -0.250000 -16.750000
v -5.800000 0.250000 -16.250000
v -5.800000 -0.250000 -16.250000
v -5.800000 0.250000 -15.750000
v -5.800000 -0.250000 -15.750000
v -5.800000 0.250000 -15.250000
v -5.800000 -0.250000 -15.250000
v -5.800000 0.250000 -14.750000
v -5.800000 -0.250000 -14.750000
v -5.800000 0.250000 -14.250000
v -5.800000 -0.250000 -14.250000
v -5.800000 0.250000 -13.750000
v -5.800000 -0.250000 -13.750000
v -5.800000 0.250000 -13.250000
v -5.800000 -0.250000 -13.250000
v -5.800000 0.250000 -12.750000
v -5.800000 -0.250000 -12.750000
v -5.800000 0.250000 -12.250000
v -5.800000 -0.250000 -12.250000
v -5.800000 0.250000 -11.750000
v -5.800000 -0.250000 -11.750000
v -5.800000 0.250000 -11.250000
v -5.800000 -0.250000 -11.250000
v -5.800000 0.250000 -10.750000
v -5.800000 -0.250000 -10.750000
v -5.800000 0.250000 -10.250000
v -5.800000 -0.250000 -10.250000
v -5.800000 0.250000 -9.750000
v -5.800000 -0.250000 -9.750000
v -5.800000 0.250000 -9.250000
v -5.800000 -0.250000 -9.250000
v -5.800000 0.250000 -8.750000
v -5.800000 -0.250000 -8.750000
v -5.800000 0.250000 -8.250000
v -5.800000 -0.250000 -8.250000
v -5.800000 0.250000 -7.750000
v -5.800000 -0.250000 -7.750000
v -5.800000 0.250000 -7.250000
v -5.800000 -0.250000 -7.250000
v -5.800000 0.250000 -6.750000
v -5.800000 -0.250000 -6.750000
v -5.800000 0.250000 -6.250000
v -5.800000 -0.250000 -6.250000
v -5.800000 0.250000 -5.750000
v -5.800000 -0.250000 -5.750000
v -5.800000 0.250000 -5.250000
v -5.800000 -0.250000 -5.250000
v -5.800000 0.250000 -4.750000
v -5.800000 -0.250000 -4.750000
v -5.800000 0.250000 -4.250000
v -5.800000 -0.250000 -4.250000
v -5.800000 0.250000 -3.750000
v -5.800000 -0.250000 -3.750000
v -5.800000 0.250000 -3.250000
v -5.800000 -0.250000 -3.250000
v -5.800000 0.250000 -2.750000
v -5.800000 -0.250000 -2.750000
v -5.800000 0.250000 -2.250000
v -5.800000 -0.250000 -2.250000
v -5.800000 0.250000 -1.750000
v -5.800000 -0.250000 -1.750000
v -5.800000 0.250000 -1.250000
v -5.800000 -0.250000 -1.250000
v -5.800000 0.250000 -0.750000
v -5.800000 -0.250000 -0.750000
v -5.800000 0.250000 -0.250000
v -5.800000 -0.250000 -0.250000
v -5.800000 0.250000 0.250000
v -5.800000 -0.250000 0.250000
v -5.800000 0.250000 0.750000
v -5.800000 -0.250000 0.750000
v -5.800000 0.250000 1.250000
v -5.800000 -0.250000 1.250000
v -5.800000 0.250000 1.750000
v -5.800000 -0.250000 1.750000
v -5.800000 0.250000 2.250000
v -5.800000 -0.250000 2.250000
v -5.800000 0.250000 2.750000
v -5.800000 -0.250000 2.750000
v -5.800000 0.250000 3.250000
v -5.800000 -0.250000 3.250000
v -5.800000 0.250000 3.750000
v -5.800000 -0.250000 3.750000
v -5.800000 0.250000 4.250000
v -5.800000 -0.250000 4.250000
v -5.800000 0.250000 4.750000
v -5.800000 -0.250000 4.750000
v -5.800000 0.250000 5.250000
v -5.800000 -0.250000 5.250000
v -5.800000 0.250000 5.750000
v -5.800000 -0.250000 5.750000
v -5.800000 0.250000 6.250000
v -5.800000 -0.250000 6.250000
v -5.800000 0.250000 6.750000
v -5.800000 -0.250000 6.750000
v -5.800000 0.250000 7.250000
v -5.800000 -0.250000 7.250000
v -5.800000 0.250000 7.750000
v -5.800000 -0.250000 7.750000
v -5.800000 0.250000 8.250000
v -5.800000 -0.250000 8.250000
v -5.800000 0.250000 8.750000
v -5.800000 -0.250000 8.750000
v -5.800000 0.250000 9.250000
v -5.800000 -0.250000 9.250000
v -5.800000 0.250000 9.750000
v -5.800000 -0.250000 9.750000
v -5.800000 0.250000 10.250000
v -5.800000 -0.250000 10.250000
v -5.800000 0.250000 10.750000
v -5.800000 -0.250000 10.750000
v -5.800000 0.250000 11.250000
v -5.800000 -0.250000 11.250000
v -5.800000 0.250000 11.750000
v -5.800000 -0.250000 11.750000
v -5.800000 0.250000 12.250000
v -5.800000 -0.250000 12.250000
v -5.800000 0.250000 12.750000
v -5.800000 -0.250000 12.750000
v -5.800000 0.250000 13.250000
v -5.800000 -0.250000 13.250000
v -5.800000 0.250000 13.750000
v -5.800000 -0.250000 13.750000
v -5.800000 0.250000 14.250000
v -5.800000 -0.250000 14.250000
v -5.800000 0.250000 14.750000
v -5.800000 -0.250000 14.750000
v -5.800000 0.250000 15.250000
v -5.800000 -0.250000 15.250000
v -5.800000 0.250000 15.750000
v -5.800000 -0.250000 15.750000
v -5.800000 0.250000 16.250000
v -5.800000 -0.250000 16.250000
v -5.800000 0.250000 16.750000
v -5.800000 -0.250000 16.750000
v -5.800000 0.250000 17.250000
v -5.800000 -0.250000 17.250000
v -5.800000 0.250000 17.750000
v -5.800000 -0.250000 17.750000
v -5.800000 0.250000 18.250000
v -5.800000 -0.250000 18.250000
v -5.800000 0.250000 18.750000
v -5.800000 -0.250000 18.750000
v -5.800000 0.250000 19.250000
v -5.800000 -0.250000 19.250000
v -5.800000 0.250000 19.750000
v -5.800000 -0.250000 19.750000
v -5.799980 0.250000 20.250000
v -5.799980 -0.250000 20.250000
v -5.799880 0.250000 20.750000
v -5.799880 -0.250000 20.750000
v -5.799470 0.250000 21.250000
v -5.799490 -0.250000 21.250000
v -5.798160 0.250000 21.750000
v -5.798230 -0.250000 21.750000
v -5.794620 0.250000 22.250000
v -5.794840 -0.250000 22.250000
v -5.786480 0.250000 22.750000
v -5.787010 -0.250000 22.750000
v -5.769980 0.250000 23.250000
v -5.771130 -0.250000 23.250000
v -5.739940 0.250000 23.750000
v -5.742110 -0.250000 23.750000
v -5.689850 0.250000 24.250000
v -5.693540 -0.250000 24.250000
v -5.612420 0.250000 24.750000
v -5.618090 -0.250000 24.750000
v -5.500690 0.250000 25.250000
v -5.508780 -0.250000 25.250000
v -5.350170 0.250000 25.750000
v -5.360900 -0.250000 25.750000
v -5.161140 0.250000 26.250000
v -5.174420 -0.250000 26.250000
v -4.940090 0.250000 26.750000
v -4.955440 -0.250000 26.750000
v -4.698900 0.250000 27.250000
v -4.715410 -0.250000 27.250000
v -4.451620 0.250000 27.750000
v -4.468210 -0.250000 27.750000
v -4.210570 0.250000 28.250000
v -4.226190 -0.250000 28.250000
v -3.983320 0.250000 28.750000
v -3.997190 -0.250000 28.750000
v -3.772450 0.250000 29.250000
v -3.784050 -0.250000 29.250000
v -3.577250 0.250000 29.750000
v -3.586380 -0.250000 29.750000
v -3.396650 0.250000 30.250000
v -3.403180 -0.250000 30.250000
v -3.230920 0.250000 30.750000
v -3.234740 -0.250000 30.750000
v -3.081410 0.250000 31.250000
v -3.082310 -0.250000 31.250000
v -2.948700 0.250000 31.750000
v -2.946530 -0.250000 31.750000
v -2.831030 0.250000 32.250000
v -2.825910 -0.250000 32.250000
v -2.724750 0.250000 32.750000
v -2.717380 -0.250000 32.750000
v -2.626860 0.250000 33.250000
v -2.618460 -0.250000 33.250000
v -2.537630 0.250000 33.750000
v -2.529590 -0.250000 33.750000
v -2.461140 0.250000 34.250000
v -2.454510 -0.250000 34.250000
v -2.403510 0.250000 34.750000
v -2.398540 -0.250000 34.750000
v -2.370260 0.250000 35.250000
v -2.366450 -0.250000 35.250000
v -2.364930 0.250000 35.750000
v -2.361180 -0.250000 35.750000
v -2.389010 0.250000 36.250000
v -2.384120 -0.250000 36.250000
v -2.442620 0.250000 36.750000
v -2.435660 -0.250000 36.750000
v -2.525140 0.250000 37.250000
v -2.515700 -0.250000 37.250000
v -2.635680 0.250000 37.750000
v -2.623970 -0.250000 37.750000
v -2.773690 0.250000 38.250000
v -2.760320 -0.250000 38.250000
v -2.939030 0.250000 38.750000
v -2.924740 -0.250000 38.750000
v -3.131140 0.250000 39.250000
v -3.116530 -0.250000 39.250000
v -3.347510 0.250000 39.750000
v -3.333000 -0.250000 39.750000
v -3.582130 0.250000 40.250000
v -3.567970 -0.250000 40.250000
v -3.824770 0.250000 40.750000
v -3.811170 -0.250000 40.750000
v -4.061570 0.250000 41.250000
v -4.048780 -0.250000 41.250000
v -4.277160 0.250000 41.750000
v -4.265500 -0.250000 41.750000
v -4.457980 0.250000 42.250000
v -4.447870 -0.250000 42.250000
v -4.595910 0.250000 42.750000
v -4.587740 -0.250000 42.750000
v -4.690370 0.250000 43.250000
v -4.684360 -0.250000 43.250000
v -4.747650 0.250000 43.750000
v -4.743730 -0.250000 43.750000
v -4.777820 0.250000 44.250000
v -4.775670 -0.250000 44.250000
v -4.790770 0.250000 44.750000
v -4.790010 -0.250000 44.750000
v -4.793220 0.250000 45.250000
v -4.793660 -0.250000 45.250000
v -4.787150 0.250000 45.750000
v -4.788970 -0.250000 45.750000
v -4.769160 0.250000 46.250000
v -4.772930 -0.250000 46.250000
v -4.729840 0.250000 46.750000
v -4.736490 -0.250000 46.750000
v -4.653800 0.250000 47.250000
v -4.664500 -0.250000 47.250000
v -4.521660 0.250000 47.750000
v -4.537750 -0.250000 47.750000
v -4.315590 0.250000 48.250000
v -4.338280 -0.250000 48.250000
v -4.027200 0.250000 48.750000
v -4.057130 -0.250000 48.750000
v -3.664400 0.250000 49.250000
v -3.700990 -0.250000 49.250000
v -3.253270 0.250000 49.750000
v -3.294520 -0.250000 49.750000
v -2.834580 0.250000 50.250000
v -2.877000 -0.250000 50.250000
v -2.457120 0.250000 50.750000
v -2.495650 -0.250000 50.750000
v -2.170890 0.250000 51.250000
v -2.197060 -0.250000 51.250000
v -2.021840 0.250000 51.750000
v -2.014960 -0.250000 51.750000
v -14.051850 0.750000 -50.750000
v -13.571920 0.750000 -50.250000
v -12.763040 0.750000 -49.750000
v -11.811570 0.750000 -49.250000
v -11.035570 0.750000 -48.750000
v -10.442360 0.750000 -48.250000
v -10.179670 0.750000 -47.750000
v -10.294020 0.750000 -47.250000
v -10.659350 0.750000 -46.750000
v -11.035730 0.750000 -46.250000
v -11.194260 0.750000 -45.750000
v -11.029360 0.750000 -45.250000
v -10.581400 0.750000 -44.750000
v -9.971310 0.750000 -44.250000
v -9.308640 0.750000 -43.750000
v -8.648470 0.750000 -43.250000
v -8.011140 0.750000 -42.750000
v -7.420200 0.750000 -42.250000
v -6.911970 0.750000 -41.750000
v -6.511750 0.750000 -41.250000
v -6.210550 0.750000 -40.750000
v -5.965560 0.750000 -40.250000
v -5.722840 0.750000 -39.750000
v -5.440040 0.750000 -39.250000
v -5.099950 0.750000 -38.750000
v -4.713360 0.750000 -38.250000
v -4.318700 0.750000 -37.750000
v -3.970410 0.750000 -37.250000
v -3.718320 0.750000 -36.750000
v -3.580020 0.750000 -36.250000
v -3.532460 0.750000 -35.750000
v -3.525110 0.750000 -35.250000
v -3.513140 0.750000 -34.750000
v -3.478670 0.750000 -34.250000
v -3.433530 0.750000 -33.750000
v -3.401150 0.750000 -33.250000
v -3.400300 0.750000 -32.750000
v -3.436400 0.750000 -32.250000
v -3.504510 0.750000 -31.750000
v -3.594870 0.750000 -31.250000
v -3.698650 0.750000 -30.750000
v -3.810820 0.750000 -30.250000
v -3.930810 0.750000 -29.750000
v -4.060830 0.750000 -29.250000
v -4.203530 0.750000 -28.750000
v -4.360240 0.750000 -28.250000
v -4.530400 0.750000 -27.750000
v -4.711270 0.750000 -27.250000
v -4.897630 0.750000 -26.750000
v -5.081450 0.750000 -26.250000
v -5.253130 0.750000 -25.750000
v -5.403690 0.750000 -25.250000
v -5.527390 0.750000 -24.750000
v -5.622650 0.750000 -24.250000
v -5.691580 0.750000 -23.750000
v -5.738310 0.750000 -23.250000
v -5.767800 0.750000 -22.750000
v -5.784820 0.750000 -22.250000
v -5.793650 0.750000 -21.750000
v -5.797690 0.750000 -21.250000
v -5.799280 0.750000 -20.750000
v -5.799810 0.750000 -20.250000
v -5.799960 0.750000 -19.750000
v -5.799990 0.750000 -19.250000
v -5.800000 0.750000 -18.750000
v -5.800000 0.750000 -18.250000
v -5.800000 0.750000 -17.750000
v -5.800000 0.750000 -17.250000
v -5.800000 0.750000 -16.750000
v -5.800000 0.750000 -16.250000
v -5.800000 0.750000 -15.750000
v -5.800000 0.750000 -15.250000
v -5.800000 0.750000 -14.750000
v -5.800000 0.750000 -14.250000
v -5.800000 0.750000 -13.750000
v -5.800000 0.750000 -13.250000
v -5.800000 0.750000 -12.750000
v -5.800000 0.750000 -12.250000
v -5.800000 0.750000 -11.750000
v -5.800000 0.750000 -11.250000
v -5.800000 0.750000 -10.750000
v -5.800000 0.750000 -10.250000
v -5.800000 0.750000 -9.750000
v -5.800000 0.750000 -9.250000
v -5.800000 0.750000 -8.750000
v -5.800000 0.750000 -8.250000
v -5.800000 0.750000 -7.750000
v -5.800000 0.750000 -7.250000
v -5.800000 0.750000 -6.750000
v -5.800000 0.750000 -6.250000
v -5.800000 0.750000 -5.750000
v -5.800000 0.750000 -5.250000
v -5.800000 0.750000 -4.750000
v -5.800000 0.750000 -4.250000
v -5.800000 0.750000 -3.750000
v -5.800000 0.750000 -3.250000
v -5.800000 0.750000 -2.750000
v -5.800000 0.750000 -2.250000
v -5.800000 0.750000 -1.750000
v -5.800000 0.750000 -1.250000
v -5.800000 0.750000 -0.750000
v -5.800000 0.750000 -0.250000
v -5.800000 0.750000 0.250000
v -5.800000 0.750000 0.750000
v -5.800000 0.750000 1.250000
v -5.800000 0.750000 1.750000
v -5.800000 0.750000 2.250000
v -5.800000 0.750000 2.750000
v -5.800000 0.750000 3.250000
v -5.800000 0.750000 3.750000
v -5.800000 0.750000 4.250000
v -5.800000 0.750000 4.750000
v -5.800000 0.750000 5.250000
v -5.800000 0.750000 5.750000
v -5.800000 0.750000 6.250000
v -5.800000 0.750000 6.750000
v -5.800000 0.750000 7.250000
v -5.800000 0.750000 7.750000
v -5.800000 0.750000 8.250000
v -5.800000 0.750000 8.750000
v -5.800000 0.750000 9.250000
v -5.800000 0.750000 9.750000
v -5.800000 0.750000 10.250000
v -5.800000 0.750000 10.750000
v -5.800000 0.750000 11.250000
v -5.800000 0.750000 11.750000
v -5.800000 0.750000 12.250000
v -5.800000 0.750000 12.750000
v -5.800000 0.750000 13.250000
v -5.800000 0.750000 13.750000
v -5.800000 0.750000 14.250000
v -5.800000 0.750000 14.750000
v -5.800000 0.750000 15.250000
v -5.800000 0.750000 15.750000
v -5.800000 0.750000 16.250000
v -5.800000 0.750000 16.750000
v -5.800000 0.750000 17.250000
v -5.800000 0.750000 17.750000
v -5.800000 0.750000 18.250000
v -5.800000 0.750000 18.750000
v -5.800000 0.750000 19.250000
v -5.799990 0.750000 19.750000
v -5.799960 0.750000 20.250000
v -5.799810 0.750000 20.750000
v -5.799270 0.750000 21.250000
v -5.797650 0.750000 21.750000
v -5.793480 0.750000 22.250000
v -5.784170 0.750000 22.750000
v -5.765800 0.750000 23.250000
v -5.733000 0.750000 23.750000
v -5.679270 0.750000 24.250000
v -5.597480 0.750000 24.750000
v -5.481180 0.750000 25.250000
v -5.326530 0.750000 25.750000
v -5.134590 0.750000 26.250000
v -4.912370 0.750000 26.750000
v -4.671790 0.750000 27.250000
v -4.426560 0.750000 27.750000
v -4.188370 0.750000 28.250000
v -3.964370 0.750000 28.750000
v -3.756910 0.750000 29.250000
v -3.565420 0.750000 29.750000
v -3.388880 0.750000 30.250000
v -3.227590 0.750000 30.750000
v -3.082670 0.750000 31.250000
v -2.954450 0.750000 31.750000
v -2.840750 0.750000 32.250000
v -2.737510 0.750000 32.750000
v -2.641300 0.750000 33.250000
v -2.552180 0.750000 33.750000
v -2.474530 0.750000 34.250000
v -2.415190 0.750000 34.750000
v -2.380750 0.750000 35.250000
v -2.375570 0.750000 35.750000
v -2.401450 0.750000 36.250000
v -2.458210 0.750000 36.750000
v -2.544440 0.750000 37.250000
v -2.658410 0.750000 37.750000
v -2.798950 0.750000 38.250000
v -2.965590 0.750000 38.750000
v -3.157730 0.750000 39.250000
v -3.372920 0.750000 39.750000
v -3.605240 0.750000 40.250000
v -3.844640 0.750000 40.750000
v -4.077580 0.750000 41.250000
v -4.289120 0.750000 41.750000
v -4.466180 0.750000 42.250000
v -4.601010 0.750000 42.750000
v -4.693200 0.750000 43.250000
v -4.748980 0.750000 43.750000
v -4.778120 0.750000 44.250000
v -4.790100 0.750000 44.750000
v -4.791040 0.750000 45.250000
v -4.782260 0.750000 45.750000
v -4.759630 0.750000 46.250000
v -4.713210 0.750000 46.750000
v -4.627540 0.750000 47.250000
v -4.483950 0.750000 47.750000
v -4.266130 0.750000 48.250000
v -3.967800 0.750000 48.750000
v -3.598940 0.750000 49.250000
v -3.187310 0.750000 49.750000
v -2.774390 0.750000 50.250000
v -2.408760 0.750000 50.750000
v -2.139420 0.750000 51.250000
v -2.009000 0.750000 51.750000
v -11.634970 1.250000 -49.250000
v -11.245290 1.250000 -48.750000
v -10.825050 1.250000 -48.250000
v -10.619020 1.250000 -47.750000
v -10.699590 1.250000 -47.250000
v -10.965480 1.250000 -46.750000
v -11.206970 1.250000 -46.250000
v -11.225190 1.250000 -45.750000
v -10.930860 1.250000 -45.250000
v -10.367450 1.250000 -44.750000
v -9.652070 1.250000 -44.250000
v -8.894400 1.250000 -43.750000
v -8.155620 1.250000 -43.250000
v -7.462550 1.250000 -42.750000
v -6.839370 1.250000 -42.250000
v -6.315430 1.250000 -41.750000
v -5.907400 1.250000 -41.250000
v -5.600980 1.250000 -40.750000
v -5.355150 1.250000 -40.250000
v -5.122640 1.250000 -39.750000
v -4.870360 1.250000 -39.250000
v -4.587160 1.250000 -38.750000
v -4.284460 1.250000 -38.250000
v -3.991830 1.250000 -37.750000
v -3.749660 1.250000 -37.250000
v -3.590800 1.250000 -36.750000
v -3.522720 1.250000 -36.250000
v -3.518720 1.250000 -35.750000
v -3.533800 1.250000 -35.250000
v -3.529660 1.250000 -34.750000
v -3.495820 1.250000 -34.250000
v -3.447460 1.250000 -33.750000
v -3.410820 1.250000 -33.250000
v -3.405360 1.250000 -32.750000
v -3.437450 1.250000 -32.250000
v -3.502090 1.250000 -31.750000
v -3.589620 1.250000 -31.250000
v -3.690950 1.250000 -30.750000
v -3.800960 1.250000 -30.250000
v -3.918940 1.250000 -29.750000
v -4.047130 1.250000 -29.250000
v -4.188290 1.250000 -28.750000
v -4.343990 1.250000 -28.250000
v -4.513750 1.250000 -27.750000
v -4.694780 1.250000 -27.250000
v -4.881570 1.250000 -26.750000
v -5.066030 1.250000 -26.250000
v -5.238530 1.250000 -25.750000
v -5.390310 1.250000 -25.250000
v -5.515620 1.250000 -24.750000
v -5.612870 1.250000 -24.250000
v -5.683920 1.250000 -23.750000
v -5.732740 1.250000 -23.250000
v -5.764030 1.250000 -22.750000
v -5.782500 1.250000 -22.250000
v -5.792370 1.250000 -21.750000
v -5.797070 1.250000 -21.250000
v -5.799020 1.250000 -20.750000
v -5.799720 1.250000 -20.250000
v -5.799930 1.250000 -19.750000
v -5.799990 1.250000 -19.250000
v -5.800000 1.250000 -18.750000
v -5.800000 1.250000 -18.250000
v -5.800000 1.250000 -17.750000
v -5.800000 1.250000 -17.250000
v -5.800000 1.250000 -16.750000
v -5.800000 1.250000 -16.250000
v -5.800000 1.250000 -15.750000
v -5.800000 1.250000 -15.250000
v -5.800000 1.250000 -14.750000
v -5.800000 1.250000 -14.250000
v -5.800000 1.250000 -13.750000
v -5.800000 1.250000 -13.250000
v -5.800000 1.250000 -12.750000
v -5.800000 1.250000 -12.250000
v -5.800000 1.250000 -11.750000
v -5.800000 1.250000 -11.250000
v -5.800000 1.250000 -10.750000
v -5.800000 1.250000 -10.250000
v -5.800000 1.250000 -9.750000
v -5.800000 1.250000 -9.250000
v -5.800000 1.250000 -8.750000
v -5.800000 1.250000 -8.250000
v -5.800000 1.250000 -7.750000
v -5.800000 1.250000 -7.250000
v -5.800000 1.250000 -6.750000
v -5.800000 1.250000 -6.250000
v -5.800000 1.250000 -5.750000
v -5.800000 1.250000 -5.250000
v -5.800000 1.250000 -4.750000
v -5.800000 1.250000 -4.250000
v -5.800000 1.250000 -3.750000
v -5.800000 1.250000 -3.250000
v -5.800000 1.250000 -2.750000
v -5.800000 1.250000 -2.250000
v -5.800000 1.250000 -1.750000
v -5.800000 1.250000 -1.250000
v -5.800000 1.250000 -0.750000
v -5.800000 1.250000 -0.250000
v -5.800000 1.250000 0.250000
v -5.800000 1.250000 0.750000
v -5.800000 1.250000 1.250000
v -5.800000 1.250000 1.750000
v -5.800000 1.250000 2.250000
v -5.800000 1.250000 2.750000
v -5.800000 1.250000 3.250000
v -5.800000 1.250000 3.750000
v -5.800000 1.250000 4.250000
v -5.800000 1.250000 4.750000
v -5.800000 1.250000 5.250000
v -5.800000 1.250000 5.750000
v -5.800000 1.250000 6.250000
v -5.800000 1.250000 6.750000
v -5.800000 1.250000 7.250000
v -5.800000 1.250000 7.750000
v -5.800000 1.250000 8.250000
v -5.800000 1.250000 8.750000
v -5.800000 1.250000 9.250000
v -5.800000 1.250000 9.750000
v -5.800000 1.250000 10.250000
v -5.800000 1.250000 10.750000
v -5.800000 1.250000 11.250000
v -5.800000 1.250000 11.750000
v -5.800000 1.250000 12.250000
v -5.800000 1.250000 12.750000
v -5.800000 1.250000 13.250000
v -5.800000 1.250000 13.750000
v -5.800000 1.250000 14.250000
v -5.800000 1.250000 14.750000
v -5.800000 1.250000 15.250000
v -5.800000 1.250000 15.750000
v -5.800000 1.250000 16.250000
v -5.800000 1.250000 16.750000
v -5.800000 1.250000 17.250000
v -5.800000 1.250000 17.750000
v -5.800000 1.250000 18.250000
v -5.800000 1.250000 18.750000
v -5.800000 1.250000 19.250000
v -5.799990 1.250000 19.750000
v -5.799930 1.250000 20.250000
v -5.799720 1.250000 20.750000
v -5.799000 1.250000 21.250000
v -5.797000 1.250000 21.750000
v -5.792100 1.250000 22.250000
v -5.781580 1.250000 22.750000
v -5.761350 1.250000 23.250000
v -5.726010 1.250000 23.750000
v -5.669090 1.250000 24.250000
v -5.583770 1.250000 24.750000
v -5.464070 1.250000 25.250000
v -5.306900 1.250000 25.750000
v -5.113860 1.250000 26.250000
v -4.892180 1.250000 26.750000
v -4.653500 1.250000 27.250000
v -4.410870 1.250000 27.750000
v -4.175340 1.250000 28.250000
v -3.953720 1.250000 28.750000
v -3.748470 1.250000 29.250000
v -3.559290 1.250000 29.750000
v -3.385440 1.250000 30.250000
v -3.227110 1.250000 30.750000
v -3.085190 1.250000 31.250000
v -2.959600 1.250000 31.750000
v -2.848030 1.250000 32.250000
v -2.746380 1.250000 32.750000
v -2.651270 1.250000 33.250000
v -2.562740 1.250000 33.750000
v -2.485120 1.250000 34.250000
v -2.425480 1.250000 34.750000
v -2.390790 1.250000 35.250000
v -2.385930 1.250000 35.750000
v -2.412940 1.250000 36.250000
v -2.471540 1.250000 36.750000
v -2.559920 1.250000 37.250000
v -2.675950 1.250000 37.750000
v -2.818040 1.250000 38.250000
v -2.985430 1.250000 38.750000
v -3.177300 1.250000 39.250000
v -3.391070 1.250000 39.750000
v -3.620800 1.250000 40.250000
v -3.856640 1.250000 40.750000
v -4.085480 1.250000 41.250000
v -4.293010 1.250000 41.750000
v -4.466820 1.250000 42.250000
v -4.599620 1.250000 42.750000
v -4.691020 1.250000 43.250000
v -4.746880 1.250000 43.750000
v -4.776370 1.250000 44.250000
v -4.788350 1.250000 44.750000
v -4.788410 1.250000 45.250000
v -4.777360 1.250000 45.750000
v -4.750570 1.250000 46.250000
v -4.697820 1.250000 46.750000
v -4.603880 1.250000 47.250000
v -4.451150 1.250000 47.750000
v -4.225160 1.250000 48.250000
v -3.921580 1.250000 48.750000
v -3.551920 1.250000 49.250000
v -3.144460 1.250000 49.750000
v -2.740330 1.250000 50.250000
v -2.386930 1.250000 50.750000
v -2.131000 1.250000 51.250000
v -2.011500 1.250000 51.750000
f 1594 1595 1596
f 1594 1596 1597
f 1597 1596 1598
f 1597 1598 1599
f 1599 1598 1600
f 1599 1600 1601
f 1601 1600 1602
f 1601 1602 1603
f 1603 1602 1604
f 1603 1604 1605
f 1605 1604 1606
f 1605 1606 1607
f 1607 1606 1608
f 1607 1608 1609
f 1609 1608 1610
f 1609 1610 1611
f 1611 1610 1612
f 1611 1612 1613
f 1613 1612 1614
f 1613 1614 1615
f 1615 1614 1616
f 1615 1616 1617
f 1617 1616 1618
f 1617 1618 1619
f 1619 1618 1620
f 1619 1620 1621
f 1621 1620 1622
f 1621 1622 1623
f 1623 1622 1624
f 1623 1624 1625
f 1625 1624 1626
f 1625 1626 1627
f 1627 1626 1628
f 1627 1628 1629
f 1629 1628 1630
f 1629 1630 1631
f 1631 1630 1632
f 1631 1632 1633
f 1633 1632 1634
f 1633 1634 1635
f 1635 1634 1636
f 1635 1636 1637
f 1637 1636 1638
f 1637 1638 1639
f 1639 1638 1640
f 1639 1640 1641
f 1641 1640 1642
f 1641 1642 1643
f 1643 1642 1644
f 1643 1644 1645
f 1645 1644 1646
f 1645 1646 1647
f 1647 1646 1648
f 1647 1648 1649
f 1649 1648 1650
f 1649 1650 1651
f 1651 1650 1652
f 1651 1652 1653
f 1653 1652 1654
f 1653 1654 1655
f 1655 1654 1656
f 1655 1656 1657
f 1657 1656 1658
f 1657 1658 1659
f 1659 1658 1660
f 1659 1660 1661
f 1661 1660 1662
f 1661 1662 1663
f 1663 1662 1664
f 1663 1664 1665
f 1665 1664 1666
f 1665 1666 1667
f 1667 1666 1668
f 1667 1668 1669
f 1669 1668 1670
f 1669 1670 1671
f 1671 1670 1672
f 1671 1672 1673
f 1673 1672 1674
f 1673 1674 1675
f 1675 1674 1676
f 1675 1676 1677
f 1677 1676 1678
f 1677 1678 1679
f 1679 1678 1680
f 1679 1680 1681
f 1681 1680 1682
f 1681 1682 1683
f 1683 1682 1684
f 1683 1684 1685
f 1685 1684 1686
f 1685 1686 1687
f 1687 1686 1688
f 1687 1688 1689
f 1689 1688 1690
f 1689 1690 1691
f 1691 1690 1692
f 1691 1692 1693
f 1693 1692 1694
f 1693 1694 1695
f 1695 1694 1696
f 1695 1696 1697
f 1697 1696 1698
f 1697 1698 1699
f 1699 1698 1700
f 1699 1700 1701
f 1701 1700 1702
f 1701 1702 1703
f 1703 1702 1704
f 1703 1704 1705
f 1705 1704 1706
f 1705 1706 1707
f 1707 1706 1708
f 1707 1708 1709
f 1709 1708 1710
f 1709 1710 1711
f 1711 1710 1712
f 1711 1712 1713
f 1713 1712 1714
f 1713 1714 1715
f 1715 1714 1716
f 1715 1716 1717
f 1717 1716 1718
f 1717 1718 1719
f 1719 1718 1720
f 1719 1720 1721
f 1721 1720 1722
f 1721 1722 1723
f 1723 1722 1724
f 1723 1724 1725
f 1725 1724 1726
f 1725 1726 1727
f 1727 1726 1728
f 1727 1728 1729
f 1729 1728 1730
f 1729 1730 1731
f 1731 1730 1732
f 1731 1732 1733
f 1733 1732 1734
f 1733 1734 1735
f 1735 1734 1736
f 1735 1736 1737
f 1737 1736 1738
f 1737 1738 1739
f 1739 1738 1740
f 1739 1740 1741
f 1741 1740 1742
f 1741 1742 1743
f 1743 1742 1744
f 1743 1744 1745
f 1745 1744 1746
f 1745 1746 1747
f 1747 1746 1748
f 1747 1748 1749
f 1749 1748 1750
f 1749 1750 1751
f 1751 1750 1752
f 1751 1752 1753
f 1753 1752 1754
f 1753 1754 1755
f 1755 1754 1756
f 1755 1756 1757
f 1757 1756 1758
f 1757 1758 1759
f 1759 1758 1760
f 1759 1760 1761
f 1761 1760 1762
f 1761 1762 1763
f 1763 1762 1764
f 1763 1764 1765
f 1765 1764 1766
f 1765 1766 1767
f 1767 1766 1768
f 1767 1768 1769
f 1769 1768 1770
f 1769 1770 1771
f 1771 1770 1772
f 1771 1772 1773
f 1773 1772 1774
f 1773 1774 1775
f 1775 1774 1776
f 1775 1776 1777
f 1777 1776 1778
f 1777 1778 1779
f 1779 1778 1780
f 1779 1780 1781
f 1781 1780 1782
f 1781 1782 1783
f 1783 1782 1784
f 1783 1784 1785
f 1785 1784 1786
f 1785 1786 1787
f 1787 1786 1788
f 1787 1788 1789
f 1789 1788 1790
f 1789 1790 1791
f 1791 1790 1792
f 1791 1792 1793
f 1793 1792 1794
f 1793 1794 1795
f 1795 1794 1796
f 1795 1796 1797
f 1797 1796 1798
f 1797 1798 1799
f 1799 1798 1800
f 1799 1800 1801
f 1801 1800 1802
f 1801 1802 1803
f 1803 1802 1804
f 1803 1804 1805
f 1805 1804 1806
f 1805 1806 1807
f 1807 1806 1808
f 1807 1808 1809
f 1809 1808 1810
f 1809 1810 1811
f 1811 1810 1812
f 1811 1812 1813
f 1813 1812 1814
f 1813 1814 1815
f 1815 1814 1816
f 1815 1816 1817
f 1817 1816 1818
f 1817 1818 1819
f 1819 1818 1820
f 1819 1820 1821
f 1821 1820 1822
f 1821 1822 1823
f 1823 1822 1824
f 1823 1824 1825
f 1825 1824 1826
f 1825 1826 1827
f 1827 1826 1828
f 1827 1828 1829
f 1829 1828 1830
f 1829 1830 1831
f 1831 1830 1832
f 1831 1832 1833
f 1833 1832 1834
f 1833 1834 1835
f 1835 1834 1836
f 1835 1836 1837
f 1837 1836 1838
f 1837 1838 1839
f 1839 1838 1840
f 1839 1840 1841
f 1841 1840 1842
f 1841 1842 1843
f 1843 1842 1844
f 1843 1844 1845
f 1845 1844 1846
f 1845 1846 1847
f 1847 1846 1848
f 1847 1848 1849
f 1849 1848 1850
f 1849 1850 1851
f 1851 1850 1852
f 1851 1852 1853
f 1853 1852 1854
f 1853 1854 1855
f 1855 1854 1856
f 1855 1856 1857
f 1857 1856 1858
f 1857 1858 1859
f 1859 1858 1860
f 1859 1860 1861
f 1861 1860 1862
f 1861 1862 1863
f 1863 1862 1864
f 1863 1864 1865
f 1865 1864 1866
f 1865 1866 1867
f 1867 1866 1868
f 1867 1868 1869
f 1869 1868 1870
f 1869 1870 1871
f 1871 1870 1872
f 1871 1872 1873
f 1873 1872 1874
f 1873 1874 1875
f 1875 1874 1876
f 1875 1876 1877
f 1877 1876 1878
f 1877 1878 1879
f 1879 1878 1880
f 1879 1880 1881
f 1881 1880 1882
f 1881 1882 1883
f 1883 1882 1884
f 1883 1884 1885
f 1885 1884 1886
f 1885 1886 1887
f 1887 1886 1888
f 1887 1888 1889
f 1889 1888 1890
f 1889 1890 1891
f 1891 1890 1892
f 1891 1892 1893
f 1893 1892 1894
f 1893 1894 1895
f 1895 1894 1896
f 1895 1896 1897
f 1897 1896 1898
f 1897 1898 1899
f 1899 1898 1900
f 1899 1900 1901
f 1901 1900 1902
f 1901 1902 1903
f 1903 1902 1904
f 1903 1904 1905
f 1905 1904 1906
f 1905 1906 1907
f 1907 1906 1908
f 1907 1908 1909
f 1909 1908 1910
f 1909 1910 1911
f 1911 1910 1912
f 1911 1912 1913
f 1913 1912 1914
f 1913 1914 1915
f 1915 1914 1916
f 1915 1916 1917
f 1917 1916 1918
f 1917 1918 1919
f 1919 1918 1920
f 1919 1920 1921
f 1921 1920 1922
f 1921 1922 1923
f 1923 1922 1924
f 1923 1924 1925
f 1925 1924 1926
f 1925 1926 1927
f 1927 1926 1928
f 1927 1928 1929
f 1929 1928 1930
f 1929 1930 1931
f 1931 1930 1932
f 1931 1932 1933
f 1933 1932 1934
f 1933 1934 1935
f 1935 1934 1936
f 1935 1936 1937
f 1937 1936 1938
f 1937 1938 1939
f 1939 1938 1940
f 1939 1940 1941
f 1941 1940 1942
f 1941 1942 1943
f 1943 1942 1944
f 1943 1944 1945
f 1945 1944 1946
f 1945 1946 1947
f 1947 1946 1948
f 1947 1948 1949
f 1949 1948 1950
f 1949 1950 1951
f 1951 1950 1952
f 1951 1952 1953
f 1953 1952 1954
f 1953 1954 1955
f 1955 1954 1956
f 1955 1956 1957
f 1957 1956 1958
f 1957 1958 1959
f 1959 1958 1960
f 1959 1960 1961
f 1961 1960 1962
f 1961 1962 1963
f 1963 1962 1964
f 1963 1964 1965
f 1965 1964 1966
f 1965 1966 1967
f 1967 1966 1968
f 1967 1968 1969
f 1969 1968 1970
f 1969 1970 1971
f 1971 1970 1972
f 1971 1972 1973
f 1973 1972 1974
f 1973 1974 1975
f 1975 1974 1976
f 1975 1976 1977
f 1977 1976 1978
f 1977 1978 1979
f 1979 1978 1980
f 1979 1980 1981
f 1981 1980 1982
f 1981 1982 1983
f 1983 1982 1984
f 1983 1984 1985
f 1985 1984 1986
f 1985 1986 1987
f 1987 1986 1988
f 1987 1988 1989
f 1989 1988 1990
f 1989 1990 1991
f 1991 1990 1992
f 1991 1992 1993
f 1993 1992 1994
f 1993 1994 1995
f 1995 1994 1996
f 1995 1996 1997
f 1997 1996 1998
f 1997 1998 1999
f 1999 1998 2000
f 1999 2000 2001
f 2001 2000 2002
f 2001 2002 2003
f 2003 2002 2004
f 2003 2004 2005
f 2005 2004 2006
f 2005 2006 2007
f 2007 2006 2008
f 2007 2008 2009
f 2009 2008 2010
f 2009 2010 2011
f 2011 2010 2012
f 2011 2012 2013
f 1602 2014 2015
f 1602 2015 1604
f 1604 2015 2016
f 1604 2016 1606
f 1606 2016 2017
f 1606 2017 1608
f 1608 2017 2018
f 1608 2018 1610
f 1610 2018 2019
f 1610 2019 1612
f 1612 2019 2020
f 1612 2020 1614
f 1614 2020 2021
f 1614 2021 1616
f 1616 2021 2022
f 1616 2022 1618
f 1618 2022 2023
f 1618 2023 1620
f 1620 2023 2024
f 1620 2024 1622
f 1622 2024 2025
f 1622 2025 1624
f 1624 2025 2026
f 1624 2026 1626
f 1626 2026 2027
f 1626 2027 1628
f 1628 2027 2028
f 1628 2028 1630
f 1630 2028 2029
f 1630 2029 1632
f 1632 2029 2030
f 1632 2030 1634
f 1634 2030 2031
f 1634 2031 1636
f 1636 2031 2032
f 1636 2032 1638
f 1638 2032 2033
f 1638 2033 1640
f 1640 2033 2034
f 1640 2034 1642
f 1642 2034 2035
f 1642 2035 1644
f 1644 2035 2036
f 1644 2036 1646
f 1646 2036 2037
f 1646 2037 1648
f 1648 2037 2038
f 1648 2038 1650
f 1650 2038 2039
f 1650 2039 1652
f 1652 2039 2040
f 1652 2040 1654
f 1654 2040 2041
f 1654 2041 1656
f 1656 2041 2042
f 1656 2042 1658
f 1658 2042 2043
f 1658 2043 1660
f 1660 2043 2044
f 1660 2044 1662
f 1662 2044 2045
f 1662 2045 1664
f 1664 2045 2046
f 1664 2046 1666
f 1666 2046 2047
f 1666 2047 1668
f 1668 2047 2048
f 1668 2048 1670
f 1670 2048 2049
f 1670 2049 1672
f 1672 2049 2050
f 1672 2050 1674
f 1674 2050 2051
f 1674 2051 1676
f 1676 2051 2052
f 1676 2052 1678
f 1678 2052 2053
f 1678 2053 1680
f 1680 2053 2054
f 1680 2054 1682
f 1682 2054 2055
f 1682 2055 1684
f 1684 2055 2056
f 1684 2056 1686
f 1686 2056 2057
f 1686 2057 1688
f 1688 2057 2058
f 1688 2058 1690
f 1690 2058 2059
f 1690 2059 1692
f 1692 2059 2060
f 1692 2060 1694
f 1694 2060 2061
f 1694 2061 1696
f 1696 2061 2062
f 1696 2062 1698
f 1698 2062 2063
f 1698 2063 1700
f 1700 2063 2064
f 1700 2064 1702
f 1702 2064 2065
f 1702 2065 1704
f 1704 2065 2066
f 1704 2066 1706
f 1706 2066 2067
f 1706 2067 1708
f 1708 2067 2068
f 1708 2068 1710
f 1710 2068 2069
f 1710 2069 1712
f 1712 2069 2070
f 1712 2070 1714
f 1714 2070 2071
f 1714 2071 1716
f 1716 2071 2072
f 1716 2072 1718
f 1718 2072 2073
f 1718 2073 1720
f 1720 2073 2074
f 1720 2074 1722
f 1722 2074 2075
f 1722 2075 1724
f 1724 2075 2076
f 1724 2076 1726
f 1726 2076 2077
f 1726 2077 1728
f 1728 2077 2078
f 1728 2078 1730
f 1730 2078 2079
f 1730 2079 1732
f 1732 2079 2080
f 1732 2080 1734
f 1734 2080 2081
f 1734 2081 1736
f 1736 2081 2082
f 1736 2082 1738
f 1738 2082 2083
f 1738 2083 1740
f 1740 2083 2084
f 1740 2084 1742
f 1742 2084 2085
f 1742 2085 1744
f 1744 2085 2086
f 1744 2086 1746
f 1746 2086 2087
f 1746 2087 1748
f 1748 2087 2088
f 1748 2088 1750
f 1750 2088 2089
f 1750 2089 1752
f 1752 2089 2090
f 1752 2090 1754
f 1754 2090 2091
f 1754 2091 1756
f 1756 2091 2092
f 1756 2092 1758
f 1758 2092 2093
f 1758 2093 1760
f 1760 2093 2094
f 1760 2094 1762
f 1762 2094 2095
f 1762 2095 1764
f 1764 2095 2096
f 1764 2096 1766
f 1766 2096 2097
f 1766 2097 1768
f 1768 2097 2098
f 1768 2098 1770
f 1770 2098 2099
f 1770 2099 1772
f 1772 2099 2100
f 1772 2100 1774
f 1774 2100 2101
f 1774 2101 1776
f 1776 2101 2102
f 1776 2102 1778
f 1778 2102 2103
f 1778 2103 1780
f 1780 2103 2104
f 1780 2104 1782
f 1782 2104 2105
f 1782 2105 1784
f 1784 2105 2106
f 1784 2106 1786
f 1786 2106 2107
f 1786 2107 1788
f 1788 2107 2108
f 1788 2108 1790
f 1790 2108 2109
f 1790 2109 1792
f 1792 2109 2110
f 1792 2110 1794
f 1794 2110 2111
f 1794 2111 1796
f 1796 2111 2112
f 1796 2112 1798
f 1798 2112 2113
f 1798 2113 1800
f 1800 2113 2114
f 1800 2114 1802
f 1802 2114 2115
f 1802 2115 1804
f 1804 2115 2116
f 1804 2116 1806
f 1806 2116 2117
f 1806 2117 1808
f 1808 2117 2118
f 1808 2118 1810
f 1810 2118 2119
f 1810 2119 1812
f 1812 2119 2120
f 1812 2120 1814
f 1814 2120 2121
f 1814 2121 1816
f 1816 2121 2122
f 1816 2122 1818
f 1818 2122 2123
f 1818 2123 1820
f 1820 2123 2124
f 1820 2124 1822
f 1822 2124 2125
f 1822 2125 1824
f 1824 2125 2126
f 1824 2126 1826
f 1826 2126 2127
f 1826 2127 1828
f 1828 2127 2128
f 1828 2128 1830
f 1830 2128 2129
f 1830 2129 1832
f 1832 2129 2130
f 1832 2130 1834
f 1834 2130 2131
f 1834 2131 1836
f 1836 2131 2132
f 1836 2132 1838
f 1838 2132 2133
f 1838 2133 1840
f 1840 2133 2134
f 1840 2134 1842
f 1842 2134 2135
f 1842 2135 1844
f 1844 2135 2136
f 1844 2136 1846
f 1846 2136 2137
f 1846 2137 1848
f 1848 2137 2138
f 1848 2138 1850
f 1850 2138 2139
f 1850 2139 1852
f 1852 2139 2140
f 1852 2140 1854
f 1854 2140 2141
f 1854 2141 1856
f 1856 2141 2142
f 1856 2142 1858
f 1858 2142 2143
f 1858 2143 1860
f 1860 2143 2144
f 1860 2144 1862
f 1862 2144 2145
f 1862 2145 1864
f 1864 2145 2146
f 1864 2146 1866
f 1866 2146 2147
f 1866 2147 1868
f 1868 2147 2148
f 1868 2148 1870
f 1870 2148 2149
f 1870 2149 1872
f 1872 2149 2150
f 1872 2150 1874
f 1874 2150 2151
f 1874 2151 1876
f 1876 2151 2152
f 1876 2152 1878
f 1878 2152 2153
f 1878 2153 1880
f 1880 2153 2154
f 1880 2154 1882
f 1882 2154 2155
f 1882 2155 1884
f 1884 2155 2156
f 1884 2156 1886
f 1886 2156 2157
f 1886 2157 1888
f 1888 2157 2158
f 1888 2158 1890
f 1890 2158 2159
f 1890 2159 1892
f 1892 2159 2160
f 1892 2160 1894
f 1894 2160 2161
f 1894 2161 1896
f 1896 2161 2162
f 1896 2162 1898
f 1898 2162 2163
f 1898 2163 1900
f 1900 2163 2164
f 1900 2164 1902
f 1902 2164 2165
f 1902 2165 1904
f 1904 2165 2166
f 1904 2166 1906
f 1906 2166 2167
f 1906 2167 1908
f 1908 2167 2168
f 1908 2168 1910
f 1910 2168 2169
f 1910 2169 1912
f 1912 2169 2170
f 1912 2170 1914
f 1914 2170 2171
f 1914 2171 1916
f 1916 2171 2172
f 1916 2172 1918
f 1918 2172 2173
f 1918 2173 1920
f 1920 2173 2174
f 1920 2174 1922
f 1922 2174 2175
f 1922 2175 1924
f 1924 2175 2176
f 1924 2176 1926
f 1926 2176 2177
f 1926 2177 1928
f 1928 2177 2178
f 1928 2178 1930
f 1930 2178 2179
f 1930 2179 1932
f 1932 2179 2180
f 1932 2180 1934
f 1934 2180 2181
f 1934 2181 1936
f 1936 2181 2182
f 1936 2182 1938
f 1938 2182 2183
f 1938 2183 1940
f 1940 2183 2184
f 1940 2184 1942
f 1942 2184 2185
f 1942 2185 1944
f 1944 2185 2186
f 1944 2186 1946
f 1946 2186 2187
f 1946 2187 1948
f 1948 2187 2188
f 1948 2188 1950
f 1950 2188 2189
f 1950 2189 1952
f 1952 2189 2190
f 1952 2190 1954
f 1954 2190 2191
f 1954 2191 1956
f 1956 2191 2192
f 1956 2192 1958
f 1958 2192 2193
f 1958 2193 1960
f 1960 2193 2194
f 1960 2194 1962
f 1962 2194 2195
f 1962 2195 1964
f 1964 2195 2196
f 1964 2196 1966
f 1966 2196 2197
f 1966 2197 1968
f 1968 2197 2198
f 1968 2198 1970
f 1970 2198 2199
f 1970 2199 1972
f 1972 2199 2200
f 1972 2200 1974
f 1974 2200 2201
f 1974 2201 1976
f 1976 2201 2202
f 1976 2202 1978
f 1978 2202 2203
f 1978 2203 1980
f 1980 2203 2204
f 1980 2204 1982
f 1982 2204 2205
f 1982 2205 1984
f 1984 2205 2206
f 1984 2206 1986
f 1986 2206 2207
f 1986 2207 1988
f 1988 2207 2208
f 1988 2208 1990
f 1990 2208 2209
f 1990 2209 1992
f 1992 2209 2210
f 1992 2210 1994
f 1994 2210 2211
f 1994 2211 1996
f 1996 2211 2212
f 1996 2212 1998
f 1998 2212 2213
f 1998 2213 2000
f 2000 2213 2214
f 2000 2214 2002
f 2002 2214 2215
f 2002 2215 2004
f 2004 2215 2216
f 2004 2216 2006
f 2006 2216 2217
f 2006 2217 2008
f 2008 2217 2218
f 2008 2218 2010
f 2010 2218 2219
f 2010 2219 2012
f 2017 2220 2221
f 2017 2221 2018
f 2018 2221 2222
f 2018 2222 2019
f 2019 2222 2223
f 2019 2223 2020
f 2020 2223 2224
f 2020 2224 2021
f 2021 2224 2225
f 2021 2225 2022
f 2022 2225 2226
f 2022 2226 2023
f 2023 2226 2227
f 2023 2227 2024
f 2024 2227 2228
f 2024 2228 2025
f 2025 2228 2229
f 2025 2229 2026
f 2026 2229 2230
f 2026 2230 2027
f 2027 2230 2231
f 2027 2231 2028
f 2028 2231 2232
f 2028 2232 2029
f 2029 2232 2233
f 2029 2233 2030
f 2030 2233 2234
f 2030 2234 2031
f 2031 2234 2235
f 2031 2235 2032
f 2032 2235 2236
f 2032 2236 2033
f 2033 2236 2237
f 2033 2237 2034
f 2034 2237 2238
f 2034 2238 2035
f 2035 2238 2239
f 2035 2239 2036
f 2036 2239 2240
f 2036 2240 2037
f 2037 2240 2241
f 2037 2241 2038
f 2038 2241 2242
f 2038 2242 2039
f 2039 2242 2243
f 2039 2243 2040
f 2040 2243 2244
f 2040 2244 2041
f 2041 2244 2245
f 2041 2245 2042
f 2042 2245 2246
f 2042 2246 2043
f 2043 2246 2247
f 2043 2247 2044
f 2044 2247 2248
f 2044 2248 2045
f 2045 2248 2249
f 2045 2249 2046
f 2046 2249 2250
f 2046 2250 2047
f 2047 2250 2251
f 2047 2251 2048
f 2048 2251 2252
f 2048 2252 2049
f 2049 2252 2253
f 2049 2253 2050
f 2050 2253 2254
f 2050 2254 2051
f 2051 2254 2255
f 2051 2255 2052
f 2052 2255 2256
f 2052 2256 2053
f 2053 2256 2257
f 2053 2257 2054
f 2054 2257 2258
f 2054 2258 2055
f 2055 2258 2259
f 2055 2259 2056
f 2056 2259 2260
f 2056 2260 2057
f 2057 2260 2261
f 2057 2261 2058
f 2058 2261 2262
f 2058 2262 2059
f 2059 2262 2263
f 2059 2263 2060
f 2060 2263 2264
f 2060 2264 2061
f 2061 2264 2265
f 2061 2265 2062
f 2062 2265 2266
f 2062 2266 2063
f 2063 2266 2267
f 2063 2267 2064
f 2064 2267 2268
f 2064 2268 2065
f 2065 2268 2269
f 2065 2269 2066
f 2066 2269 2270
f 2066 2270 2067
f 2067 2270 2271
f 2067 2271 2068
f 2068 2271 2272
f 2068 2272 2069
f 2069 2272 2273
f 2069 2273 2070
f 2070 2273 2274
f 2070 2274 2071
f 2071 2274 2275
f 2071 2275 2072
f 2072 2275 2276
f 2072 2276 2073
f 2073 2276 2277
f 2073 2277 2074
f 2074 2277 2278
f 2074 2278 2075
f 2075 2278 2279
f 2075 2279 2076
f 2076 2279 2280
f 2076 2280 2077
f 2077 2280 2281
f 2077 2281 2078
f 2078 2281 2282
f 2078 2282 2079
f 2079 2282 2283
f 2079 2283 2080
f 2080 2283 2284
f 2080 2284 2081
f 2081 2284 2285
f 2081 2285 2082
f 2082 2285 2286
f 2082 2286 2083
f 2083 2286 2287
f 2083 2287 2084
f 2084 2287 2288
f 2084 2288 2085
f 2085 2288 2289
f 2085 2289 2086
f 2086 2289 2290
f 2086 2290 2087
f 2087 2290 2291
f 2087 2291 2088
f 2088 2291 2292
f 2088 2292 2089
f 2089 2292 2293
f 2089 2293 2090
f 2090 2293 2294
f 2090 2294 2091
f 2091 2294 2295
f 2091 2295 2092
f 2092 2295 2296
f 2092 2296 2093
f 2093 2296 2297
f 2093 2297 2094
f 2094 2297 2298
f 2094 2298 2095
f 2095 2298 2299
f 2095 2299 2096
f 2096 2299 2300
f 2096 2300 2097
f 2097 2300 2301
f 2097 2301 2098
f 2098 2301 2302
f 2098 2302 2099
f 2099 2302 2303
f 2099 2303 2100
f 2100 2303 2304
f 2100 2304 2101
f 2101 2304 2305
f 2101 2305 2102
f 2102 2305 2306
f 2102 2306 2103
f 2103 2306 2307
f 2103 2307 2104
f 2104 2307 2308
f 2104 2308 2105
f 2105 2308 2309
f 2105 2309 2106
f 2106 2309 2310
f 2106 2310 2107
f 2107 2310 2311
f 2107 2311 2108
f 2108 2311 2312
f 2108 2312 2109
f 2109 2312 2313
f 2109 2313 2110
f 2110 2313 2314
f 2110 2314 2111
f 2111 2314 2315
f 2111 2315 2112
f 2112 2315 2316
f 2112 2316 2113
f 2113 2316 2317
f 2113 2317 2114
f 2114 2317 2318
f 2114 2318 2115
f 2115 2318 2319
f 2115 2319 2116
f 2116 2319 2320
f 2116 2320 2117
f 2117 2320 2321
f 2117 2321 2118
f 2118 2321 2322
f 2118 2322 2119
f 2119 2322 2323
f 2119 2323 2120
f 2120 2323 2324
f 2120 2324 2121
f 2121 2324 2325
f 2121 2325 2122
f 2122 2325 2326
f 2122 2326 2123
f 2123 2326 2327
f 2123 2327 2124
f 2124 2327 2328
f 2124 2328 2125
f 2125 2328 2329
f 2125 2329 2126
f 2126 2329 2330
f 2126 2330 2127
f 2127 2330 2331
f 2127 2331 2128
f 2128 2331 2332
f 2128 2332 2129
f 2129 2332 2333
f 2129 2333 2130
f 2130 2333 2334
f 2130 2334 2131
f 2131 2334 2335
f 2131 2335 2132
f 2132 2335 2336
f 2132 2336 2133
f 2133 2336 2337
f 2133 2337 2134
f 2134 2337 2338
f 2134 2338 2135
f 2135 2338 2339
f 2135 2339 2136
f 2136 2339 2340
f 2136 2340 2137
f 2137 2340 2341
f 2137 2341 2138
f 2138 2341 2342
f 2138 2342 2139
f 2139 2342 2343
f 2139 2343 2140
f 2140 2343 2344
f 2140 2344 2141
f 2141 2344 2345
f 2141 2345 2142
f 2142 2345 2346
f 2142 2346 2143
f 2143 2346 2347
f 2143 2347 2144
f 2144 2347 2348
f 2144 2348 2145
f 2145 2348 2349
f 2145 2349 2146
f 2146 2349 2350
f 2146 2350 2147
f 2147 2350 2351
f 2147 2351 2148
f 2148 2351 2352
f 2148 2352 2149
f 2149 2352 2353
f 2149 2353 2150
f 2150 2353 2354
f 2150 2354 2151
f 2151 2354 2355
f 2151 2355 2152
f 2152 2355 2356
f 2152 2356 2153
f 2153 2356 2357
f 2153 2357 2154
f 2154 2357 2358
f 2154 2358 2155
f 2155 2358 2359
f 2155 2359 2156
f 2156 2359 2360
f 2156 2360 2157
f 2157 2360 2361
f 2157 2361 2158
f 2158 2361 2362
f 2158 2362 2159
f 2159 2362 2363
f 2159 2363 2160
f 2160 2363 2364
f 2160 2364 2161
f 2161 2364 2365
f 2161 2365 2162
f 2162 2365 2366
f 2162 2366 2163
f 2163 2366 2367
f 2163 2367 2164
f 2164 2367 2368
f 2164 2368 2165
f 2165 2368 2369
f 2165 2369 2166
f 2166 2369 2370
f 2166 2370 2167
f 2167 2370 2371
f 2167 2371 2168
f 2168 2371 2372
f 2168 2372 2169
f 2169 2372 2373
f 2169 2373 2170
f 2170 2373 2374
f 2170 2374 2171
f 2171 2374 2375
f 2171 2375 2172
f 2172 2375 2376
f 2172 2376 2173
f 2173 2376 2377
f 2173 2377 2174
f 2174 2377 2378
f 2174 2378 2175
f 2175 2378 2379
f 2175 2379 2176
f 2176 2379 2380
f 2176 2380 2177
f 2177 2380 2381
f 2177 2381 2178
f 2178 2381 2382
f 2178 2382 2179
f 2179 2382 2383
f 2179 2383 2180
f 2180 2383 2384
f 2180 2384 2181
f 2181 2384 2385
f 2181 2385 2182
f 2182 2385 2386
f 2182 2386 2183
f 2183 2386 2387
f 2183 2387 2184
f 2184 2387 2388
f 2184 2388 2185
f 2185 2388 2389
f 2185 2389 2186
f 2186 2389 2390
f 2186 2390 2187
f 2187 2390 2391
f 2187 2391 2188
f 2188 2391 2392
f 2188 2392 2189
f 2189 2392 2393
f 2189 2393 2190
f 2190 2393 2394
f 2190 2394 2191
f 2191 2394 2395
f 2191 2395 2192
f 2192 2395 2396
f 2192 2396 2193
f 2193 2396 2397
f 2193 2397 2194
f 2194 2397 2398
f 2194 2398 2195
f 2195 2398 2399
f 2195 2399 2196
f 2196 2399 2400
f 2196 2400 2197
f 2197 2400 2401
f 2197 2401 2198
f 2198 2401 2402
f 2198 2402 2199
f 2199 2402 2403
f 2199 2403 2200
f 2200 2403 2404
f 2200 2404 2201
f 2201 2404 2405
f 2201 2405 2202
f 2202 2405 2406
f 2202 2406 2203
f 2203 2406 2407
f 2203 2407 2204
f 2204 2407 2408
f 2204 2408 2205
f 2205 2408 2409
f 2205 2409 2206
f 2206 2409 2410
f 2206 2410 2207
f 2207 2410 2411
f 2207 2411 2208
f 2208 2411 2412
f 2208 2412 2209
f 2209 2412 2413
f 2209 2413 2210
f 2210 2413 2414
f 2210 2414 2211
f 2211 2414 2415
f 2211 2415 2212
f 2212 2415 2416
f 2212 2416 2213
f 2213 2416 2417
f 2213 2417 2214
f 2214 2417 2418
f 2214 2418 2215
f 2215 2418 2419
f 2215 2419 2216
f 2216 2419 2420
f 2216 2420 2217
f 2217 2420 2421
f 2217 2421 2218
f 2218 2421 2422
f 2218 2422 2219
g COL_MX01_mid_deck_candidate_smooth_right_skin_wall_01
usemtl MX01_EnclosureWall
v -12.692260 -0.250000 -52.250000
v -12.681700 0.250000 -52.250000
v -12.827710 0.250000 -52.750000
v -12.858660 -0.250000 -52.750000
v -12.346760 -0.250000 -51.750000
v -12.333820 0.250000 -51.750000
v -11.765470 -0.250000 -51.250000
v -11.729620 0.250000 -51.250000
v -10.941740 -0.250000 -50.750000
v -10.826990 0.250000 -50.750000
v -9.996480 -0.250000 -50.250000
v -9.973570 0.250000 -50.250000
v -8.958780 -0.250000 -49.750000
v -9.056640 0.250000 -49.750000
v -7.910510 -0.250000 -49.250000
v -8.159350 0.250000 -49.250000
v -6.971920 -0.250000 -48.750000
v -7.369140 0.250000 -48.750000
v -6.299040 -0.250000 -48.250000
v -6.806290 0.250000 -48.250000
v -6.025790 -0.250000 -47.750000
v -6.592980 0.250000 -47.750000
v -6.167550 -0.250000 -47.250000
v -6.744060 0.250000 -47.250000
v -6.580870 -0.250000 -46.750000
v -7.117720 0.250000 -46.750000
v -7.018900 -0.250000 -46.250000
v -7.470230 0.250000 -46.250000
v -7.251270 -0.250000 -45.750000
v -7.579700 0.250000 -45.750000
v -7.169570 -0.250000 -45.250000
v -7.351140 0.250000 -45.250000
v -6.804940 -0.250000 -44.750000
v -6.834380 0.250000 -44.750000
v -6.262300 -0.250000 -44.250000
v -6.149080 0.250000 -44.250000
v -5.632950 -0.250000 -43.750000
v -5.394770 0.250000 -43.750000
v -4.959710 -0.250000 -43.250000
v -4.614900 0.250000 -43.250000
v -4.261500 -0.250000 -42.750000
v -3.828040 0.250000 -42.750000
v -3.573110 -0.250000 -42.250000
v -3.070530 0.250000 -42.250000
v -2.951280 -0.250000 -41.750000
v -2.401720 0.250000 -41.750000
v -2.444630 -0.250000 -41.250000
v -1.870800 0.250000 -41.250000
v -2.060170 -0.250000 -40.750000
v -1.481690 0.250000 -40.750000
v -1.754620 -0.250000 -40.250000
v -1.187580 0.250000 -40.250000
v -1.454370 -0.250000 -39.750000
v -0.912830 0.250000 -39.750000
v -1.086670 -0.250000 -39.250000
v -0.585780 0.250000 -39.250000
v -0.608910 -0.250000 -38.750000
v -0.164280 0.250000 -38.750000
v -0.024790 -0.250000 -38.250000
v 0.349000 0.250000 -38.250000
v 0.614830 -0.250000 -37.750000
v 0.908610 0.250000 -37.750000
v 1.232670 -0.250000 -37.250000
v 1.443670 0.250000 -37.250000
v 1.757350 -0.250000 -36.750000
v 1.891020 0.250000 -36.750000
v 2.154650 -0.250000 -36.250000
v 2.222530 0.250000 -36.250000
v 2.435130 -0.250000 -35.750000
v 2.454420 0.250000 -35.750000
v 2.638610 -0.250000 -35.250000
v 2.627850 0.250000 -35.250000
v 2.804840 -0.250000 -34.750000
v 2.781320 0.250000 -34.750000
v 2.955310 -0.250000 -34.250000
v 2.930820 0.250000 -34.250000
v 3.092320 -0.250000 -33.750000
v 3.072830 0.250000 -33.750000
v 3.212180 -0.250000 -33.250000
v 3.198320 0.250000 -33.250000
v 3.315840 -0.250000 -32.750000
v 3.305990 0.250000 -32.750000
v 3.411160 -0.250000 -32.250000
v 3.403190 0.250000 -32.250000
v 3.507350 -0.250000 -31.750000
v 3.499820 0.250000 -31.750000
v 3.610040 -0.250000 -31.250000
v 3.601990 0.250000 -31.250000
v 3.720520 -0.250000 -30.750000
v 3.711160 0.250000 -30.750000
v 3.838470 -0.250000 -30.250000
v 3.827100 0.250000 -30.250000
v 3.964400 -0.250000 -29.750000
v 3.950630 0.250000 -29.750000
v 4.100050 -0.250000 -29.250000
v 4.083960 0.250000 -29.250000
v 4.247080 -0.250000 -28.750000
v 4.229250 0.250000 -28.750000
v 4.406050 -0.250000 -28.250000
v 4.387410 0.250000 -28.250000
v 4.576040 -0.250000 -27.750000
v 4.557640 0.250000 -27.750000
v 4.754440 -0.250000 -27.250000
v 4.737370 0.250000 -27.250000
v 4.936510 -0.250000 -26.750000
v 4.921600 0.250000 -26.750000
v 5.114990 -0.250000 -26.250000
v 5.102820 0.250000 -26.250000
v 5.281090 -0.250000 -25.750000
v 5.271660 0.250000 -25.750000
v 5.426410 -0.250000 -25.250000
v 5.419430 0.250000 -25.250000
v 5.545440 -0.250000 -24.750000
v 5.540360 0.250000 -24.750000
v 5.636560 -0.250000 -24.250000
v 5.632980 0.250000 -24.250000
v 5.701800 -0.250000 -23.750000
v 5.699340 0.250000 -23.750000
v 5.745330 -0.250000 -23.250000
v 5.743780 0.250000 -23.250000
v 5.772200 -0.250000 -22.750000
v 5.771310 0.250000 -22.750000
v 5.787300 -0.250000 -22.250000
v 5.786870 0.250000 -22.250000
v 5.794900 -0.250000 -21.750000
v 5.794710 0.250000 -21.750000
v 5.798230 -0.250000 -21.250000
v 5.798170 0.250000 -21.250000
v 5.799490 -0.250000 -20.750000
v 5.799470 0.250000 -20.750000
v 5.799880 -0.250000 -20.250000
v 5.799880 0.250000 -20.250000
v 5.799980 -0.250000 -19.750000
v 5.799980 0.250000 -19.750000
v 5.800000 -0.250000 -19.250000
v 5.800000 0.250000 -19.250000
v 5.800000 -0.250000 -18.750000
v 5.800000 0.250000 -18.750000
v 5.800000 -0.250000 -18.250000
v 5.800000 0.250000 -18.250000
v 5.800000 -0.250000 -17.750000
v 5.800000 0.250000 -17.750000
v 5.800000 -0.250000 -17.250000
v 5.800000 0.250000 -17.250000
v 5.800000 -0.250000 -16.750000
v 5.800000 0.250000 -16.750000
v 5.800000 -0.250000 -16.250000
v 5.800000 0.250000 -16.250000
v 5.800000 -0.250000 -15.750000
v 5.800000 0.250000 -15.750000
v 5.800000 -0.250000 -15.250000
v 5.800000 0.250000 -15.250000
v 5.800000 -0.250000 -14.750000
v 5.800000 0.250000 -14.750000
v 5.800000 -0.250000 -14.250000
v 5.800000 0.250000 -14.250000
v 5.800000 -0.250000 -13.750000
v 5.800000 0.250000 -13.750000
v 5.800000 -0.250000 -13.250000
v 5.800000 0.250000 -13.250000
v 5.800000 -0.250000 -12.750000
v 5.800000 0.250000 -12.750000
v 5.800000 -0.250000 -12.250000
v 5.800000 0.250000 -12.250000
v 5.800000 -0.250000 -11.750000
v 5.800000 0.250000 -11.750000
v 5.800000 -0.250000 -11.250000
v 5.800000 0.250000 -11.250000
v 5.800000 -0.250000 -10.750000
v 5.800000 0.250000 -10.750000
v 5.800000 -0.250000 -10.250000
v 5.800000 0.250000 -10.250000
v 5.800000 -0.250000 -9.750000
v 5.800000 0.250000 -9.750000
v 5.800000 -0.250000 -9.250000
v 5.800000 0.250000 -9.250000
v 5.800000 -0.250000 -8.750000
v 5.800000 0.250000 -8.750000
v 5.800000 -0.250000 -8.250000
v 5.800000 0.250000 -8.250000
v 5.800000 -0.250000 -7.750000
v 5.800000 0.250000 -7.750000
v 5.800000 -0.250000 -7.250000
v 5.800000 0.250000 -7.250000
v 5.800000 -0.250000 -6.750000
v 5.800000 0.250000 -6.750000
v 5.800000 -0.250000 -6.250000
v 5.800000 0.250000 -6.250000
v 5.800000 -0.250000 -5.750000
v 5.800000 0.250000 -5.750000
v 5.800000 -0.250000 -5.250000
v 5.800000 0.250000 -5.250000
v 5.800000 -0.250000 -4.750000
v 5.800000 0.250000 -4.750000
v 5.800000 -0.250000 -4.250000
v 5.800000 0.250000 -4.250000
v 5.800000 -0.250000 -3.750000
v 5.800000 0.250000 -3.750000
v 5.800000 -0.250000 -3.250000
v 5.800000 0.250000 -3.250000
v 5.800000 -0.250000 -2.750000
v 5.800000 0.250000 -2.750000
v 5.800000 -0.250000 -2.250000
v 5.800000 0.250000 -2.250000
v 5.800000 -0.250000 -1.750000
v 5.800000 0.250000 -1.750000
v 5.800000 -0.250000 -1.250000
v 5.800000 0.250000 -1.250000
v 5.800000 -0.250000 -0.750000
v 5.800000 0.250000 -0.750000
v 5.800000 -0.250000 -0.250000
v 5.800000 0.250000 -0.250000
v 5.800000 -0.250000 0.250000
v 5.800000 0.250000 0.250000
v 5.800000 -0.250000 0.750000
v 5.800000 0.250000 0.750000
v 5.800000 -0.250000 1.250000
v 5.800000 0.250000 1.250000
v 5.800000 -0.250000 1.750000
v 5.800000 0.250000 1.750000
v 5.800000 -0.250000 2.250000
v 5.800000 0.250000 2.250000
v 5.800000 -0.250000 2.750000
v 5.800000 0.250000 2.750000
v 5.800000 -0.250000 3.250000
v 5.800000 0.250000 3.250000
v 5.800000 -0.250000 3.750000
v 5.800000 0.250000 3.750000
v 5.800000 -0.250000 4.250000
v 5.800000 0.250000 4.250000
v 5.800000 -0.250000 4.750000
v 5.800000 0.250000 4.750000
v 5.800000 -0.250000 5.250000
v 5.800000 0.250000 5.250000
v 5.800000 -0.250000 5.750000
v 5.800000 0.250000 5.750000
v 5.800000 -0.250000 6.250000
v 5.800000 0.250000 6.250000
v 5.800000 -0.250000 6.750000
v 5.800000 0.250000 6.750000
v 5.800000 -0.250000 7.250000
v 5.800000 0.250000 7.250000
v 5.800000 -0.250000 7.750000
v 5.800000 0.250000 7.750000
v 5.800000 -0.250000 8.250000
v 5.800000 0.250000 8.250000
v 5.800000 -0.250000 8.750000
v 5.800000 0.250000 8.750000
v 5.800000 -0.250000 9.250000
v 5.800000 0.250000 9.250000
v 5.800000 -0.250000 9.750000
v 5.800000 0.250000 9.750000
v 5.800000 -0.250000 10.250000
v 5.800000 0.250000 10.250000
v 5.800000 -0.250000 10.750000
v 5.800000 0.250000 10.750000
v 5.800000 -0.250000 11.250000
v 5.800000 0.250000 11.250000
v 5.800000 -0.250000 11.750000
v 5.800000 0.250000 11.750000
v 5.800000 -0.250000 12.250000
v 5.800000 0.250000 12.250000
v 5.800000 -0.250000 12.750000
v 5.800000 0.250000 12.750000
v 5.800000 -0.250000 13.250000
v 5.800000 0.250000 13.250000
v 5.800000 -0.250000 13.750000
v 5.800000 0.250000 13.750000
v 5.800000 -0.250000 14.250000
v 5.800000 0.250000 14.250000
v 5.800000 -0.250000 14.750000
v 5.800000 0.250000 14.750000
v 5.800000 -0.250000 15.250000
v 5.800000 0.250000 15.250000
v 5.800000 -0.250000 15.750000
v 5.800000 0.250000 15.750000
v 5.800000 -0.250000 16.250000
v 5.800000 0.250000 16.250000
v 5.800000 -0.250000 16.750000
v 5.800000 0.250000 16.750000
v 5.800000 -0.250000 17.250000
v 5.800000 0.250000 17.250000
v 5.800000 -0.250000 17.750000
v 5.800000 0.250000 17.750000
v 5.800000 -0.250000 18.250000
v 5.800000 0.250000 18.250000
v 5.800000 -0.250000 18.750000
v 5.800000 0.250000 18.750000
v 5.800000 -0.250000 19.250000
v 5.800000 0.250000 19.250000
v 5.800000 -0.250000 19.750000
v 5.800000 0.250000 19.750000
v 5.799980 -0.250000 20.250000
v 5.799980 0.250000 20.250000
v 5.799880 -0.250000 20.750000
v 5.799880 0.250000 20.750000
v 5.799490 -0.250000 21.250000
v 5.799470 0.250000 21.250000
v 5.798230 -0.250000 21.750000
v 5.798160 0.250000 21.750000
v 5.794840 -0.250000 22.250000
v 5.794620 0.250000 22.250000
v 5.787010 -0.250000 22.750000
v 5.786480 0.250000 22.750000
v 5.771130 -0.250000 23.250000
v 5.769980 0.250000 23.250000
v 5.742110 -0.250000 23.750000
v 5.739940 0.250000 23.750000
v 5.693540 -0.250000 24.250000
v 5.689850 0.250000 24.250000
v 5.618090 -0.250000 24.750000
v 5.612420 0.250000 24.750000
v 5.508780 -0.250000 25.250000
v 5.500690 0.250000 25.250000
v 5.360900 -0.250000 25.750000
v 5.350170 0.250000 25.750000
v 5.174420 -0.250000 26.250000
v 5.161140 0.250000 26.250000
v 4.955440 -0.250000 26.750000
v 4.940090 0.250000 26.750000
v 4.715410 -0.250000 27.250000
v 4.698900 0.250000 27.250000
v 4.468210 -0.250000 27.750000
v 4.451620 0.250000 27.750000
v 4.226190 -0.250000 28.250000
v 4.210570 0.250000 28.250000
v 3.997190 -0.250000 28.750000
v 3.983320 0.250000 28.750000
v 3.784050 -0.250000 29.250000
v 3.772450 0.250000 29.250000
v 3.586380 -0.250000 29.750000
v 3.577250 0.250000 29.750000
v 3.403180 -0.250000 30.250000
v 3.396650 0.250000 30.250000
v 3.234740 -0.250000 30.750000
v 3.230920 0.250000 30.750000
v 3.082310 -0.250000 31.250000
v 3.081410 0.250000 31.250000
v 2.946530 -0.250000 31.750000
v 2.948700 0.250000 31.750000
v 2.825910 -0.250000 32.250000
v 2.831030 0.250000 32.250000
v 2.717380 -0.250000 32.750000
v 2.724750 0.250000 32.750000
v 2.618460 -0.250000 33.250000
v 2.626860 0.250000 33.250000
v 2.529590 -0.250000 33.750000
v 2.537630 0.250000 33.750000
v 2.454510 -0.250000 34.250000
v 2.461140 0.250000 34.250000
v 2.398540 -0.250000 34.750000
v 2.403510 0.250000 34.750000
v 2.366450 -0.250000 35.250000
v 2.370260 0.250000 35.250000
v 2.361180 -0.250000 35.750000
v 2.364930 0.250000 35.750000
v 2.384120 -0.250000 36.250000
v 2.389010 0.250000 36.250000
v 2.435660 -0.250000 36.750000
v 2.442620 0.250000 36.750000
v 2.515700 -0.250000 37.250000
v 2.525140 0.250000 37.250000
v 2.623970 -0.250000 37.750000
v 2.635680 0.250000 37.750000
v 2.760320 -0.250000 38.250000
v 2.773690 0.250000 38.250000
v 2.924740 -0.250000 38.750000
v 2.939030 0.250000 38.750000
v 3.116530 -0.250000 39.250000
v 3.131140 0.250000 39.250000
v 3.333000 -0.250000 39.750000
v 3.347510 0.250000 39.750000
v 3.567970 -0.250000 40.250000
v 3.582130 0.250000 40.250000
v 3.811170 -0.250000 40.750000
v 3.824770 0.250000 40.750000
v 4.048780 -0.250000 41.250000
v 4.061570 0.250000 41.250000
v 4.265500 -0.250000 41.750000
v 4.277160 0.250000 41.750000
v 4.447870 -0.250000 42.250000
v 4.457980 0.250000 42.250000
v 4.743730 -0.250000 43.750000
v 4.747650 0.250000 43.750000
v 4.690360 0.250000 43.250000
v 4.684360 -0.250000 43.250000
v 4.775630 -0.250000 44.250000
v 4.777780 0.250000 44.250000
v 4.789750 -0.250000 44.750000
v 4.790500 0.250000 44.750000
v 4.792350 -0.250000 45.250000
v 4.791830 0.250000 45.250000
v 4.783950 -0.250000 45.750000
v 4.781770 0.250000 45.750000
v 4.757700 -0.250000 46.250000
v 4.752530 0.250000 46.250000
v 4.698690 -0.250000 46.750000
v 4.688160 0.250000 46.750000
v 4.586610 -0.250000 47.250000
v 4.567020 0.250000 47.250000
v 4.402580 -0.250000 47.750000
v 4.370090 0.250000 47.750000
v 4.139230 -0.250000 48.250000
v 4.091160 0.250000 48.250000
v 3.806900 -0.250000 48.750000
v 3.744190 0.250000 48.750000
v 3.432230 -0.250000 49.250000
v 3.359530 0.250000 49.250000
v 3.048490 -0.250000 49.750000
v 2.973490 0.250000 49.750000
v 2.687500 -0.250000 50.250000
v 2.617500 0.250000 50.250000
v 2.376630 -0.250000 50.750000
v 2.317500 0.250000 50.750000
v 2.141380 -0.250000 51.250000
v 2.097900 0.250000 51.250000
v 2.002010 -0.250000 51.750000
v 1.985220 0.250000 51.750000
v -9.884710 0.750000 -50.250000
v -10.409310 0.750000 -50.750000
v -9.180180 0.750000 -49.750000
v -8.545600 0.750000 -49.250000
v -8.043020 0.750000 -48.750000
v -7.684940 0.750000 -48.250000
v -7.570010 0.750000 -47.750000
v -7.709330 0.750000 -47.250000
v -7.975110 0.750000 -46.750000
v -8.151170 0.750000 -46.250000
v -8.046040 0.750000 -45.750000
v -7.591420 0.750000 -45.250000
v -6.853020 0.750000 -44.750000
v -5.960510 0.750000 -44.250000
v -5.019210 0.750000 -43.750000
v -4.079280 0.750000 -43.250000
v -3.164890 0.750000 -42.750000
v -2.315150 0.750000 -42.250000
v -1.587290 0.750000 -41.750000
v -1.024160 0.750000 -41.250000
v -0.623490 0.750000 -40.750000
v -0.335510 0.750000 -40.250000
v -0.087680 0.750000 -39.750000
v 0.185930 0.750000 -39.250000
v 0.522440 0.750000 -38.750000
v 0.921740 0.750000 -38.250000
v 1.348060 0.750000 -37.750000
v 1.747330 0.750000 -37.250000
v 2.072140 0.750000 -36.750000
v 2.306890 0.750000 -36.250000
v 2.471740 0.750000 -35.750000
v 2.606740 0.750000 -35.250000
v 2.743880 0.750000 -34.750000
v 2.892180 0.750000 -34.250000
v 3.040520 0.750000 -33.750000
v 3.174630 0.750000 -33.250000
v 3.289450 0.750000 -32.750000
v 3.391050 0.750000 -32.250000
v 3.489200 0.750000 -31.750000
v 3.590720 0.750000 -31.250000
v 3.697760 0.750000 -30.750000
v 3.810680 0.750000 -30.250000
v 3.930800 0.750000 -29.750000
v 4.060830 0.750000 -29.250000
v 4.203530 0.750000 -28.750000
v 4.360240 0.750000 -28.250000
v 4.530400 0.750000 -27.750000
v 4.711270 0.750000 -27.250000
v 4.897630 0.750000 -26.750000
v 5.081450 0.750000 -26.250000
v 5.253130 0.750000 -25.750000
v 5.403690 0.750000 -25.250000
v 5.527390 0.750000 -24.750000
v 5.622650 0.750000 -24.250000
v 5.691580 0.750000 -23.750000
v 5.738310 0.750000 -23.250000
v 5.767800 0.750000 -22.750000
v 5.784820 0.750000 -22.250000
v 5.793650 0.750000 -21.750000
v 5.797690 0.750000 -21.250000
v 5.799280 0.750000 -20.750000
v 5.799810 0.750000 -20.250000
v 5.799960 0.750000 -19.750000
v 5.799990 0.750000 -19.250000
v 5.800000 0.750000 -18.750000
v 5.800000 0.750000 -18.250000
v 5.800000 0.750000 -17.750000
v 5.800000 0.750000 -17.250000
v 5.800000 0.750000 -16.750000
v 5.800000 0.750000 -16.250000
v 5.800000 0.750000 -15.750000
v 5.800000 0.750000 -15.250000
v 5.800000 0.750000 -14.750000
v 5.800000 0.750000 -14.250000
v 5.800000 0.750000 -13.750000
v 5.800000 0.750000 -13.250000
v 5.800000 0.750000 -12.750000
v 5.800000 0.750000 -12.250000
v 5.800000 0.750000 -11.750000
v 5.800000 0.750000 -11.250000
v 5.800000 0.750000 -10.750000
v 5.800000 0.750000 -10.250000
v 5.800000 0.750000 -9.750000
v 5.800000 0.750000 -9.250000
v 5.800000 0.750000 -8.750000
v 5.800000 0.750000 -8.250000
v 5.800000 0.750000 -7.750000
v 5.800000 0.750000 -7.250000
v 5.800000 0.750000 -6.750000
v 5.800000 0.750000 -6.250000
v 5.800000 0.750000 -5.750000
v 5.800000 0.750000 -5.250000
v 5.800000 0.750000 -4.750000
v 5.800000 0.750000 -4.250000
v 5.800000 0.750000 -3.750000
v 5.800000 0.750000 -3.250000
v 5.800000 0.750000 -2.750000
v 5.800000 0.750000 -2.250000
v 5.800000 0.750000 -1.750000
v 5.800000 0.750000 -1.250000
v 5.800000 0.750000 -0.750000
v 5.800000 0.750000 -0.250000
v 5.800000 0.750000 0.250000
v 5.800000 0.750000 0.750000
v 5.800000 0.750000 1.250000
v 5.800000 0.750000 1.750000
v 5.800000 0.750000 2.250000
v 5.800000 0.750000 2.750000
v 5.800000 0.750000 3.250000
v 5.800000 0.750000 3.750000
v 5.800000 0.750000 4.250000
v 5.800000 0.750000 4.750000
v 5.800000 0.750000 5.250000
v 5.800000 0.750000 5.750000
v 5.800000 0.750000 6.250000
v 5.800000 0.750000 6.750000
v 5.800000 0.750000 7.250000
v 5.800000 0.750000 7.750000
v 5.800000 0.750000 8.250000
v 5.800000 0.750000 8.750000
v 5.800000 0.750000 9.250000
v 5.800000 0.750000 9.750000
v 5.800000 0.750000 10.250000
v 5.800000 0.750000 10.750000
v 5.800000 0.750000 11.250000
v 5.800000 0.750000 11.750000
v 5.800000 0.750000 12.250000
v 5.800000 0.750000 12.750000
v 5.800000 0.750000 13.250000
v 5.800000 0.750000 13.750000
v 5.800000 0.750000 14.250000
v 5.800000 0.750000 14.750000
v 5.800000 0.750000 15.250000
v 5.800000 0.750000 15.750000
v 5.800000 0.750000 16.250000
v 5.800000 0.750000 16.750000
v 5.800000 0.750000 17.250000
v 5.800000 0.750000 17.750000
v 5.800000 0.750000 18.250000
v 5.800000 0.750000 18.750000
v 5.800000 0.750000 19.250000
v 5.799990 0.750000 19.750000
v 5.799960 0.750000 20.250000
v 5.799810 0.750000 20.750000
v 5.799270 0.750000 21.250000
v 5.797650 0.750000 21.750000
v 5.793480 0.750000 22.250000
v 5.784170 0.750000 22.750000
v 5.765800 0.750000 23.250000
v 5.733000 0.750000 23.750000
v 5.679270 0.750000 24.250000
v 5.597480 0.750000 24.750000
v 5.481180 0.750000 25.250000
v 5.326530 0.750000 25.750000
v 5.134590 0.750000 26.250000
v 4.912370 0.750000 26.750000
v 4.671790 0.750000 27.250000
v 4.426560 0.750000 27.750000
v 4.188370 0.750000 28.250000
v 3.964370 0.750000 28.750000
v 3.756910 0.750000 29.250000
v 3.565420 0.750000 29.750000
v 3.388880 0.750000 30.250000
v 3.227590 0.750000 30.750000
v 3.082670 0.750000 31.250000
v 2.954450 0.750000 31.750000
v 2.840750 0.750000 32.250000
v 2.737510 0.750000 32.750000
v 2.641300 0.750000 33.250000
v 2.552180 0.750000 33.750000
v 2.474530 0.750000 34.250000
v 2.415190 0.750000 34.750000
v 2.380750 0.750000 35.250000
v 2.375570 0.750000 35.750000
v 2.401450 0.750000 36.250000
v 2.458210 0.750000 36.750000
v 2.544440 0.750000 37.250000
v 2.658410 0.750000 37.750000
v 2.798950 0.750000 38.250000
v 2.965590 0.750000 38.750000
v 3.157730 0.750000 39.250000
v 3.372920 0.750000 39.750000
v 3.605240 0.750000 40.250000
v 3.844640 0.750000 40.750000
v 4.077580 0.750000 41.250000
v 4.289120 0.750000 41.750000
v 4.466180 0.750000 42.250000
v 4.748970 0.750000 43.750000
v 4.693200 0.750000 43.250000
v 4.778060 0.750000 44.250000
v 4.789690 0.750000 44.750000
v 4.789150 0.750000 45.250000
v 4.775300 0.750000 45.750000
v 4.739020 0.750000 46.250000
v 4.662860 0.750000 46.750000
v 4.524860 0.750000 47.250000
v 4.306910 0.750000 47.750000
v 4.006380 0.750000 48.250000
v 3.641590 0.750000 48.750000
v 3.247730 0.750000 49.250000
v 2.863110 0.750000 49.750000
v 2.519080 0.750000 50.250000
v 2.238060 0.750000 50.750000
v 2.040520 0.750000 51.250000
v 1.947590 0.750000 51.750000
v -8.477970 1.250000 -48.750000
v -8.661060 1.250000 -49.250000
v -8.290520 1.250000 -48.250000
v -8.245030 1.250000 -47.750000
v -8.363050 1.250000 -47.250000
v -8.534620 1.250000 -46.750000
v -8.573460 1.250000 -46.250000
v -8.319260 1.250000 -45.750000
v -7.721550 1.250000 -45.250000
v -6.850780 1.250000 -44.750000
v -5.833520 1.250000 -44.250000
v -4.776670 1.250000 -43.750000
v -3.737140 1.250000 -43.250000
v -2.746850 1.250000 -42.750000
v -1.846440 1.250000 -42.250000
v -1.087730 1.250000 -41.750000
v -0.506060 1.250000 -41.250000
v -0.094320 1.250000 -40.750000
v 0.196360 1.250000 -40.250000
v 0.433930 1.250000 -39.750000
v 0.677730 1.250000 -39.250000
v 0.961300 1.250000 -38.750000
v 1.285440 1.250000 -38.250000
v 1.622970 1.250000 -37.750000
v 1.931950 1.250000 -37.250000
v 2.178390 1.250000 -36.750000
v 2.354020 1.250000 -36.250000
v 2.480850 1.250000 -35.750000
v 2.594480 1.250000 -35.250000
v 2.722130 1.250000 -34.750000
v 2.868050 1.250000 -34.250000
v 3.018730 1.250000 -33.750000
v 3.157470 1.250000 -33.250000
v 3.277390 1.250000 -32.750000
v 3.382710 1.250000 -32.250000
v 3.482550 1.250000 -31.750000
v 3.583880 1.250000 -31.250000
v 3.689600 1.250000 -30.750000
v 3.800710 1.250000 -30.250000
v 3.918910 1.250000 -29.750000
v 4.047120 1.250000 -29.250000
v 4.188290 1.250000 -28.750000
v 4.343990 1.250000 -28.250000
v 4.513750 1.250000 -27.750000
v 4.694780 1.250000 -27.250000
v 4.881570 1.250000 -26.750000
v 5.066030 1.250000 -26.250000
v 5.238530 1.250000 -25.750000
v 5.390310 1.250000 -25.250000
v 5.515620 1.250000 -24.750000
v 5.612870 1.250000 -24.250000
v 5.683920 1.250000 -23.750000
v 5.732740 1.250000 -23.250000
v 5.764030 1.250000 -22.750000
v 5.782500 1.250000 -22.250000
v 5.792370 1.250000 -21.750000
v 5.797070 1.250000 -21.250000
v 5.799020 1.250000 -20.750000
v 5.799720 1.250000 -20.250000
v 5.799930 1.250000 -19.750000
v 5.799990 1.250000 -19.250000
v 5.800000 1.250000 -18.750000
v 5.800000 1.250000 -18.250000
v 5.800000 1.250000 -17.750000
v 5.800000 1.250000 -17.250000
v 5.800000 1.250000 -16.750000
v 5.800000 1.250000 -16.250000
v 5.800000 1.250000 -15.750000
v 5.800000 1.250000 -15.250000
v 5.800000 1.250000 -14.750000
v 5.800000 1.250000 -14.250000
v 5.800000 1.250000 -13.750000
v 5.800000 1.250000 -13.250000
v 5.800000 1.250000 -12.750000
v 5.800000 1.250000 -12.250000
v 5.800000 1.250000 -11.750000
v 5.800000 1.250000 -11.250000
v 5.800000 1.250000 -10.750000
v 5.800000 1.250000 -10.250000
v 5.800000 1.250000 -9.750000
v 5.800000 1.250000 -9.250000
v 5.800000 1.250000 -8.750000
v 5.800000 1.250000 -8.250000
v 5.800000 1.250000 -7.750000
v 5.800000 1.250000 -7.250000
v 5.800000 1.250000 -6.750000
v 5.800000 1.250000 -6.250000
v 5.800000 1.250000 -5.750000
v 5.800000 1.250000 -5.250000
v 5.800000 1.250000 -4.750000
v 5.800000 1.250000 -4.250000
v 5.800000 1.250000 -3.750000
v 5.800000 1.250000 -3.250000
v 5.800000 1.250000 -2.750000
v 5.800000 1.250000 -2.250000
v 5.800000 1.250000 -1.750000
v 5.800000 1.250000 -1.250000
v 5.800000 1.250000 -0.750000
v 5.800000 1.250000 -0.250000
v 5.800000 1.250000 0.250000
v 5.800000 1.250000 0.750000
v 5.800000 1.250000 1.250000
v 5.800000 1.250000 1.750000
v 5.800000 1.250000 2.250000
v 5.800000 1.250000 2.750000
v 5.800000 1.250000 3.250000
v 5.800000 1.250000 3.750000
v 5.800000 1.250000 4.250000
v 5.800000 1.250000 4.750000
v 5.800000 1.250000 5.250000
v 5.800000 1.250000 5.750000
v 5.800000 1.250000 6.250000
v 5.800000 1.250000 6.750000
v 5.800000 1.250000 7.250000
v 5.800000 1.250000 7.750000
v 5.800000 1.250000 8.250000
v 5.800000 1.250000 8.750000
v 5.800000 1.250000 9.250000
v 5.800000 1.250000 9.750000
v 5.800000 1.250000 10.250000
v 5.800000 1.250000 10.750000
v 5.800000 1.250000 11.250000
v 5.800000 1.250000 11.750000
v 5.800000 1.250000 12.250000
v 5.800000 1.250000 12.750000
v 5.800000 1.250000 13.250000
v 5.800000 1.250000 13.750000
v 5.800000 1.250000 14.250000
v 5.800000 1.250000 14.750000
v 5.800000 1.250000 15.250000
v 5.800000 1.250000 15.750000
v 5.800000 1.250000 16.250000
v 5.800000 1.250000 16.750000
v 5.800000 1.250000 17.250000
v 5.800000 1.250000 17.750000
v 5.800000 1.250000 18.250000
v 5.800000 1.250000 18.750000
v 5.800000 1.250000 19.250000
v 5.799990 1.250000 19.750000
v 5.799930 1.250000 20.250000
v 5.799720 1.250000 20.750000
v 5.799000 1.250000 21.250000
v 5.797000 1.250000 21.750000
v 5.792100 1.250000 22.250000
v 5.781580 1.250000 22.750000
v 5.761350 1.250000 23.250000
v 5.726010 1.250000 23.750000
v 5.669090 1.250000 24.250000
v 5.583770 1.250000 24.750000
v 5.464070 1.250000 25.250000
v 5.306900 1.250000 25.750000
v 5.113860 1.250000 26.250000
v 4.892180 1.250000 26.750000
v 4.653500 1.250000 27.250000
v 4.410870 1.250000 27.750000
v 4.175340 1.250000 28.250000
v 3.953720 1.250000 28.750000
v 3.748470 1.250000 29.250000
v 3.559290 1.250000 29.750000
v 3.385440 1.250000 30.250000
v 3.227110 1.250000 30.750000
v 3.085190 1.250000 31.250000
v 2.959600 1.250000 31.750000
v 2.848030 1.250000 32.250000
v 2.746380 1.250000 32.750000
v 2.651270 1.250000 33.250000
v 2.562740 1.250000 33.750000
v 2.485120 1.250000 34.250000
v 2.425480 1.250000 34.750000
v 2.390790 1.250000 35.250000
v 2.385930 1.250000 35.750000
v 2.412940 1.250000 36.250000
v 2.471540 1.250000 36.750000
v 2.559920 1.250000 37.250000
v 2.675950 1.250000 37.750000
v 2.818040 1.250000 38.250000
v 2.985430 1.250000 38.750000
v 3.177300 1.250000 39.250000
v 3.391070 1.250000 39.750000
v 3.620800 1.250000 40.250000
v 3.856640 1.250000 40.750000
v 4.085480 1.250000 41.250000
v 4.293010 1.250000 41.750000
v 4.466820 1.250000 42.250000
v 4.746860 1.250000 43.750000
v 4.691020 1.250000 43.250000
v 4.776260 1.250000 44.250000
v 4.787740 1.250000 44.750000
v 4.785800 1.250000 45.250000
v 4.768480 1.250000 45.750000
v 4.725700 1.250000 46.250000
v 4.639680 1.250000 46.750000
v 4.488960 1.250000 47.250000
v 4.257590 1.250000 47.750000
v 3.945360 1.250000 48.250000
v 3.573320 1.250000 48.750000
v 3.177690 1.250000 49.250000
v 2.797490 1.250000 49.750000
v 2.463120 1.250000 50.250000
v 2.195870 1.250000 50.750000
v 2.013030 1.250000 51.250000
v 1.931790 1.250000 51.750000
f 2423 2424 2425
f 2423 2425 2426
f 2427 2428 2424
f 2427 2424 2423
f 2429 2430 2428
f 2429 2428 2427
f 2431 2432 2430
f 2431 2430 2429
f 2433 2434 2432
f 2433 2432 2431
f 2435 2436 2434
f 2435 2434 2433
f 2437 2438 2436
f 2437 2436 2435
f 2439 2440 2438
f 2439 2438 2437
f 2441 2442 2440
f 2441 2440 2439
f 2443 2444 2442
f 2443 2442 2441
f 2445 2446 2444
f 2445 2444 2443
f 2447 2448 2446
f 2447 2446 2445
f 2449 2450 2448
f 2449 2448 2447
f 2451 2452 2450
f 2451 2450 2449
f 2453 2454 2452
f 2453 2452 2451
f 2455 2456 2454
f 2455 2454 2453
f 2457 2458 2456
f 2457 2456 2455
f 2459 2460 2458
f 2459 2458 2457
f 2461 2462 2460
f 2461 2460 2459
f 2463 2464 2462
f 2463 2462 2461
f 2465 2466 2464
f 2465 2464 2463
f 2467 2468 2466
f 2467 2466 2465
f 2469 2470 2468
f 2469 2468 2467
f 2471 2472 2470
f 2471 2470 2469
f 2473 2474 2472
f 2473 2472 2471
f 2475 2476 2474
f 2475 2474 2473
f 2477 2478 2476
f 2477 2476 2475
f 2479 2480 2478
f 2479 2478 2477
f 2481 2482 2480
f 2481 2480 2479
f 2483 2484 2482
f 2483 2482 2481
f 2485 2486 2484
f 2485 2484 2483
f 2487 2488 2486
f 2487 2486 2485
f 2489 2490 2488
f 2489 2488 2487
f 2491 2492 2490
f 2491 2490 2489
f 2493 2494 2492
f 2493 2492 2491
f 2495 2496 2494
f 2495 2494 2493
f 2497 2498 2496
f 2497 2496 2495
f 2499 2500 2498
f 2499 2498 2497
f 2501 2502 2500
f 2501 2500 2499
f 2503 2504 2502
f 2503 2502 2501
f 2505 2506 2504
f 2505 2504 2503
f 2507 2508 2506
f 2507 2506 2505
f 2509 2510 2508
f 2509 2508 2507
f 2511 2512 2510
f 2511 2510 2509
f 2513 2514 2512
f 2513 2512 2511
f 2515 2516 2514
f 2515 2514 2513
f 2517 2518 2516
f 2517 2516 2515
f 2519 2520 2518
f 2519 2518 2517
f 2521 2522 2520
f 2521 2520 2519
f 2523 2524 2522
f 2523 2522 2521
f 2525 2526 2524
f 2525 2524 2523
f 2527 2528 2526
f 2527 2526 2525
f 2529 2530 2528
f 2529 2528 2527
f 2531 2532 2530
f 2531 2530 2529
f 2533 2534 2532
f 2533 2532 2531
f 2535 2536 2534
f 2535 2534 2533
f 2537 2538 2536
f 2537 2536 2535
f 2539 2540 2538
f 2539 2538 2537
f 2541 2542 2540
f 2541 2540 2539
f 2543 2544 2542
f 2543 2542 2541
f 2545 2546 2544
f 2545 2544 2543
f 2547 2548 2546
f 2547 2546 2545
f 2549 2550 2548
f 2549 2548 2547
f 2551 2552 2550
f 2551 2550 2549
f 2553 2554 2552
f 2553 2552 2551
f 2555 2556 2554
f 2555 2554 2553
f 2557 2558 2556
f 2557 2556 2555
f 2559 2560 2558
f 2559 2558 2557
f 2561 2562 2560
f 2561 2560 2559
f 2563 2564 2562
f 2563 2562 2561
f 2565 2566 2564
f 2565 2564 2563
f 2567 2568 2566
f 2567 2566 2565
f 2569 2570 2568
f 2569 2568 2567
f 2571 2572 2570
f 2571 2570 2569
f 2573 2574 2572
f 2573 2572 2571
f 2575 2576 2574
f 2575 2574 2573
f 2577 2578 2576
f 2577 2576 2575
f 2579 2580 2578
f 2579 2578 2577
f 2581 2582 2580
f 2581 2580 2579
f 2583 2584 2582
f 2583 2582 2581
f 2585 2586 2584
f 2585 2584 2583
f 2587 2588 2586
f 2587 2586 2585
f 2589 2590 2588
f 2589 2588 2587
f 2591 2592 2590
f 2591 2590 2589
f 2593 2594 2592
f 2593 2592 2591
f 2595 2596 2594
f 2595 2594 2593
f 2597 2598 2596
f 2597 2596 2595
f 2599 2600 2598
f 2599 2598 2597
f 2601 2602 2600
f 2601 2600 2599
f 2603 2604 2602
f 2603 2602 2601
f 2605 2606 2604
f 2605 2604 2603
f 2607 2608 2606
f 2607 2606 2605
f 2609 2610 2608
f 2609 2608 2607
f 2611 2612 2610
f 2611 2610 2609
f 2613 2614 2612
f 2613 2612 2611
f 2615 2616 2614
f 2615 2614 2613
f 2617 2618 2616
f 2617 2616 2615
f 2619 2620 2618
f 2619 2618 2617
f 2621 2622 2620
f 2621 2620 2619
f 2623 2624 2622
f 2623 2622 2621
f 2625 2626 2624
f 2625 2624 2623
f 2627 2628 2626
f 2627 2626 2625
f 2629 2630 2628
f 2629 2628 2627
f 2631 2632 2630
f 2631 2630 2629
f 2633 2634 2632
f 2633 2632 2631
f 2635 2636 2634
f 2635 2634 2633
f 2637 2638 2636
f 2637 2636 2635
f 2639 2640 2638
f 2639 2638 2637
f 2641 2642 2640
f 2641 2640 2639
f 2643 2644 2642
f 2643 2642 2641
f 2645 2646 2644
f 2645 2644 2643
f 2647 2648 2646
f 2647 2646 2645
f 2649 2650 2648
f 2649 2648 2647
f 2651 2652 2650
f 2651 2650 2649
f 2653 2654 2652
f 2653 2652 2651
f 2655 2656 2654
f 2655 2654 2653
f 2657 2658 2656
f 2657 2656 2655
f 2659 2660 2658
f 2659 2658 2657
f 2661 2662 2660
f 2661 2660 2659
f 2663 2664 2662
f 2663 2662 2661
f 2665 2666 2664
f 2665 2664 2663
f 2667 2668 2666
f 2667 2666 2665
f 2669 2670 2668
f 2669 2668 2667
f 2671 2672 2670
f 2671 2670 2669
f 2673 2674 2672
f 2673 2672 2671
f 2675 2676 2674
f 2675 2674 2673
f 2677 2678 2676
f 2677 2676 2675
f 2679 2680 2678
f 2679 2678 2677
f 2681 2682 2680
f 2681 2680 2679
f 2683 2684 2682
f 2683 2682 2681
f 2685 2686 2684
f 2685 2684 2683
f 2687 2688 2686
f 2687 2686 2685
f 2689 2690 2688
f 2689 2688 2687
f 2691 2692 2690
f 2691 2690 2689
f 2693 2694 2692
f 2693 2692 2691
f 2695 2696 2694
f 2695 2694 2693
f 2697 2698 2696
f 2697 2696 2695
f 2699 2700 2698
f 2699 2698 2697
f 2701 2702 2700
f 2701 2700 2699
f 2703 2704 2702
f 2703 2702 2701
f 2705 2706 2704
f 2705 2704 2703
f 2707 2708 2706
f 2707 2706 2705
f 2709 2710 2708
f 2709 2708 2707
f 2711 2712 2710
f 2711 2710 2709
f 2713 2714 2712
f 2713 2712 2711
f 2715 2716 2714
f 2715 2714 2713
f 2717 2718 2716
f 2717 2716 2715
f 2719 2720 2718
f 2719 2718 2717
f 2721 2722 2720
f 2721 2720 2719
f 2723 2724 2722
f 2723 2722 2721
f 2725 2726 2724
f 2725 2724 2723
f 2727 2728 2726
f 2727 2726 2725
f 2729 2730 2728
f 2729 2728 2727
f 2731 2732 2730
f 2731 2730 2729
f 2733 2734 2732
f 2733 2732 2731
f 2735 2736 2734
f 2735 2734 2733
f 2737 2738 2736
f 2737 2736 2735
f 2739 2740 2738
f 2739 2738 2737
f 2741 2742 2740
f 2741 2740 2739
f 2743 2744 2742
f 2743 2742 2741
f 2745 2746 2744
f 2745 2744 2743
f 2747 2748 2746
f 2747 2746 2745
f 2749 2750 2748
f 2749 2748 2747
f 2751 2752 2750
f 2751 2750 2749
f 2753 2754 2752
f 2753 2752 2751
f 2755 2756 2754
f 2755 2754 2753
f 2757 2758 2756
f 2757 2756 2755
f 2759 2760 2758
f 2759 2758 2757
f 2761 2762 2760
f 2761 2760 2759
f 2763 2764 2762
f 2763 2762 2761
f 2765 2766 2764
f 2765 2764 2763
f 2767 2768 2766
f 2767 2766 2765
f 2769 2770 2768
f 2769 2768 2767
f 2771 2772 2770
f 2771 2770 2769
f 2773 2774 2772
f 2773 2772 2771
f 2775 2776 2774
f 2775 2774 2773
f 2777 2778 2776
f 2777 2776 2775
f 2779 2780 2778
f 2779 2778 2777
f 2781 2782 2780
f 2781 2780 2779
f 2783 2784 2782
f 2783 2782 2781
f 2785 2786 2784
f 2785 2784 2783
f 2787 2788 2786
f 2787 2786 2785
f 2789 2790 2788
f 2789 2788 2787
f 2791 2792 2790
f 2791 2790 2789
f 2793 2794 2792
f 2793 2792 2791
f 2795 2796 2794
f 2795 2794 2793
f 2797 2798 2796
f 2797 2796 2795
f 2799 2800 2798
f 2799 2798 2797
f 2801 2802 2800
f 2801 2800 2799
f 2803 2804 2802
f 2803 2802 2801
f 2805 2806 2807
f 2805 2807 2808
f 2809 2810 2806
f 2809 2806 2805
f 2811 2812 2810
f 2811 2810 2809
f 2813 2814 2812
f 2813 2812 2811
f 2815 2816 2814
f 2815 2814 2813
f 2817 2818 2816
f 2817 2816 2815
f 2819 2820 2818
f 2819 2818 2817
f 2821 2822 2820
f 2821 2820 2819
f 2823 2824 2822
f 2823 2822 2821
f 2825 2826 2824
f 2825 2824 2823
f 2827 2828 2826
f 2827 2826 2825
f 2829 2830 2828
f 2829 2828 2827
f 2831 2832 2830
f 2831 2830 2829
f 2833 2834 2832
f 2833 2832 2831
f 2835 2836 2834
f 2835 2834 2833
f 2837 2838 2836
f 2837 2836 2835
f 2839 2840 2838
f 2839 2838 2837
f 2434 2841 2842
f 2434 2842 2432
f 2436 2843 2841
f 2436 2841 2434
f 2438 2844 2843
f 2438 2843 2436
f 2440 2845 2844
f 2440 2844 2438
f 2442 2846 2845
f 2442 2845 2440
f 2444 2847 2846
f 2444 2846 2442
f 2446 2848 2847
f 2446 2847 2444
f 2448 2849 2848
f 2448 2848 2446
f 2450 2850 2849
f 2450 2849 2448
f 2452 2851 2850
f 2452 2850 2450
f 2454 2852 2851
f 2454 2851 2452
f 2456 2853 2852
f 2456 2852 2454
f 2458 2854 2853
f 2458 2853 2456
f 2460 2855 2854
f 2460 2854 2458
f 2462 2856 2855
f 2462 2855 2460
f 2464 2857 2856
f 2464 2856 2462
f 2466 2858 2857
f 2466 2857 2464
f 2468 2859 2858
f 2468 2858 2466
f 2470 2860 2859
f 2470 2859 2468
f 2472 2861 2860
f 2472 2860 2470
f 2474 2862 2861
f 2474 2861 2472
f 2476 2863 2862
f 2476 2862 2474
f 2478 2864 2863
f 2478 2863 2476
f 2480 2865 2864
f 2480 2864 2478
f 2482 2866 2865
f 2482 2865 2480
f 2484 2867 2866
f 2484 2866 2482
f 2486 2868 2867
f 2486 2867 2484
f 2488 2869 2868
f 2488 2868 2486
f 2490 2870 2869
f 2490 2869 2488
f 2492 2871 2870
f 2492 2870 2490
f 2494 2872 2871
f 2494 2871 2492
f 2496 2873 2872
f 2496 2872 2494
f 2498 2874 2873
f 2498 2873 2496
f 2500 2875 2874
f 2500 2874 2498
f 2502 2876 2875
f 2502 2875 2500
f 2504 2877 2876
f 2504 2876 2502
f 2506 2878 2877
f 2506 2877 2504
f 2508 2879 2878
f 2508 2878 2506
f 2510 2880 2879
f 2510 2879 2508
f 2512 2881 2880
f 2512 2880 2510
f 2514 2882 2881
f 2514 2881 2512
f 2516 2883 2882
f 2516 2882 2514
f 2518 2884 2883
f 2518 2883 2516
f 2520 2885 2884
f 2520 2884 2518
f 2522 2886 2885
f 2522 2885 2520
f 2524 2887 2886
f 2524 2886 2522
f 2526 2888 2887
f 2526 2887 2524
f 2528 2889 2888
f 2528 2888 2526
f 2530 2890 2889
f 2530 2889 2528
f 2532 2891 2890
f 2532 2890 2530
f 2534 2892 2891
f 2534 2891 2532
f 2536 2893 2892
f 2536 2892 2534
f 2538 2894 2893
f 2538 2893 2536
f 2540 2895 2894
f 2540 2894 2538
f 2542 2896 2895
f 2542 2895 2540
f 2544 2897 2896
f 2544 2896 2542
f 2546 2898 2897
f 2546 2897 2544
f 2548 2899 2898
f 2548 2898 2546
f 2550 2900 2899
f 2550 2899 2548
f 2552 2901 2900
f 2552 2900 2550
f 2554 2902 2901
f 2554 2901 2552
f 2556 2903 2902
f 2556 2902 2554
f 2558 2904 2903
f 2558 2903 2556
f 2560 2905 2904
f 2560 2904 2558
f 2562 2906 2905
f 2562 2905 2560
f 2564 2907 2906
f 2564 2906 2562
f 2566 2908 2907
f 2566 2907 2564
f 2568 2909 2908
f 2568 2908 2566
f 2570 2910 2909
f 2570 2909 2568
f 2572 2911 2910
f 2572 2910 2570
f 2574 2912 2911
f 2574 2911 2572
f 2576 2913 2912
f 2576 2912 2574
f 2578 2914 2913
f 2578 2913 2576
f 2580 2915 2914
f 2580 2914 2578
f 2582 2916 2915
f 2582 2915 2580
f 2584 2917 2916
f 2584 2916 2582
f 2586 2918 2917
f 2586 2917 2584
f 2588 2919 2918
f 2588 2918 2586
f 2590 2920 2919
f 2590 2919 2588
f 2592 2921 2920
f 2592 2920 2590
f 2594 2922 2921
f 2594 2921 2592
f 2596 2923 2922
f 2596 2922 2594
f 2598 2924 2923
f 2598 2923 2596
f 2600 2925 2924
f 2600 2924 2598
f 2602 2926 2925
f 2602 2925 2600
f 2604 2927 2926
f 2604 2926 2602
f 2606 2928 2927
f 2606 2927 2604
f 2608 2929 2928
f 2608 2928 2606
f 2610 2930 2929
f 2610 2929 2608
f 2612 2931 2930
f 2612 2930 2610
f 2614 2932 2931
f 2614 2931 2612
f 2616 2933 2932
f 2616 2932 2614
f 2618 2934 2933
f 2618 2933 2616
f 2620 2935 2934
f 2620 2934 2618
f 2622 2936 2935
f 2622 2935 2620
f 2624 2937 2936
f 2624 2936 2622
f 2626 2938 2937
f 2626 2937 2624
f 2628 2939 2938
f 2628 2938 2626
f 2630 2940 2939
f 2630 2939 2628
f 2632 2941 2940
f 2632 2940 2630
f 2634 2942 2941
f 2634 2941 2632
f 2636 2943 2942
f 2636 2942 2634
f 2638 2944 2943
f 2638 2943 2636
f 2640 2945 2944
f 2640 2944 2638
f 2642 2946 2945
f 2642 2945 2640
f 2644 2947 2946
f 2644 2946 2642
f 2646 2948 2947
f 2646 2947 2644
f 2648 2949 2948
f 2648 2948 2646
f 2650 2950 2949
f 2650 2949 2648
f 2652 2951 2950
f 2652 2950 2650
f 2654 2952 2951
f 2654 2951 2652
f 2656 2953 2952
f 2656 2952 2654
f 2658 2954 2953
f 2658 2953 2656
f 2660 2955 2954
f 2660 2954 2658
f 2662 2956 2955
f 2662 2955 2660
f 2664 2957 2956
f 2664 2956 2662
f 2666 2958 2957
f 2666 2957 2664
f 2668 2959 2958
f 2668 2958 2666
f 2670 2960 2959
f 2670 2959 2668
f 2672 2961 2960
f 2672 2960 2670
f 2674 2962 2961
f 2674 2961 2672
f 2676 2963 2962
f 2676 2962 2674
f 2678 2964 2963
f 2678 2963 2676
f 2680 2965 2964
f 2680 2964 2678
f 2682 2966 2965
f 2682 2965 2680
f 2684 2967 2966
f 2684 2966 2682
f 2686 2968 2967
f 2686 2967 2684
f 2688 2969 2968
f 2688 2968 2686
f 2690 2970 2969
f 2690 2969 2688
f 2692 2971 2970
f 2692 2970 2690
f 2694 2972 2971
f 2694 2971 2692
f 2696 2973 2972
f 2696 2972 2694
f 2698 2974 2973
f 2698 2973 2696
f 2700 2975 2974
f 2700 2974 2698
f 2702 2976 2975
f 2702 2975 2700
f 2704 2977 2976
f 2704 2976 2702
f 2706 2978 2977
f 2706 2977 2704
f 2708 2979 2978
f 2708 2978 2706
f 2710 2980 2979
f 2710 2979 2708
f 2712 2981 2980
f 2712 2980 2710
f 2714 2982 2981
f 2714 2981 2712
f 2716 2983 2982
f 2716 2982 2714
f 2718 2984 2983
f 2718 2983 2716
f 2720 2985 2984
f 2720 2984 2718
f 2722 2986 2985
f 2722 2985 2720
f 2724 2987 2986
f 2724 2986 2722
f 2726 2988 2987
f 2726 2987 2724
f 2728 2989 2988
f 2728 2988 2726
f 2730 2990 2989
f 2730 2989 2728
f 2732 2991 2990
f 2732 2990 2730
f 2734 2992 2991
f 2734 2991 2732
f 2736 2993 2992
f 2736 2992 2734
f 2738 2994 2993
f 2738 2993 2736
f 2740 2995 2994
f 2740 2994 2738
f 2742 2996 2995
f 2742 2995 2740
f 2744 2997 2996
f 2744 2996 2742
f 2746 2998 2997
f 2746 2997 2744
f 2748 2999 2998
f 2748 2998 2746
f 2750 3000 2999
f 2750 2999 2748
f 2752 3001 3000
f 2752 3000 2750
f 2754 3002 3001
f 2754 3001 2752
f 2756 3003 3002
f 2756 3002 2754
f 2758 3004 3003
f 2758 3003 2756
f 2760 3005 3004
f 2760 3004 2758
f 2762 3006 3005
f 2762 3005 2760
f 2764 3007 3006
f 2764 3006 2762
f 2766 3008 3007
f 2766 3007 2764
f 2768 3009 3008
f 2768 3008 2766
f 2770 3010 3009
f 2770 3009 2768
f 2772 3011 3010
f 2772 3010 2770
f 2774 3012 3011
f 2774 3011 2772
f 2776 3013 3012
f 2776 3012 2774
f 2778 3014 3013
f 2778 3013 2776
f 2780 3015 3014
f 2780 3014 2778
f 2782 3016 3015
f 2782 3015 2780
f 2784 3017 3016
f 2784 3016 2782
f 2786 3018 3017
f 2786 3017 2784
f 2788 3019 3018
f 2788 3018 2786
f 2790 3020 3019
f 2790 3019 2788
f 2792 3021 3020
f 2792 3020 2790
f 2794 3022 3021
f 2794 3021 2792
f 2796 3023 3022
f 2796 3022 2794
f 2798 3024 3023
f 2798 3023 2796
f 2800 3025 3024
f 2800 3024 2798
f 2802 3026 3025
f 2802 3025 2800
f 2804 3027 3026
f 2804 3026 2802
f 2806 3028 3029
f 2806 3029 2807
f 2810 3030 3028
f 2810 3028 2806
f 2812 3031 3030
f 2812 3030 2810
f 2814 3032 3031
f 2814 3031 2812
f 2816 3033 3032
f 2816 3032 2814
f 2818 3034 3033
f 2818 3033 2816
f 2820 3035 3034
f 2820 3034 2818
f 2822 3036 3035
f 2822 3035 2820
f 2824 3037 3036
f 2824 3036 2822
f 2826 3038 3037
f 2826 3037 2824
f 2828 3039 3038
f 2828 3038 2826
f 2830 3040 3039
f 2830 3039 2828
f 2832 3041 3040
f 2832 3040 2830
f 2834 3042 3041
f 2834 3041 2832
f 2836 3043 3042
f 2836 3042 2834
f 2838 3044 3043
f 2838 3043 2836
f 2840 3045 3044
f 2840 3044 2838
f 2845 3046 3047
f 2845 3047 2844
f 2846 3048 3046
f 2846 3046 2845
f 2847 3049 3048
f 2847 3048 2846
f 2848 3050 3049
f 2848 3049 2847
f 2849 3051 3050
f 2849 3050 2848
f 2850 3052 3051
f 2850 3051 2849
f 2851 3053 3052
f 2851 3052 2850
f 2852 3054 3053
f 2852 3053 2851
f 2853 3055 3054
f 2853 3054 2852
f 2854 3056 3055
f 2854 3055 2853
f 2855 3057 3056
f 2855 3056 2854
f 2856 3058 3057
f 2856 3057 2855
f 2857 3059 3058
f 2857 3058 2856
f 2858 3060 3059
f 2858 3059 2857
f 2859 3061 3060
f 2859 3060 2858
f 2860 3062 3061
f 2860 3061 2859
f 2861 3063 3062
f 2861 3062 2860
f 2862 3064 3063
f 2862 3063 2861
f 2863 3065 3064
f 2863 3064 2862
f 2864 3066 3065
f 2864 3065 2863
f 2865 3067 3066
f 2865 3066 2864
f 2866 3068 3067
f 2866 3067 2865
f 2867 3069 3068
f 2867 3068 2866
f 2868 3070 3069
f 2868 3069 2867
f 2869 3071 3070
f 2869 3070 2868
f 2870 3072 3071
f 2870 3071 2869
f 2871 3073 3072
f 2871 3072 2870
f 2872 3074 3073
f 2872 3073 2871
f 2873 3075 3074
f 2873 3074 2872
f 2874 3076 3075
f 2874 3075 2873
f 2875 3077 3076
f 2875 3076 2874
f 2876 3078 3077
f 2876 3077 2875
f 2877 3079 3078
f 2877 3078 2876
f 2878 3080 3079
f 2878 3079 2877
f 2879 3081 3080
f 2879 3080 2878
f 2880 3082 3081
f 2880 3081 2879
f 2881 3083 3082
f 2881 3082 2880
f 2882 3084 3083
f 2882 3083 2881
f 2883 3085 3084
f 2883 3084 2882
f 2884 3086 3085
f 2884 3085 2883
f 2885 3087 3086
f 2885 3086 2884
f 2886 3088 3087
f 2886 3087 2885
f 2887 3089 3088
f 2887 3088 2886
f 2888 3090 3089
f 2888 3089 2887
f 2889 3091 3090
f 2889 3090 2888
f 2890 3092 3091
f 2890 3091 2889
f 2891 3093 3092
f 2891 3092 2890
f 2892 3094 3093
f 2892 3093 2891
f 2893 3095 3094
f 2893 3094 2892
f 2894 3096 3095
f 2894 3095 2893
f 2895 3097 3096
f 2895 3096 2894
f 2896 3098 3097
f 2896 3097 2895
f 2897 3099 3098
f 2897 3098 2896
f 2898 3100 3099
f 2898 3099 2897
f 2899 3101 3100
f 2899 3100 2898
f 2900 3102 3101
f 2900 3101 2899
f 2901 3103 3102
f 2901 3102 2900
f 2902 3104 3103
f 2902 3103 2901
f 2903 3105 3104
f 2903 3104 2902
f 2904 3106 3105
f 2904 3105 2903
f 2905 3107 3106
f 2905 3106 2904
f 2906 3108 3107
f 2906 3107 2905
f 2907 3109 3108
f 2907 3108 2906
f 2908 3110 3109
f 2908 3109 2907
f 2909 3111 3110
f 2909 3110 2908
f 2910 3112 3111
f 2910 3111 2909
f 2911 3113 3112
f 2911 3112 2910
f 2912 3114 3113
f 2912 3113 2911
f 2913 3115 3114
f 2913 3114 2912
f 2914 3116 3115
f 2914 3115 2913
f 2915 3117 3116
f 2915 3116 2914
f 2916 3118 3117
f 2916 3117 2915
f 2917 3119 3118
f 2917 3118 2916
f 2918 3120 3119
f 2918 3119 2917
f 2919 3121 3120
f 2919 3120 2918
f 2920 3122 3121
f 2920 3121 2919
f 2921 3123 3122
f 2921 3122 2920
f 2922 3124 3123
f 2922 3123 2921
f 2923 3125 3124
f 2923 3124 2922
f 2924 3126 3125
f 2924 3125 2923
f 2925 3127 3126
f 2925 3126 2924
f 2926 3128 3127
f 2926 3127 2925
f 2927 3129 3128
f 2927 3128 2926
f 2928 3130 3129
f 2928 3129 2927
f 2929 3131 3130
f 2929 3130 2928
f 2930 3132 3131
f 2930 3131 2929
f 2931 3133 3132
f 2931 3132 2930
f 2932 3134 3133
f 2932 3133 2931
f 2933 3135 3134
f 2933 3134 2932
f 2934 3136 3135
f 2934 3135 2933
f 2935 3137 3136
f 2935 3136 2934
f 2936 3138 3137
f 2936 3137 2935
f 2937 3139 3138
f 2937 3138 2936
f 2938 3140 3139
f 2938 3139 2937
f 2939 3141 3140
f 2939 3140 2938
f 2940 3142 3141
f 2940 3141 2939
f 2941 3143 3142
f 2941 3142 2940
f 2942 3144 3143
f 2942 3143 2941
f 2943 3145 3144
f 2943 3144 2942
f 2944 3146 3145
f 2944 3145 2943
f 2945 3147 3146
f 2945 3146 2944
f 2946 3148 3147
f 2946 3147 2945
f 2947 3149 3148
f 2947 3148 2946
f 2948 3150 3149
f 2948 3149 2947
f 2949 3151 3150
f 2949 3150 2948
f 2950 3152 3151
f 2950 3151 2949
f 2951 3153 3152
f 2951 3152 2950
f 2952 3154 3153
f 2952 3153 2951
f 2953 3155 3154
f 2953 3154 2952
f 2954 3156 3155
f 2954 3155 2953
f 2955 3157 3156
f 2955 3156 2954
f 2956 3158 3157
f 2956 3157 2955
f 2957 3159 3158
f 2957 3158 2956
f 2958 3160 3159
f 2958 3159 2957
f 2959 3161 3160
f 2959 3160 2958
f 2960 3162 3161
f 2960 3161 2959
f 2961 3163 3162
f 2961 3162 2960
f 2962 3164 3163
f 2962 3163 2961
f 2963 3165 3164
f 2963 3164 2962
f 2964 3166 3165
f 2964 3165 2963
f 2965 3167 3166
f 2965 3166 2964
f 2966 3168 3167
f 2966 3167 2965
f 2967 3169 3168
f 2967 3168 2966
f 2968 3170 3169
f 2968 3169 2967
f 2969 3171 3170
f 2969 3170 2968
f 2970 3172 3171
f 2970 3171 2969
f 2971 3173 3172
f 2971 3172 2970
f 2972 3174 3173
f 2972 3173 2971
f 2973 3175 3174
f 2973 3174 2972
f 2974 3176 3175
f 2974 3175 2973
f 2975 3177 3176
f 2975 3176 2974
f 2976 3178 3177
f 2976 3177 2975
f 2977 3179 3178
f 2977 3178 2976
f 2978 3180 3179
f 2978 3179 2977
f 2979 3181 3180
f 2979 3180 2978
f 2980 3182 3181
f 2980 3181 2979
f 2981 3183 3182
f 2981 3182 2980
f 2982 3184 3183
f 2982 3183 2981
f 2983 3185 3184
f 2983 3184 2982
f 2984 3186 3185
f 2984 3185 2983
f 2985 3187 3186
f 2985 3186 2984
f 2986 3188 3187
f 2986 3187 2985
f 2987 3189 3188
f 2987 3188 2986
f 2988 3190 3189
f 2988 3189 2987
f 2989 3191 3190
f 2989 3190 2988
f 2990 3192 3191
f 2990 3191 2989
f 2991 3193 3192
f 2991 3192 2990
f 2992 3194 3193
f 2992 3193 2991
f 2993 3195 3194
f 2993 3194 2992
f 2994 3196 3195
f 2994 3195 2993
f 2995 3197 3196
f 2995 3196 2994
f 2996 3198 3197
f 2996 3197 2995
f 2997 3199 3198
f 2997 3198 2996
f 2998 3200 3199
f 2998 3199 2997
f 2999 3201 3200
f 2999 3200 2998
f 3000 3202 3201
f 3000 3201 2999
f 3001 3203 3202
f 3001 3202 3000
f 3002 3204 3203
f 3002 3203 3001
f 3003 3205 3204
f 3003 3204 3002
f 3004 3206 3205
f 3004 3205 3003
f 3005 3207 3206
f 3005 3206 3004
f 3006 3208 3207
f 3006 3207 3005
f 3007 3209 3208
f 3007 3208 3006
f 3008 3210 3209
f 3008 3209 3007
f 3009 3211 3210
f 3009 3210 3008
f 3010 3212 3211
f 3010 3211 3009
f 3011 3213 3212
f 3011 3212 3010
f 3012 3214 3213
f 3012 3213 3011
f 3013 3215 3214
f 3013 3214 3012
f 3014 3216 3215
f 3014 3215 3013
f 3015 3217 3216
f 3015 3216 3014
f 3016 3218 3217
f 3016 3217 3015
f 3017 3219 3218
f 3017 3218 3016
f 3018 3220 3219
f 3018 3219 3017
f 3019 3221 3220
f 3019 3220 3018
f 3020 3222 3221
f 3020 3221 3019
f 3021 3223 3222
f 3021 3222 3020
f 3022 3224 3223
f 3022 3223 3021
f 3023 3225 3224
f 3023 3224 3022
f 3024 3226 3225
f 3024 3225 3023
f 3025 3227 3226
f 3025 3226 3024
f 3026 3228 3227
f 3026 3227 3025
f 3027 3229 3228
f 3027 3228 3026
f 3028 3230 3231
f 3028 3231 3029
f 3030 3232 3230
f 3030 3230 3028
f 3031 3233 3232
f 3031 3232 3030
f 3032 3234 3233
f 3032 3233 3031
f 3033 3235 3234
f 3033 3234 3032
f 3034 3236 3235
f 3034 3235 3033
f 3035 3237 3236
f 3035 3236 3034
f 3036 3238 3237
f 3036 3237 3035
f 3037 3239 3238
f 3037 3238 3036
f 3038 3240 3239
f 3038 3239 3037
f 3039 3241 3240
f 3039 3240 3038
f 3040 3242 3241
f 3040 3241 3039
f 3041 3243 3242
f 3041 3242 3040
f 3042 3244 3243
f 3042 3243 3041
f 3043 3245 3244
f 3043 3244 3042
f 3044 3246 3245
f 3044 3245 3043
f 3045 3247 3246
f 3045 3246 3044
g COL_MX01_mid_deck_candidate_smooth_skin_ceiling
usemtl MX01_EnclosureCeiling
v -2.250000 2.300000 -31.750000
v -1.250000 2.300000 -31.750000
v -1.250000 2.300000 -30.750000
v -2.250000 2.300000 -30.750000
v -1.250000 2.300000 -29.750000
v -2.250000 2.300000 -29.750000
v -1.250000 2.300000 -28.750000
v -2.250000 2.300000 -28.750000
v -1.250000 2.300000 -27.750000
v -2.250000 2.300000 -27.750000
v -1.250000 2.300000 -26.750000
v -2.250000 2.300000 -26.750000
v -1.250000 2.300000 -25.750000
v -2.250000 2.300000 -25.750000
v -1.250000 2.300000 -24.750000
v -2.250000 2.300000 -24.750000
v -1.250000 2.300000 -23.750000
v -2.250000 2.300000 -23.750000
v -1.250000 2.300000 -22.750000
v -2.250000 2.300000 -22.750000
v -1.250000 2.300000 -21.750000
v -2.250000 2.300000 -21.750000
v -1.250000 2.300000 -20.750000
v -2.250000 2.300000 -20.750000
v -1.250000 2.300000 -19.750000
v -2.250000 2.300000 -19.750000
v -1.250000 2.300000 -18.750000
v -2.250000 2.300000 -18.750000
v -1.250000 2.300000 -17.750000
v -2.250000 2.300000 -17.750000
v -1.250000 2.300000 -16.750000
v -2.250000 2.300000 -16.750000
v -1.250000 2.300000 -15.750000
v -2.250000 2.300000 -15.750000
v -1.250000 2.300000 -14.750000
v -2.250000 2.300000 -14.750000
v -1.250000 2.300000 -13.750000
v -2.250000 2.300000 -13.750000
v -1.250000 2.300000 -12.750000
v -2.250000 2.300000 -12.750000
v -1.250000 2.300000 -11.750000
v -2.250000 2.300000 -11.750000
v -1.250000 2.300000 -10.750000
v -2.250000 2.300000 -10.750000
v -1.250000 2.300000 -9.750000
v -2.250000 2.300000 -9.750000
v -1.250000 2.300000 -8.750000
v -2.250000 2.300000 -8.750000
v -1.250000 2.300000 -7.750000
v -2.250000 2.300000 -7.750000
v -1.250000 2.300000 -6.750000
v -2.250000 2.300000 -6.750000
v -1.250000 2.300000 -5.750000
v -2.250000 2.300000 -5.750000
v -1.250000 2.300000 -4.750000
v -2.250000 2.300000 -4.750000
v -1.250000 2.300000 -3.750000
v -2.250000 2.300000 -3.750000
v -1.250000 2.300000 -2.750000
v -2.250000 2.300000 -2.750000
v -1.250000 2.300000 -1.750000
v -2.250000 2.300000 -1.750000
v -1.250000 2.300000 -0.750000
v -2.250000 2.300000 -0.750000
v -1.250000 2.300000 0.250000
v -2.250000 2.300000 0.250000
v -1.250000 2.300000 1.250000
v -2.250000 2.300000 1.250000
v -1.250000 2.300000 2.250000
v -2.250000 2.300000 2.250000
v -1.250000 2.300000 3.250000
v -2.250000 2.300000 3.250000
v -1.250000 2.300000 4.250000
v -2.250000 2.300000 4.250000
v -1.250000 2.300000 5.250000
v -2.250000 2.300000 5.250000
v -1.250000 2.300000 6.250000
v -2.250000 2.300000 6.250000
v -1.250000 2.300000 7.250000
v -2.250000 2.300000 7.250000
v -1.250000 2.300000 8.250000
v -2.250000 2.300000 8.250000
v -1.250000 2.300000 9.250000
v -2.250000 2.300000 9.250000
v -1.250000 2.300000 10.250000
v -2.250000 2.300000 10.250000
v -1.250000 2.300000 11.250000
v -2.250000 2.300000 11.250000
v -1.250000 2.300000 12.250000
v -2.250000 2.300000 12.250000
v -1.250000 2.300000 13.250000
v -2.250000 2.300000 13.250000
v -1.250000 2.300000 14.250000
v -2.250000 2.300000 14.250000
v -1.250000 2.300000 15.250000
v -2.250000 2.300000 15.250000
v -1.250000 2.300000 16.250000
v -2.250000 2.300000 16.250000
v -1.250000 2.300000 17.250000
v -2.250000 2.300000 17.250000
v -1.250000 2.300000 18.250000
v -2.250000 2.300000 18.250000
v -1.250000 2.300000 19.250000
v -2.250000 2.300000 19.250000
v -1.250000 2.300000 20.250000
v -2.250000 2.300000 20.250000
v -1.250000 2.300000 21.250000
v -2.250000 2.300000 21.250000
v -1.250000 2.300000 22.250000
v -2.250000 2.300000 22.250000
v -1.250000 2.300000 23.250000
v -2.250000 2.300000 23.250000
v -1.250000 2.300000 24.250000
v -2.250000 2.300000 24.250000
v -1.250000 2.300000 25.250000
v -2.250000 2.300000 25.250000
v -1.250000 2.300000 26.250000
v -2.250000 2.300000 26.250000
v -1.250000 2.300000 27.250000
v -2.250000 2.300000 27.250000
v -1.250000 2.300000 28.250000
v -2.250000 2.300000 28.250000
v -1.250000 2.300000 29.250000
v -2.250000 2.300000 29.250000
v -1.250000 2.300000 30.250000
v -2.250000 2.300000 30.250000
v -1.250000 2.300000 31.250000
v -2.250000 2.300000 31.250000
v -1.250000 2.300000 48.750000
v -0.250000 2.300000 48.750000
v -0.250000 2.300000 49.750000
v -1.250000 2.300000 49.750000
v -0.250000 2.300000 -30.250000
v 0.750000 2.300000 -30.250000
v 0.750000 2.300000 -29.250000
v -0.250000 2.300000 -29.250000
v 0.750000 2.300000 -28.250000
v -0.250000 2.300000 -28.250000
v 0.750000 2.300000 -27.250000
v -0.250000 2.300000 -27.250000
v 0.750000 2.268750 -26.250000
v -0.250000 2.268750 -26.250000
v 0.750000 2.150000 -25.250000
v -0.250000 2.150000 -25.250000
v 0.750000 2.062500 -24.250000
v -0.250000 2.062500 -24.250000
v 0.750000 2.150000 -23.250000
v -0.250000 2.150000 -23.250000
v 0.750000 2.268750 -22.250000
v -0.250000 2.268750 -22.250000
v 0.750000 2.300000 -21.250000
v -0.250000 2.300000 -21.250000
v 0.750000 2.300000 -20.250000
v -0.250000 2.300000 -20.250000
v 0.750000 2.300000 -19.250000
v -0.250000 2.300000 -19.250000
v 0.750000 2.300000 -18.250000
v -0.250000 2.300000 -18.250000
v 0.750000 2.300000 -17.250000
v -0.250000 2.300000 -17.250000
v 0.750000 2.300000 -16.250000
v -0.250000 2.300000 -16.250000
v 0.750000 2.300000 -15.250000
v -0.250000 2.300000 -15.250000
v 0.750000 2.300000 -14.250000
v -0.250000 2.300000 -14.250000
v 0.750000 2.300000 -13.250000
v -0.250000 2.300000 -13.250000
v 0.750000 2.300000 -12.250000
v -0.250000 2.300000 -12.250000
v 0.750000 2.300000 -11.250000
v -0.250000 2.300000 -11.250000
v 0.750000 2.300000 -10.250000
v -0.250000 2.300000 -10.250000
v 0.750000 2.300000 -9.250000
v -0.250000 2.300000 -9.250000
v 0.750000 2.300000 -8.250000
v -0.250000 2.300000 -8.250000
v 0.750000 2.300000 -7.250000
v -0.250000 2.300000 -7.250000
v 0.750000 2.300000 -6.250000
v -0.250000 2.300000 -6.250000
v 0.750000 2.300000 -5.250000
v -0.250000 2.300000 -5.250000
v 0.750000 2.300000 -4.250000
v -0.250000 2.300000 -4.250000
v 0.750000 2.300000 -3.250000
v -0.250000 2.300000 -3.250000
v 0.750000 2.300000 -2.250000
v -0.250000 2.300000 -2.250000
v 0.750000 2.300000 -1.250000
v -0.250000 2.300000 -1.250000
v 0.750000 2.300000 -0.250000
v -0.250000 2.300000 -0.250000
v 0.750000 2.300000 0.750000
v -0.250000 2.300000 0.750000
v 0.750000 2.300000 1.750000
v -0.250000 2.300000 1.750000
v 0.750000 2.300000 2.750000
v -0.250000 2.300000 2.750000
v 0.750000 2.300000 3.750000
v -0.250000 2.300000 3.750000
v 0.750000 2.300000 4.750000
v -0.250000 2.300000 4.750000
v 0.750000 2.300000 5.750000
v -0.250000 2.300000 5.750000
v 0.750000 2.300000 6.750000
v -0.250000 2.300000 6.750000
v 0.750000 2.300000 7.750000
v -0.250000 2.300000 7.750000
v 0.750000 2.300000 8.750000
v -0.250000 2.300000 8.750000
v 0.750000 2.300000 9.750000
v -0.250000 2.300000 9.750000
v 0.750000 2.300000 10.750000
v -0.250000 2.300000 10.750000
v 0.750000 2.300000 11.750000
v -0.250000 2.300000 11.750000
v 0.750000 2.300000 12.750000
v -0.250000 2.300000 12.750000
v 0.750000 2.300000 13.750000
v -0.250000 2.300000 13.750000
v 0.750000 2.300000 14.750000
v -0.250000 2.300000 14.750000
v 0.750000 2.300000 15.750000
v -0.250000 2.300000 15.750000
v 0.750000 2.300000 16.750000
v -0.250000 2.300000 16.750000
v 0.750000 2.300000 17.750000
v -0.250000 2.300000 17.750000
v 0.750000 2.300000 18.750000
v -0.250000 2.300000 18.750000
v 0.750000 2.300000 19.750000
v -0.250000 2.300000 19.750000
v 0.750000 2.300000 20.750000
v -0.250000 2.300000 20.750000
v 0.750000 2.300000 21.750000
v -0.250000 2.300000 21.750000
v 0.750000 2.300000 22.750000
v -0.250000 2.300000 22.750000
v 0.750000 2.300000 23.750000
v -0.250000 2.300000 23.750000
v 0.750000 2.300000 24.750000
v -0.250000 2.300000 24.750000
v 0.750000 2.300000 25.750000
v -0.250000 2.300000 25.750000
v 0.750000 2.300000 26.750000
v -0.250000 2.300000 26.750000
v 0.750000 2.300000 27.750000
v -0.250000 2.300000 27.750000
v 0.750000 2.300000 28.750000
v -0.250000 2.300000 28.750000
v 0.750000 2.300000 29.750000
v -0.250000 2.300000 29.750000
v 0.750000 2.300000 30.750000
v -0.250000 2.300000 30.750000
v 0.750000 2.300000 31.750000
v -0.250000 2.300000 31.750000
v 0.750000 2.300000 32.750000
v -0.250000 2.300000 32.750000
v 0.750000 2.300000 33.750000
v -0.250000 2.300000 33.750000
v 0.750000 2.300000 34.750000
v -0.250000 2.300000 34.750000
v 0.750000 2.300000 35.750000
v -0.250000 2.300000 35.750000
v 0.750000 2.300000 36.750000
v -0.250000 2.300000 36.750000
v 0.750000 2.300000 37.750000
v -0.250000 2.300000 37.750000
v 0.750000 2.300000 38.750000
v -0.250000 2.300000 38.750000
v 0.750000 2.300000 39.750000
v -0.250000 2.300000 39.750000
v 0.750000 2.300000 40.750000
v -0.250000 2.300000 40.750000
v 0.750000 2.300000 41.750000
v -0.250000 2.300000 41.750000
v 0.750000 2.300000 42.750000
v -0.250000 2.300000 42.750000
v 0.750000 2.300000 43.750000
v -0.250000 2.300000 43.750000
v 0.750000 2.300000 44.750000
v -0.250000 2.300000 44.750000
v 0.750000 2.300000 45.750000
v -0.250000 2.300000 45.750000
v 0.750000 2.300000 46.750000
v -0.250000 2.300000 46.750000
v 0.750000 2.300000 47.750000
v -0.250000 2.300000 47.750000
v 0.750000 2.300000 48.750000
v 0.750000 2.300000 49.750000
v 1.750000 2.300000 32.750000
v 1.750000 2.300000 33.750000
v 1.750000 2.300000 34.750000
v 1.750000 2.300000 35.750000
v 1.750000 2.300000 36.750000
v 1.750000 2.300000 37.750000
v 1.750000 2.300000 38.750000
v 1.750000 2.300000 39.750000
v 1.750000 2.300000 40.750000
v 1.750000 2.300000 41.750000
v 1.750000 2.300000 42.750000
v 1.750000 2.300000 43.750000
v 1.750000 2.300000 44.750000
v 1.750000 2.300000 45.750000
v 1.750000 2.300000 46.750000
v 1.750000 2.300000 47.750000
v 1.750000 2.300000 48.750000
v 1.750000 2.300000 49.750000
v 1.750000 2.300000 -33.750000
v 2.750000 2.300000 -33.750000
v 2.750000 2.300000 -32.750000
v 1.750000 2.300000 -32.750000
v 2.750000 2.300000 -31.750000
v 1.750000 2.300000 -31.750000
v 2.750000 2.300000 -30.750000
v 1.750000 2.300000 -30.750000
v 2.750000 2.300000 -29.750000
v 1.750000 2.300000 -29.750000
v 2.750000 2.300000 -28.750000
v 1.750000 2.300000 -28.750000
v 2.750000 2.300000 -27.750000
v 1.750000 2.300000 -27.750000
v 2.750000 2.300000 -26.750000
v 1.750000 2.300000 -26.750000
v 2.750000 2.300000 -25.750000
v 1.750000 2.300000 -25.750000
v 2.750000 2.300000 -24.750000
v 1.750000 2.300000 -24.750000
v 2.750000 2.300000 -23.750000
v 1.750000 2.300000 -23.750000
v 2.750000 2.300000 -22.750000
v 1.750000 2.300000 -22.750000
v 2.750000 2.300000 -21.750000
v 1.750000 2.300000 -21.750000
v 2.750000 2.300000 -20.750000
v 1.750000 2.300000 -20.750000
v 2.750000 2.300000 -19.750000
v 1.750000 2.300000 -19.750000
v 2.750000 2.300000 -18.750000
v 1.750000 2.300000 -18.750000
v 2.750000 2.300000 -17.750000
v 1.750000 2.300000 -17.750000
v 2.750000 2.300000 -16.750000
v 1.750000 2.300000 -16.750000
v 2.750000 2.300000 -15.750000
v 1.750000 2.300000 -15.750000
v 2.750000 2.300000 -14.750000
v 1.750000 2.300000 -14.750000
v 2.750000 2.300000 -13.750000
v 1.750000 2.300000 -13.750000
v 2.750000 2.300000 -12.750000
v 1.750000 2.300000 -12.750000
v 2.750000 2.300000 -11.750000
v 1.750000 2.300000 -11.750000
v 2.750000 2.300000 -10.750000
v 1.750000 2.300000 -10.750000
v 2.750000 2.300000 -9.750000
v 1.750000 2.300000 -9.750000
v 2.750000 2.300000 -8.750000
v 1.750000 2.300000 -8.750000
v 2.750000 2.300000 -7.750000
v 1.750000 2.300000 -7.750000
v 2.750000 2.300000 -6.750000
v 1.750000 2.300000 -6.750000
v 2.750000 2.300000 -5.750000
v 1.750000 2.300000 -5.750000
v 2.750000 2.300000 -4.750000
v 1.750000 2.300000 -4.750000
v 2.750000 2.300000 -3.750000
v 1.750000 2.300000 -3.750000
v 2.750000 2.300000 -2.750000
v 1.750000 2.300000 -2.750000
v 2.750000 2.300000 -1.750000
v 1.750000 2.300000 -1.750000
v 2.750000 2.300000 -0.750000
v 1.750000 2.300000 -0.750000
v 2.750000 2.300000 0.250000
v 1.750000 2.300000 0.250000
v 2.750000 2.300000 1.250000
v 1.750000 2.300000 1.250000
v 2.750000 2.300000 2.250000
v 1.750000 2.300000 2.250000
v 2.750000 2.300000 3.250000
v 1.750000 2.300000 3.250000
v 2.750000 2.300000 4.250000
v 1.750000 2.300000 4.250000
v 2.750000 2.300000 5.250000
v 1.750000 2.300000 5.250000
v 2.750000 2.300000 6.250000
v 1.750000 2.300000 6.250000
v 2.750000 2.300000 7.250000
v 1.750000 2.300000 7.250000
v 2.750000 2.300000 8.250000
v 1.750000 2.300000 8.250000
v 2.750000 2.300000 9.250000
v 1.750000 2.300000 9.250000
v 2.750000 2.300000 10.250000
v 1.750000 2.300000 10.250000
v 2.750000 2.300000 11.250000
v 1.750000 2.300000 11.250000
v 2.750000 2.300000 12.250000
v 1.750000 2.300000 12.250000
v 2.750000 2.300000 13.250000
v 1.750000 2.300000 13.250000
v 2.750000 2.300000 14.250000
v 1.750000 2.300000 14.250000
v 2.750000 2.300000 15.250000
v 1.750000 2.300000 15.250000
v 2.750000 2.300000 16.250000
v 1.750000 2.300000 16.250000
v 2.750000 2.300000 17.250000
v 1.750000 2.300000 17.250000
v 2.750000 2.300000 18.250000
v 1.750000 2.300000 18.250000
v 2.750000 2.300000 19.250000
v 1.750000 2.300000 19.250000
v 2.750000 2.300000 20.250000
v 1.750000 2.300000 20.250000
v 2.750000 2.300000 21.250000
v 1.750000 2.300000 21.250000
v 2.750000 2.300000 22.250000
v 1.750000 2.300000 22.250000
v 2.750000 2.300000 23.250000
v 1.750000 2.300000 23.250000
v 2.750000 2.300000 24.250000
v 1.750000 2.300000 24.250000
v 2.750000 2.300000 25.250000
v 1.750000 2.300000 25.250000
v 2.750000 2.300000 26.250000
v 1.750000 2.300000 26.250000
v 2.750000 2.300000 27.250000
v 1.750000 2.300000 27.250000
v 2.750000 2.300000 28.250000
v 1.750000 2.300000 28.250000
v 2.750000 2.300000 29.250000
v 1.750000 2.300000 29.250000
v 2.750000 2.300000 30.250000
v 1.750000 2.300000 30.250000
v 2.750000 2.300000 31.250000
v 1.750000 2.300000 31.250000
f 3248 3249 3250
f 3248 3250 3251
f 3251 3250 3252
f 3251 3252 3253
f 3253 3252 3254
f 3253 3254 3255
f 3255 3254 3256
f 3255 3256 3257
f 3257 3256 3258
f 3257 3258 3259
f 3259 3258 3260
f 3259 3260 3261
f 3261 3260 3262
f 3261 3262 3263
f 3263 3262 3264
f 3263 3264 3265
f 3265 3264 3266
f 3265 3266 3267
f 3267 3266 3268
f 3267 3268 3269
f 3269 3268 3270
f 3269 3270 3271
f 3271 3270 3272
f 3271 3272 3273
f 3273 3272 3274
f 3273 3274 3275
f 3275 3274 3276
f 3275 3276 3277
f 3277 3276 3278
f 3277 3278 3279
f 3279 3278 3280
f 3279 3280 3281
f 3281 3280 3282
f 3281 3282 3283
f 3283 3282 3284
f 3283 3284 3285
f 3285 3284 3286
f 3285 3286 3287
f 3287 3286 3288
f 3287 3288 3289
f 3289 3288 3290
f 3289 3290 3291
f 3291 3290 3292
f 3291 3292 3293
f 3293 3292 3294
f 3293 3294 3295
f 3295 3294 3296
f 3295 3296 3297
f 3297 3296 3298
f 3297 3298 3299
f 3299 3298 3300
f 3299 3300 3301
f 3301 3300 3302
f 3301 3302 3303
f 3303 3302 3304
f 3303 3304 3305
f 3305 3304 3306
f 3305 3306 3307
f 3307 3306 3308
f 3307 3308 3309
f 3309 3308 3310
f 3309 3310 3311
f 3311 3310 3312
f 3311 3312 3313
f 3313 3312 3314
f 3313 3314 3315
f 3315 3314 3316
f 3315 3316 3317
f 3317 3316 3318
f 3317 3318 3319
f 3319 3318 3320
f 3319 3320 3321
f 3321 3320 3322
f 3321 3322 3323
f 3323 3322 3324
f 3323 3324 3325
f 3325 3324 3326
f 3325 3326 3327
f 3327 3326 3328
f 3327 3328 3329
f 3329 3328 3330
f 3329 3330 3331
f 3331 3330 3332
f 3331 3332 3333
f 3333 3332 3334
f 3333 3334 3335
f 3335 3334 3336
f 3335 3336 3337
f 3337 3336 3338
f 3337 3338 3339
f 3339 3338 3340
f 3339 3340 3341
f 3341 3340 3342
f 3341 3342 3343
f 3343 3342 3344
f 3343 3344 3345
f 3345 3344 3346
f 3345 3346 3347
f 3347 3346 3348
f 3347 3348 3349
f 3349 3348 3350
f 3349 3350 3351
f 3351 3350 3352
f 3351 3352 3353
f 3353 3352 3354
f 3353 3354 3355
f 3355 3354 3356
f 3355 3356 3357
f 3357 3356 3358
f 3357 3358 3359
f 3359 3358 3360
f 3359 3360 3361
f 3361 3360 3362
f 3361 3362 3363
f 3363 3362 3364
f 3363 3364 3365
f 3365 3364 3366
f 3365 3366 3367
f 3367 3366 3368
f 3367 3368 3369
f 3369 3368 3370
f 3369 3370 3371
f 3371 3370 3372
f 3371 3372 3373
f 3373 3372 3374
f 3373 3374 3375
f 3376 3377 3378
f 3376 3378 3379
f 3380 3381 3382
f 3380 3382 3383
f 3383 3382 3384
f 3383 3384 3385
f 3385 3384 3386
f 3385 3386 3387
f 3387 3386 3388
f 3387 3388 3389
f 3389 3388 3390
f 3389 3390 3391
f 3391 3390 3392
f 3391 3392 3393
f 3393 3392 3394
f 3393 3394 3395
f 3395 3394 3396
f 3395 3396 3397
f 3397 3396 3398
f 3397 3398 3399
f 3399 3398 3400
f 3399 3400 3401
f 3401 3400 3402
f 3401 3402 3403
f 3403 3402 3404
f 3403 3404 3405
f 3405 3404 3406
f 3405 3406 3407
f 3407 3406 3408
f 3407 3408 3409
f 3409 3408 3410
f 3409 3410 3411
f 3411 3410 3412
f 3411 3412 3413
f 3413 3412 3414
f 3413 3414 3415
f 3415 3414 3416
f 3415 3416 3417
f 3417 3416 3418
f 3417 3418 3419
f 3419 3418 3420
f 3419 3420 3421
f 3421 3420 3422
f 3421 3422 3423
f 3423 3422 3424
f 3423 3424 3425
f 3425 3424 3426
f 3425 3426 3427
f 3427 3426 3428
f 3427 3428 3429
f 3429 3428 3430
f 3429 3430 3431
f 3431 3430 3432
f 3431 3432 3433
f 3433 3432 3434
f 3433 3434 3435
f 3435 3434 3436
f 3435 3436 3437
f 3437 3436 3438
f 3437 3438 3439
f 3439 3438 3440
f 3439 3440 3441
f 3441 3440 3442
f 3441 3442 3443
f 3443 3442 3444
f 3443 3444 3445
f 3445 3444 3446
f 3445 3446 3447
f 3447 3446 3448
f 3447 3448 3449
f 3449 3448 3450
f 3449 3450 3451
f 3451 3450 3452
f 3451 3452 3453
f 3453 3452 3454
f 3453 3454 3455
f 3455 3454 3456
f 3455 3456 3457
f 3457 3456 3458
f 3457 3458 3459
f 3459 3458 3460
f 3459 3460 3461
f 3461 3460 3462
f 3461 3462 3463
f 3463 3462 3464
f 3463 3464 3465
f 3465 3464 3466
f 3465 3466 3467
f 3467 3466 3468
f 3467 3468 3469
f 3469 3468 3470
f 3469 3470 3471
f 3471 3470 3472
f 3471 3472 3473
f 3473 3472 3474
f 3473 3474 3475
f 3475 3474 3476
f 3475 3476 3477
f 3477 3476 3478
f 3477 3478 3479
f 3479 3478 3480
f 3479 3480 3481
f 3481 3480 3482
f 3481 3482 3483
f 3483 3482 3484
f 3483 3484 3485
f 3485 3484 3486
f 3485 3486 3487
f 3487 3486 3488
f 3487 3488 3489
f 3489 3488 3490
f 3489 3490 3491
f 3491 3490 3492
f 3491 3492 3493
f 3493 3492 3494
f 3493 3494 3495
f 3495 3494 3496
f 3495 3496 3497
f 3497 3496 3498
f 3497 3498 3499
f 3499 3498 3500
f 3499 3500 3501
f 3501 3500 3502
f 3501 3502 3503
f 3503 3502 3504
f 3503 3504 3505
f 3505 3504 3506
f 3505 3506 3507
f 3507 3506 3508
f 3507 3508 3509
f 3509 3508 3510
f 3509 3510 3511
f 3511 3510 3512
f 3511 3512 3513
f 3513 3512 3514
f 3513 3514 3515
f 3515 3514 3516
f 3515 3516 3517
f 3517 3516 3518
f 3517 3518 3519
f 3519 3518 3520
f 3519 3520 3521
f 3521 3520 3522
f 3521 3522 3523
f 3523 3522 3524
f 3523 3524 3525
f 3525 3524 3526
f 3525 3526 3527
f 3527 3526 3528
f 3527 3528 3529
f 3529 3528 3530
f 3529 3530 3531
f 3531 3530 3532
f 3531 3532 3533
f 3533 3532 3534
f 3533 3534 3535
f 3535 3534 3536
f 3535 3536 3537
f 3537 3536 3538
f 3537 3538 3377
f 3377 3538 3539
f 3377 3539 3378
f 3506 3540 3541
f 3506 3541 3508
f 3508 3541 3542
f 3508 3542 3510
f 3510 3542 3543
f 3510 3543 3512
f 3512 3543 3544
f 3512 3544 3514
f 3514 3544 3545
f 3514 3545 3516
f 3516 3545 3546
f 3516 3546 3518
f 3518 3546 3547
f 3518 3547 3520
f 3520 3547 3548
f 3520 3548 3522
f 3522 3548 3549
f 3522 3549 3524
f 3524 3549 3550
f 3524 3550 3526
f 3526 3550 3551
f 3526 3551 3528
f 3528 3551 3552
f 3528 3552 3530
f 3530 3552 3553
f 3530 3553 3532
f 3532 3553 3554
f 3532 3554 3534
f 3534 3554 3555
f 3534 3555 3536
f 3536 3555 3556
f 3536 3556 3538
f 3538 3556 3557
f 3538 3557 3539
f 3558 3559 3560
f 3558 3560 3561
f 3561 3560 3562
f 3561 3562 3563
f 3563 3562 3564
f 3563 3564 3565
f 3565 3564 3566
f 3565 3566 3567
f 3567 3566 3568
f 3567 3568 3569
f 3569 3568 3570
f 3569 3570 3571
f 3571 3570 3572
f 3571 3572 3573
f 3573 3572 3574
f 3573 3574 3575
f 3575 3574 3576
f 3575 3576 3577
f 3577 3576 3578
f 3577 3578 3579
f 3579 3578 3580
f 3579 3580 3581
f 3581 3580 3582
f 3581 3582 3583
f 3583 3582 3584
f 3583 3584 3585
f 3585 3584 3586
f 3585 3586 3587
f 3587 3586 3588
f 3587 3588 3589
f 3589 3588 3590
f 3589 3590 3591
f 3591 3590 3592
f 3591 3592 3593
f 3593 3592 3594
f 3593 3594 3595
f 3595 3594 3596
f 3595 3596 3597
f 3597 3596 3598
f 3597 3598 3599
f 3599 3598 3600
f 3599 3600 3601
f 3601 3600 3602
f 3601 3602 3603
f 3603 3602 3604
f 3603 3604 3605
f 3605 3604 3606
f 3605 3606 3607
f 3607 3606 3608
f 3607 3608 3609
f 3609 3608 3610
f 3609 3610 3611
f 3611 3610 3612
f 3611 3612 3613
f 3613 3612 3614
f 3613 3614 3615
f 3615 3614 3616
f 3615 3616 3617
f 3617 3616 3618
f 3617 3618 3619
f 3619 3618 3620
f 3619 3620 3621
f 3621 3620 3622
f 3621 3622 3623
f 3623 3622 3624
f 3623 3624 3625
f 3625 3624 3626
f 3625 3626 3627
f 3627 3626 3628
f 3627 3628 3629
f 3629 3628 3630
f 3629 3630 3631
f 3631 3630 3632
f 3631 3632 3633
f 3633 3632 3634
f 3633 3634 3635
f 3635 3634 3636
f 3635 3636 3637
f 3637 3636 3638
f 3637 3638 3639
f 3639 3638 3640
f 3639 3640 3641
f 3641 3640 3642
f 3641 3642 3643
f 3643 3642 3644
f 3643 3644 3645
f 3645 3644 3646
f 3645 3646 3647
f 3647 3646 3648
f 3647 3648 3649
f 3649 3648 3650
f 3649 3650 3651
f 3651 3650 3652
f 3651 3652 3653
f 3653 3652 3654
f 3653 3654 3655
f 3655 3654 3656
f 3655 3656 3657
f 3657 3656 3658
f 3657 3658 3659
f 3659 3658 3660
f 3659 3660 3661
f 3661 3660 3662
f 3661 3662 3663
f 3663 3662 3664
f 3663 3664 3665
f 3665 3664 3666
f 3665 3666 3667
f 3667 3666 3668
f 3667 3668 3669
f 3669 3668 3670
f 3669 3670 3671
f 3671 3670 3672
f 3671 3672 3673
f 3673 3672 3674
f 3673 3674 3675
f 3675 3674 3676
f 3675 3676 3677
f 3677 3676 3678
f 3677 3678 3679
f 3679 3678 3680
f 3679 3680 3681
f 3681 3680 3682
f 3681 3682 3683
f 3683 3682 3684
f 3683 3684 3685
f 3685 3684 3686
f 3685 3686 3687
f 3687 3686 3688
f 3687 3688 3689
g COL_MX01_upper_deck_candidate_smooth_left_skin_wall_01
usemtl MX01_EnclosureWall
v -1.456170 3.250000 -40.250000
v -1.470280 3.750000 -40.250000
v -1.521220 3.750000 -39.750000
v -1.516810 3.250000 -39.750000
v -1.621140 3.750000 -39.250000
v -1.614470 3.250000 -39.250000
v -1.731870 3.750000 -38.750000
v -1.735010 3.250000 -38.750000
v -1.863290 3.750000 -38.250000
v -1.872110 3.250000 -38.250000
v -2.000760 3.750000 -37.750000
v -2.015100 3.250000 -37.750000
v -2.140140 3.750000 -37.250000
v -2.156580 3.250000 -37.250000
v -2.276010 3.750000 -36.750000
v -2.291530 3.250000 -36.750000
v -2.403720 3.750000 -36.250000
v -2.416540 3.250000 -36.250000
v -2.519390 3.750000 -35.750000
v -2.529020 3.250000 -35.750000
v -2.620240 3.750000 -35.250000
v -3.007410 3.250000 -32.750000
v -3.006790 3.750000 -32.750000
v -3.088010 3.750000 -32.250000
v -3.087380 3.250000 -32.250000
v -3.161550 3.750000 -31.750000
v -3.159940 3.250000 -31.750000
v -3.219620 3.750000 -31.250000
v -3.217620 3.250000 -31.250000
v -3.259150 3.750000 -30.750000
v -3.257360 3.250000 -30.750000
v -3.282200 3.750000 -30.250000
v -3.281020 3.250000 -30.250000
v -3.293930 3.750000 -29.750000
v -3.293510 3.250000 -29.750000
v -3.299890 3.750000 -29.250000
v -3.300320 3.250000 -29.250000
v -3.304580 3.750000 -28.750000
v -3.306130 3.250000 -28.750000
v -3.311300 3.750000 -28.250000
v -3.314460 3.250000 -28.250000
v -3.322320 3.750000 -27.750000
v -3.327830 3.250000 -27.750000
v -3.339110 3.750000 -27.250000
v -3.347860 3.250000 -27.250000
v -3.362420 3.750000 -26.750000
v -3.375350 3.250000 -26.750000
v -3.392540 3.750000 -26.250000
v -3.410580 3.250000 -26.250000
v -3.429760 3.750000 -25.750000
v -3.453780 3.250000 -25.750000
v -3.474520 3.750000 -25.250000
v -3.505300 3.250000 -25.250000
v -3.527290 3.750000 -24.750000
v -3.565530 3.250000 -24.750000
v -3.588370 3.750000 -24.250000
v -3.634710 3.250000 -24.250000
v -3.658140 3.750000 -23.750000
v -3.713030 3.250000 -23.750000
v -3.737310 3.750000 -23.250000
v -3.800950 3.250000 -23.250000
v -3.826820 3.750000 -22.750000
v -3.898930 3.250000 -22.750000
v -3.926860 3.750000 -22.250000
v -4.006660 3.250000 -22.250000
v -4.035970 3.750000 -21.750000
v -4.122100 3.250000 -21.750000
v -4.150640 3.750000 -21.250000
v -4.241270 3.250000 -21.250000
v -4.266010 3.750000 -20.750000
v -4.358790 3.250000 -20.750000
v -4.376810 3.750000 -20.250000
v -4.469180 3.250000 -20.250000
v -4.478610 3.750000 -19.750000
v -4.568020 3.250000 -19.750000
v -4.568500 3.750000 -19.250000
v -4.652770 3.250000 -19.250000
v -4.645350 3.750000 -18.750000
v -4.722910 3.250000 -18.750000
v -4.709410 3.750000 -18.250000
v -4.779420 3.250000 -18.250000
v -4.761790 3.750000 -17.750000
v -4.824080 3.250000 -17.750000
v -4.804060 3.750000 -17.250000
v -4.858940 3.250000 -17.250000
v -4.837950 3.750000 -16.750000
v -4.886060 3.250000 -16.750000
v -4.865130 3.750000 -16.250000
v -4.907210 3.250000 -16.250000
v -4.886700 3.750000 -15.750000
v -4.923660 3.250000 -15.750000
v -4.903250 3.750000 -15.250000
v -4.936070 3.250000 -15.250000
v -4.915060 3.750000 -14.750000
v -4.944820 3.250000 -14.750000
v -4.922630 3.750000 -14.250000
v -4.950360 3.250000 -14.250000
v -4.926880 3.750000 -13.750000
v -4.953420 3.250000 -13.750000
v -4.928910 3.750000 -13.250000
v -4.954850 3.250000 -13.250000
v -4.929720 3.750000 -12.750000
v -4.955410 3.250000 -12.750000
v -4.929990 3.750000 -12.250000
v -4.955580 3.250000 -12.250000
v -4.930060 3.750000 -11.750000
v -4.955620 3.250000 -11.750000
v -4.930070 3.750000 -11.250000
v -4.955630 3.250000 -11.250000
v -4.930080 3.750000 -10.750000
v -4.955630 3.250000 -10.750000
v -4.930080 3.750000 -10.250000
v -4.955630 3.250000 -10.250000
v -4.930080 3.750000 -9.750000
v -4.955630 3.250000 -9.750000
v -4.930080 3.750000 -9.250000
v -4.955630 3.250000 -9.250000
v -4.930080 3.750000 -8.750000
v -4.955630 3.250000 -8.750000
v -4.930080 3.750000 -8.250000
v -4.955630 3.250000 -8.250000
v -4.930080 3.750000 -7.750000
v -4.955630 3.250000 -7.750000
v -4.930080 3.750000 -7.250000
v -4.955630 3.250000 -7.250000
v -4.930080 3.750000 -6.750000
v -4.955630 3.250000 -6.750000
v -4.930080 3.750000 -6.250000
v -4.955630 3.250000 -6.250000
v -4.930080 3.750000 -5.750000
v -4.955630 3.250000 -5.750000
v -4.930080 3.750000 -5.250000
v -4.955630 3.250000 -5.250000
v -4.930080 3.750000 -4.750000
v -4.955630 3.250000 -4.750000
v -4.955630 3.250000 -2.750000
v -4.930080 3.750000 -2.750000
v -4.930080 3.750000 -2.250000
v -4.955630 3.250000 -2.250000
v -4.930080 3.750000 -1.750000
v -4.955630 3.250000 -1.750000
v -4.930080 3.750000 -1.250000
v -4.955630 3.250000 -1.250000
v -4.930080 3.750000 -0.750000
v -4.955630 3.250000 -0.750000
v -4.930080 3.750000 -0.250000
v -4.955630 3.250000 -0.250000
v -4.930080 3.750000 0.250000
v -4.955630 3.250000 0.250000
v -4.930080 3.750000 0.750000
v -4.955630 3.250000 0.750000
v -4.930080 3.750000 1.250000
v -4.955630 3.250000 1.250000
v -4.930080 3.750000 1.750000
v -4.955630 3.250000 1.750000
v -4.930080 3.750000 2.250000
v -4.955630 3.250000 2.250000
v -4.930080 3.750000 2.750000
v -4.955630 3.250000 2.750000
v -4.930080 3.750000 3.250000
v -4.955630 3.250000 3.250000
v -4.930080 3.750000 3.750000
v -4.955630 3.250000 3.750000
v -4.930080 3.750000 4.250000
v -4.955630 3.250000 4.250000
v -4.930080 3.750000 4.750000
v -4.955630 3.250000 4.750000
v -4.930080 3.750000 5.250000
v -4.955630 3.250000 5.250000
v -4.930080 3.750000 5.750000
v -4.955630 3.250000 5.750000
v -4.930080 3.750000 6.250000
v -4.955630 3.250000 6.250000
v -4.930080 3.750000 6.750000
v -4.955630 3.250000 6.750000
v -4.930080 3.750000 7.250000
v -4.955630 3.250000 7.250000
v -4.930080 3.750000 7.750000
v -4.955630 3.250000 7.750000
v -4.930080 3.750000 8.250000
v -4.955630 3.250000 8.250000
v -4.930080 3.750000 8.750000
v -4.955630 3.250000 8.750000
v -4.930080 3.750000 9.250000
v -4.955630 3.250000 9.250000
v -4.930080 3.750000 9.750000
v -4.955630 3.250000 9.750000
v -4.930080 3.750000 10.250000
v -4.955630 3.250000 10.250000
v -4.930080 3.750000 10.750000
v -4.955630 3.250000 10.750000
v -4.930080 3.750000 11.250000
v -4.955630 3.250000 11.250000
v -4.930070 3.750000 11.750000
v -4.955630 3.250000 11.750000
v -4.930060 3.750000 12.250000
v -4.955620 3.250000 12.250000
v -4.929990 3.750000 12.750000
v -4.955580 3.250000 12.750000
v -4.929720 3.750000 13.250000
v -4.955410 3.250000 13.250000
v -4.928910 3.750000 13.750000
v -4.954850 3.250000 13.750000
v -4.926880 3.750000 14.250000
v -4.953420 3.250000 14.250000
v -4.922630 3.750000 14.750000
v -4.950360 3.250000 14.750000
v -4.915050 3.750000 15.250000
v -4.944810 3.250000 15.250000
v -4.903220 3.750000 15.750000
v -4.936040 3.250000 15.750000
v -4.886540 3.750000 16.250000
v -4.923530 3.250000 16.250000
v -4.864500 3.750000 16.750000
v -4.906700 3.250000 16.750000
v -4.836020 3.750000 17.250000
v -4.884470 3.250000 17.250000
v -4.799190 3.750000 17.750000
v -4.854920 3.250000 17.750000
v -4.751510 3.750000 18.250000
v -4.815520 3.250000 18.250000
v -4.690770 3.750000 18.750000
v -4.763750 3.250000 18.750000
v -4.615610 3.750000 19.250000
v -4.697620 3.250000 19.250000
v -4.525500 3.750000 19.750000
v -4.615610 3.250000 19.750000
v -4.420350 3.750000 20.250000
v -4.516730 3.250000 20.250000
v -4.300750 3.750000 20.750000
v -4.400960 3.250000 20.750000
v -4.168930 3.750000 21.250000
v -4.270380 3.250000 21.250000
v -4.029570 3.750000 21.750000
v -4.129810 3.250000 21.750000
v -3.889150 3.750000 22.250000
v -3.985980 3.250000 22.250000
v -3.753780 3.750000 22.750000
v -3.845390 3.250000 22.750000
v -3.627160 3.750000 23.250000
v -3.712180 3.250000 23.250000
v -3.510130 3.750000 23.750000
v -3.587820 3.250000 23.750000
v -3.402230 3.750000 24.250000
v -3.472310 3.250000 24.250000
v -3.303170 3.750000 24.750000
v -3.365760 3.250000 24.750000
v -3.213340 3.750000 25.250000
v -3.268750 3.250000 25.250000
v -3.133000 3.750000 25.750000
v -3.181790 3.250000 25.750000
v -3.061490 3.750000 26.250000
v -3.104500 3.250000 26.250000
v -2.997210 3.750000 26.750000
v -3.035570 3.250000 26.750000
v -2.938290 3.750000 27.250000
v -2.973240 3.250000 27.250000
v -2.883360 3.750000 27.750000
v -2.916100 3.250000 27.750000
v -2.832010 3.750000 28.250000
v -2.863460 3.250000 28.250000
v -2.784500 3.750000 28.750000
v -2.815340 3.250000 28.750000
v -2.741190 3.750000 29.250000
v -2.771950 3.250000 29.250000
v -2.702100 3.750000 29.750000
v -2.733240 3.250000 29.750000
v -2.666810 3.750000 30.250000
v -2.698700 3.250000 30.250000
v -2.634610 3.750000 30.750000
v -2.667360 3.250000 30.750000
v -2.604440 3.750000 31.250000
v -2.637700 3.250000 31.250000
v -2.574740 3.750000 31.750000
v -2.607760 3.250000 31.750000
v -2.543670 3.750000 32.250000
v -2.575390 3.250000 32.250000
v -2.509840 3.750000 32.750000
v -2.539170 3.250000 32.750000
v -2.473260 3.750000 33.250000
v -2.499230 3.250000 33.250000
v -2.435630 3.750000 33.750000
v -2.457590 3.250000 33.750000
v -2.399980 3.750000 34.250000
v -2.417710 3.250000 34.250000
v -2.369980 3.750000 34.750000
v -2.383880 3.250000 34.750000
v -2.349410 3.750000 35.250000
v -2.360490 3.250000 35.250000
v -2.341890 3.750000 35.750000
v -2.351710 3.250000 35.750000
v -2.350800 3.750000 36.250000
v -2.361170 3.250000 36.250000
v -2.378790 3.750000 36.750000
v -2.391500 3.250000 36.750000
v -2.427150 3.750000 37.250000
v -2.443740 3.250000 37.250000
v -2.495490 3.750000 37.750000
v -2.517190 3.250000 37.750000
v -2.582450 3.750000 38.250000
v -2.610340 3.250000 38.250000
v -2.687380 3.750000 38.750000
v -2.722320 3.250000 38.750000
v -2.811710 3.750000 39.250000
v -2.854360 3.250000 39.250000
v -2.958780 3.750000 39.750000
v -3.009230 3.250000 39.750000
v -3.131240 3.750000 40.250000
v -3.188900 3.250000 40.250000
v -3.327520 3.750000 40.750000
v -3.390920 3.250000 40.750000
v -3.538650 3.750000 41.250000
v -3.605810 3.250000 41.250000
v -3.748320 3.750000 41.750000
v -3.816730 3.250000 41.750000
v -4.212060 3.250000 44.250000
v -4.203190 3.750000 44.250000
v -4.122160 3.750000 44.750000
v -4.113260 3.250000 44.750000
v -3.977420 3.750000 45.250000
v -3.971010 3.250000 45.250000
v -3.836380 3.750000 45.750000
v -3.815720 3.250000 45.750000
v -3.735040 3.750000 46.250000
v -3.659980 3.250000 46.250000
v -1.664120 4.250000 -39.250000
v -1.740220 4.250000 -38.750000
v -1.863680 4.250000 -38.250000
v -1.984360 4.250000 -37.750000
v -2.115850 4.250000 -37.250000
v -2.251160 4.250000 -36.750000
v -2.381970 4.250000 -36.250000
v -2.502050 4.250000 -35.750000
v -2.607310 4.250000 -35.250000
v -2.926550 3.750000 -33.250000
v -2.924790 4.250000 -33.250000
v -3.005980 4.250000 -32.750000
v -3.087690 4.250000 -32.250000
v -3.161440 4.250000 -31.750000
v -3.219590 4.250000 -31.250000
v -3.259120 4.250000 -30.750000
v -3.282110 4.250000 -30.250000
v -3.293630 4.250000 -29.750000
v -3.299070 4.250000 -29.250000
v -3.302670 4.250000 -28.750000
v -3.307360 4.250000 -28.250000
v -3.315090 4.250000 -27.750000
v -3.327110 4.250000 -27.250000
v -3.344120 4.250000 -26.750000
v -3.366480 4.250000 -26.250000
v -3.394620 4.250000 -25.750000
v -3.429090 4.250000 -25.250000
v -3.470430 4.250000 -24.750000
v -3.519110 4.250000 -24.250000
v -3.575760 4.250000 -23.750000
v -3.641540 4.250000 -23.250000
v -3.717890 4.250000 -22.750000
v -3.805700 4.250000 -22.250000
v -3.904250 4.250000 -21.750000
v -4.011010 4.250000 -21.250000
v -4.121980 4.250000 -20.750000
v -4.232550 4.250000 -20.250000
v -4.338360 4.250000 -19.750000
v -4.435980 4.250000 -19.250000
v -4.523260 4.250000 -18.750000
v -4.599240 4.250000 -18.250000
v -4.663930 4.250000 -17.750000
v -4.718040 4.250000 -17.250000
v -4.762830 4.250000 -16.750000
v -4.799630 4.250000 -16.250000
v -4.829390 4.250000 -15.750000
v -4.852510 4.250000 -15.250000
v -4.869240 4.250000 -14.750000
v -4.880160 4.250000 -14.250000
v -4.886460 4.250000 -13.750000
v -4.889600 4.250000 -13.250000
v -4.890930 4.250000 -12.750000
v -4.891400 4.250000 -12.250000
v -4.891540 4.250000 -11.750000
v -4.891580 4.250000 -11.250000
v -4.891580 4.250000 -10.750000
v -4.891580 4.250000 -10.250000
v -4.891580 4.250000 -9.750000
v -4.891580 4.250000 -9.250000
v -4.891580 4.250000 -8.750000
v -4.891580 4.250000 -8.250000
v -4.891580 4.250000 -7.750000
v -4.891580 4.250000 -7.250000
v -4.891580 4.250000 -6.750000
v -4.891580 4.250000 -6.250000
v -4.891580 4.250000 -5.750000
v -4.891580 4.250000 -5.250000
v -4.891580 4.250000 -4.750000
v -4.891580 4.250000 -2.750000
v -4.891580 4.250000 -2.250000
v -4.891580 4.250000 -1.750000
v -4.891580 4.250000 -1.250000
v -4.891580 4.250000 -0.750000
v -4.891580 4.250000 -0.250000
v -4.891580 4.250000 0.250000
v -4.891580 4.250000 0.750000
v -4.891580 4.250000 1.250000
v -4.891580 4.250000 1.750000
v -4.891580 4.250000 2.250000
v -4.891580 4.250000 2.750000
v -4.891580 4.250000 3.250000
v -4.891580 4.250000 3.750000
v -4.891580 4.250000 4.250000
v -4.891580 4.250000 4.750000
v -4.891580 4.250000 5.250000
v -4.891580 4.250000 5.750000
v -4.891580 4.250000 6.250000
v -4.891580 4.250000 6.750000
v -4.891580 4.250000 7.250000
v -4.891580 4.250000 7.750000
v -4.891580 4.250000 8.250000
v -4.891580 4.250000 8.750000
v -4.891580 4.250000 9.250000
v -4.891580 4.250000 9.750000
v -4.891580 4.250000 10.250000
v -4.891580 4.250000 10.750000
v -4.891580 4.250000 11.250000
v -4.891580 4.250000 11.750000
v -4.891540 4.250000 12.250000
v -4.891400 4.250000 12.750000
v -4.890930 4.250000 13.250000
v -4.889600 4.250000 13.750000
v -4.886460 4.250000 14.250000
v -4.880160 4.250000 14.750000
v -4.869230 4.250000 15.250000
v -4.852450 4.250000 15.750000
v -4.829130 4.250000 16.250000
v -4.798690 4.250000 16.750000
v -4.760120 4.250000 17.250000
v -4.711500 4.250000 17.750000
v -4.650550 4.250000 18.250000
v -4.575570 4.250000 18.750000
v -4.486280 4.250000 19.250000
v -4.383560 4.250000 19.750000
v -4.268830 4.250000 20.250000
v -4.143730 4.250000 20.750000
v -4.010850 4.250000 21.250000
v -3.874560 4.250000 21.750000
v -3.740510 4.250000 22.250000
v -3.613930 4.250000 22.750000
v -3.497680 4.250000 23.250000
v -3.392000 4.250000 23.750000
v -3.295850 4.250000 24.250000
v -3.208500 4.250000 24.750000
v -3.129840 4.250000 25.250000
v -3.059670 4.250000 25.750000
v -2.996820 4.250000 26.250000
v -2.939360 4.250000 26.750000
v -2.885340 4.250000 27.250000
v -2.833620 4.250000 27.750000
v -2.784130 4.250000 28.250000
v -2.737480 4.250000 28.750000
v -2.694190 4.250000 29.250000
v -2.654370 4.250000 29.750000
v -2.617770 4.250000 30.250000
v -2.584100 4.250000 30.750000
v -2.552910 4.250000 31.250000
v -2.523380 4.250000 31.750000
v -2.494180 4.250000 32.250000
v -2.464180 4.250000 32.750000
v -2.433180 4.250000 33.250000
v -2.402360 4.250000 33.750000
v -2.373920 4.250000 34.250000
v -2.350540 4.250000 34.750000
v -2.334950 4.250000 35.250000
v -2.329940 4.250000 35.750000
v -2.338380 4.250000 36.250000
v -2.362870 4.250000 36.750000
v -2.405070 4.250000 37.250000
v -2.465130 4.250000 37.750000
v -2.542320 4.250000 38.250000
v -2.636420 4.250000 38.750000
v -2.749250 4.250000 39.250000
v -2.884480 4.250000 39.750000
v -3.045370 4.250000 40.250000
v -3.230970 4.250000 40.750000
v -3.433350 4.250000 41.250000
v -3.637120 4.250000 41.750000
v -4.226530 3.750000 43.750000
v -4.181050 4.250000 43.750000
v -4.192690 4.250000 44.250000
v -4.164560 4.250000 44.750000
v -1.908790 4.750000 -38.250000
v -1.986490 4.750000 -37.750000
v -2.103770 4.750000 -37.250000
v -2.235490 4.750000 -36.750000
v -2.366960 4.750000 -36.250000
v -2.489220 4.750000 -35.750000
v -2.597220 4.750000 -35.250000
v -2.924110 4.750000 -33.250000
v -3.005470 4.750000 -32.750000
v -3.086600 4.750000 -32.250000
v -3.159670 4.750000 -31.750000
v -3.217540 4.750000 -31.250000
v -3.257280 4.750000 -30.750000
v -3.280780 4.750000 -30.250000
v -3.292760 4.750000 -29.750000
v -3.298330 4.750000 -29.250000
v -3.301550 4.750000 -28.750000
v -3.305170 4.750000 -28.250000
v -3.310950 4.750000 -27.750000
v -3.320020 4.750000 -27.250000
v -3.333050 4.750000 -26.750000
v -3.350510 4.750000 -26.250000
v -3.372900 4.750000 -25.750000
v -3.400820 4.750000 -25.250000
v -3.434870 4.750000 -24.750000
v -3.475620 4.750000 -24.250000
v -3.523940 4.750000 -23.750000
v -3.581220 4.750000 -23.250000
v -3.649170 4.750000 -22.750000
v -3.728950 4.750000 -22.250000
v -3.820390 4.750000 -21.750000
v -3.921560 4.750000 -21.250000
v -4.029130 4.750000 -20.750000
v -4.139000 4.750000 -20.250000
v -4.246930 4.750000 -19.750000
v -4.349220 4.750000 -19.250000
v -4.443060 4.750000 -18.750000
v -4.526710 4.750000 -18.250000
v -4.599420 4.750000 -17.750000
v -4.661370 4.750000 -17.250000
v -4.713400 4.750000 -16.750000
v -4.756620 4.750000 -16.250000
v -4.791810 4.750000 -15.750000
v -4.819300 4.750000 -15.250000
v -4.839350 4.750000 -14.750000
v -4.852640 4.750000 -14.250000
v -4.860480 4.750000 -13.750000
v -4.864520 4.750000 -13.250000
v -4.866320 4.750000 -12.750000
v -4.867010 4.750000 -12.250000
v -4.867220 4.750000 -11.750000
v -4.867280 4.750000 -11.250000
v -4.867290 4.750000 -10.750000
v -4.867300 4.750000 -10.250000
v -4.867300 4.750000 -9.750000
v -4.867300 4.750000 -9.250000
v -4.867300 4.750000 -8.750000
v -4.867300 4.750000 -8.250000
v -4.867300 4.750000 -7.750000
v -4.867300 4.750000 -7.250000
v -4.867300 4.750000 -6.750000
v -4.867300 4.750000 -6.250000
v -4.867300 4.750000 -5.750000
v -4.867300 4.750000 -5.250000
v -4.867300 4.750000 -4.750000
v -4.867300 4.750000 -2.250000
v -4.867300 4.750000 -1.750000
v -4.867300 4.750000 -1.250000
v -4.867300 4.750000 -0.750000
v -4.867300 4.750000 -0.250000
v -4.867300 4.750000 0.250000
v -4.867300 4.750000 0.750000
v -4.867300 4.750000 1.250000
v -4.867300 4.750000 1.750000
v -4.867300 4.750000 2.250000
v -4.867300 4.750000 2.750000
v -4.867300 4.750000 3.250000
v -4.867300 4.750000 3.750000
v -4.867300 4.750000 4.250000
v -4.867300 4.750000 4.750000
v -4.867300 4.750000 5.250000
v -4.867300 4.750000 5.750000
v -4.867300 4.750000 6.250000
v -4.867300 4.750000 6.750000
v -4.867300 4.750000 7.250000
v -4.867300 4.750000 7.750000
v -4.867300 4.750000 8.250000
v -4.867300 4.750000 8.750000
v -4.867300 4.750000 9.250000
v -4.867300 4.750000 9.750000
v -4.867300 4.750000 10.250000
v -4.867300 4.750000 10.750000
v -4.867290 4.750000 11.250000
v -4.867280 4.750000 11.750000
v -4.867220 4.750000 12.250000
v -4.867010 4.750000 12.750000
v -4.866320 4.750000 13.250000
v -4.864520 4.750000 13.750000
v -4.860480 4.750000 14.250000
v -4.852640 4.750000 14.750000
v -4.839330 4.750000 15.250000
v -4.819200 4.750000 15.750000
v -4.791410 4.750000 16.250000
v -4.755350 4.750000 16.750000
v -4.709930 4.750000 17.250000
v -4.653380 4.750000 17.750000
v -4.583620 4.750000 18.250000
v -4.499430 4.750000 18.750000
v -4.401140 4.750000 19.250000
v -4.290510 4.750000 19.750000
v -4.169830 4.750000 20.250000
v -4.041520 4.750000 20.750000
v -3.908470 4.750000 21.250000
v -3.774750 4.750000 21.750000
v -3.645380 4.750000 22.250000
v -3.524780 4.750000 22.750000
v -3.415280 4.750000 23.250000
v -3.316820 4.750000 23.750000
v -3.228200 4.750000 24.250000
v -3.148400 4.750000 24.750000
v -3.076950 4.750000 25.250000
v -3.013200 4.750000 25.750000
v -2.955720 4.750000 26.250000
v -2.902430 4.750000 26.750000
v -2.851410 4.750000 27.250000
v -2.801690 4.750000 27.750000
v -2.753390 4.750000 28.250000
v -2.707270 4.750000 28.750000
v -2.663950 4.750000 29.250000
v -2.623610 4.750000 29.750000
v -2.586150 4.750000 30.250000
v -2.551530 4.750000 30.750000
v -2.519700 4.750000 31.250000
v -2.490240 4.750000 31.750000
v -2.462230 4.750000 32.250000
v -2.434740 4.750000 32.750000
v -2.407510 4.750000 33.250000
v -2.381320 4.750000 33.750000
v -2.357810 4.750000 34.250000
v -2.338940 4.750000 34.750000
v -2.326810 4.750000 35.250000
v -2.323680 4.750000 35.750000
v -2.332060 4.750000 36.250000
v -2.354440 4.750000 36.750000
v -2.392630 4.750000 37.250000
v -2.447240 4.750000 37.750000
v -2.518020 4.750000 38.250000
v -2.605260 4.750000 38.750000
v -2.710940 4.750000 39.250000
v -2.838800 4.750000 39.750000
v -2.991980 4.750000 40.250000
v -3.169770 4.750000 40.750000
v -3.364640 4.750000 41.250000
v -3.562110 4.750000 41.750000
f 3690 3691 3692
f 3690 3692 3693
f 3693 3692 3694
f 3693 3694 3695
f 3695 3694 3696
f 3695 3696 3697
f 3697 3696 3698
f 3697 3698 3699
f 3699 3698 3700
f 3699 3700 3701
f 3701 3700 3702
f 3701 3702 3703
f 3703 3702 3704
f 3703 3704 3705
f 3705 3704 3706
f 3705 3706 3707
f 3707 3706 3708
f 3707 3708 3709
f 3709 3708 3710
f 3711 3712 3713
f 3711 3713 3714
f 3714 3713 3715
f 3714 3715 3716
f 3716 3715 3717
f 3716 3717 3718
f 3718 3717 3719
f 3718 3719 3720
f 3720 3719 3721
f 3720 3721 3722
f 3722 3721 3723
f 3722 3723 3724
f 3724 3723 3725
f 3724 3725 3726
f 3726 3725 3727
f 3726 3727 3728
f 3728 3727 3729
f 3728 3729 3730
f 3730 3729 3731
f 3730 3731 3732
f 3732 3731 3733
f 3732 3733 3734
f 3734 3733 3735
f 3734 3735 3736
f 3736 3735 3737
f 3736 3737 3738
f 3738 3737 3739
f 3738 3739 3740
f 3740 3739 3741
f 3740 3741 3742
f 3742 3741 3743
f 3742 3743 3744
f 3744 3743 3745
f 3744 3745 3746
f 3746 3745 3747
f 3746 3747 3748
f 3748 3747 3749
f 3748 3749 3750
f 3750 3749 3751
f 3750 3751 3752
f 3752 3751 3753
f 3752 3753 3754
f 3754 3753 3755
f 3754 3755 3756
f 3756 3755 3757
f 3756 3757 3758
f 3758 3757 3759
f 3758 3759 3760
f 3760 3759 3761
f 3760 3761 3762
f 3762 3761 3763
f 3762 3763 3764
f 3764 3763 3765
f 3764 3765 3766
f 3766 3765 3767
f 3766 3767 3768
f 3768 3767 3769
f 3768 3769 3770
f 3770 3769 3771
f 3770 3771 3772
f 3772 3771 3773
f 3772 3773 3774
f 3774 3773 3775
f 3774 3775 3776
f 3776 3775 3777
f 3776 3777 3778
f 3778 3777 3779
f 3778 3779 3780
f 3780 3779 3781
f 3780 3781 3782
f 3782 3781 3783
f 3782 3783 3784
f 3784 3783 3785
f 3784 3785 3786
f 3786 3785 3787
f 3786 3787 3788
f 3788 3787 3789
f 3788 3789 3790
f 3790 3789 3791
f 3790 3791 3792
f 3792 3791 3793
f 3792 3793 3794
f 3794 3793 3795
f 3794 3795 3796
f 3796 3795 3797
f 3796 3797 3798
f 3798 3797 3799
f 3798 3799 3800
f 3800 3799 3801
f 3800 3801 3802
f 3802 3801 3803
f 3802 3803 3804
f 3804 3803 3805
f 3804 3805 3806
f 3806 3805 3807
f 3806 3807 3808
f 3808 3807 3809
f 3808 3809 3810
f 3810 3809 3811
f 3810 3811 3812
f 3812 3811 3813
f 3812 3813 3814
f 3814 3813 3815
f 3814 3815 3816
f 3816 3815 3817
f 3816 3817 3818
f 3818 3817 3819
f 3818 3819 3820
f 3820 3819 3821
f 3820 3821 3822
f 3822 3821 3823
f 3822 3823 3824
f 3825 3826 3827
f 3825 3827 3828
f 3828 3827 3829
f 3828 3829 3830
f 3830 3829 3831
f 3830 3831 3832
f 3832 3831 3833
f 3832 3833 3834
f 3834 3833 3835
f 3834 3835 3836
f 3836 3835 3837
f 3836 3837 3838
f 3838 3837 3839
f 3838 3839 3840
f 3840 3839 3841
f 3840 3841 3842
f 3842 3841 3843
f 3842 3843 3844
f 3844 3843 3845
f 3844 3845 3846
f 3846 3845 3847
f 3846 3847 3848
f 3848 3847 3849
f 3848 3849 3850
f 3850 3849 3851
f 3850 3851 3852
f 3852 3851 3853
f 3852 3853 3854
f 3854 3853 3855
f 3854 3855 3856
f 3856 3855 3857
f 3856 3857 3858
f 3858 3857 3859
f 3858 3859 3860
f 3860 3859 3861
f 3860 3861 3862
f 3862 3861 3863
f 3862 3863 3864
f 3864 3863 3865
f 3864 3865 3866
f 3866 3865 3867
f 3866 3867 3868
f 3868 3867 3869
f 3868 3869 3870
f 3870 3869 3871
f 3870 3871 3872
f 3872 3871 3873
f 3872 3873 3874
f 3874 3873 3875
f 3874 3875 3876
f 3876 3875 3877
f 3876 3877 3878
f 3878 3877 3879
f 3878 3879 3880
f 3880 3879 3881
f 3880 3881 3882
f 3882 3881 3883
f 3882 3883 3884
f 3884 3883 3885
f 3884 3885 3886
f 3886 3885 3887
f 3886 3887 3888
f 3888 3887 3889
f 3888 3889 3890
f 3890 3889 3891
f 3890 3891 3892
f 3892 3891 3893
f 3892 3893 3894
f 3894 3893 3895
f 3894 3895 3896
f 3896 3895 3897
f 3896 3897 3898
f 3898 3897 3899
f 3898 3899 3900
f 3900 3899 3901
f 3900 3901 3902
f 3902 3901 3903
f 3902 3903 3904
f 3904 3903 3905
f 3904 3905 3906
f 3906 3905 3907
f 3906 3907 3908
f 3908 3907 3909
f 3908 3909 3910
f 3910 3909 3911
f 3910 3911 3912
f 3912 3911 3913
f 3912 3913 3914
f 3914 3913 3915
f 3914 3915 3916
f 3916 3915 3917
f 3916 3917 3918
f 3918 3917 3919
f 3918 3919 3920
f 3920 3919 3921
f 3920 3921 3922
f 3922 3921 3923
f 3922 3923 3924
f 3924 3923 3925
f 3924 3925 3926
f 3926 3925 3927
f 3926 3927 3928
f 3928 3927 3929
f 3928 3929 3930
f 3930 3929 3931
f 3930 3931 3932
f 3932 3931 3933
f 3932 3933 3934
f 3934 3933 3935
f 3934 3935 3936
f 3936 3935 3937
f 3936 3937 3938
f 3938 3937 3939
f 3938 3939 3940
f 3940 3939 3941
f 3940 3941 3942
f 3942 3941 3943
f 3942 3943 3944
f 3944 3943 3945
f 3944 3945 3946
f 3946 3945 3947
f 3946 3947 3948
f 3948 3947 3949
f 3948 3949 3950
f 3950 3949 3951
f 3950 3951 3952
f 3952 3951 3953
f 3952 3953 3954
f 3954 3953 3955
f 3954 3955 3956
f 3956 3955 3957
f 3956 3957 3958
f 3958 3957 3959
f 3958 3959 3960
f 3960 3959 3961
f 3960 3961 3962
f 3962 3961 3963
f 3962 3963 3964
f 3964 3963 3965
f 3964 3965 3966
f 3966 3965 3967
f 3966 3967 3968
f 3968 3967 3969
f 3968 3969 3970
f 3970 3969 3971
f 3970 3971 3972
f 3972 3971 3973
f 3972 3973 3974
f 3974 3973 3975
f 3974 3975 3976
f 3976 3975 3977
f 3976 3977 3978
f 3978 3977 3979
f 3978 3979 3980
f 3980 3979 3981
f 3980 3981 3982
f 3982 3981 3983
f 3982 3983 3984
f 3984 3983 3985
f 3984 3985 3986
f 3986 3985 3987
f 3986 3987 3988
f 3988 3987 3989
f 3988 3989 3990
f 3990 3989 3991
f 3990 3991 3992
f 3992 3991 3993
f 3992 3993 3994
f 3994 3993 3995
f 3994 3995 3996
f 3996 3995 3997
f 3996 3997 3998
f 3998 3997 3999
f 3998 3999 4000
f 4000 3999 4001
f 4000 4001 4002
f 4002 4001 4003
f 4002 4003 4004
f 4005 4006 4007
f 4005 4007 4008
f 4008 4007 4009
f 4008 4009 4010
f 4010 4009 4011
f 4010 4011 4012
f 4012 4011 4013
f 4012 4013 4014
f 3694 4015 4016
f 3694 4016 3696
f 3696 4016 4017
f 3696 4017 3698
f 3698 4017 4018
f 3698 4018 3700
f 3700 4018 4019
f 3700 4019 3702
f 3702 4019 4020
f 3702 4020 3704
f 3704 4020 4021
f 3704 4021 3706
f 3706 4021 4022
f 3706 4022 3708
f 3708 4022 4023
f 4024 4025 4026
f 3712 4026 4027
f 3712 4027 3713
f 3713 4027 4028
f 3713 4028 3715
f 3715 4028 4029
f 3715 4029 3717
f 3717 4029 4030
f 3717 4030 3719
f 3719 4030 4031
f 3719 4031 3721
f 3721 4031 4032
f 3721 4032 3723
f 3723 4032 4033
f 3723 4033 3725
f 3725 4033 4034
f 3725 4034 3727
f 3727 4034 4035
f 3727 4035 3729
f 3729 4035 4036
f 3729 4036 3731
f 3731 4036 4037
f 3731 4037 3733
f 3733 4037 4038
f 3733 4038 3735
f 3735 4038 4039
f 3735 4039 3737
f 3737 4039 4040
f 3737 4040 3739
f 3739 4040 4041
f 3739 4041 3741
f 3741 4041 4042
f 3741 4042 3743
f 3743 4042 4043
f 3743 4043 3745
f 3745 4043 4044
f 3745 4044 3747
f 3747 4044 4045
f 3747 4045 3749
f 3749 4045 4046
f 3749 4046 3751
f 3751 4046 4047
f 3751 4047 3753
f 3753 4047 4048
f 3753 4048 3755
f 3755 4048 4049
f 3755 4049 3757
f 3757 4049 4050
f 3757 4050 3759
f 3759 4050 4051
f 3759 4051 3761
f 3761 4051 4052
f 3761 4052 3763
f 3763 4052 4053
f 3763 4053 3765
f 3765 4053 4054
f 3765 4054 3767
f 3767 4054 4055
f 3767 4055 3769
f 3769 4055 4056
f 3769 4056 3771
f 3771 4056 4057
f 3771 4057 3773
f 3773 4057 4058
f 3773 4058 3775
f 3775 4058 4059
f 3775 4059 3777
f 3777 4059 4060
f 3777 4060 3779
f 3779 4060 4061
f 3779 4061 3781
f 3781 4061 4062
f 3781 4062 3783
f 3783 4062 4063
f 3783 4063 3785
f 3785 4063 4064
f 3785 4064 3787
f 3787 4064 4065
f 3787 4065 3789
f 3789 4065 4066
f 3789 4066 3791
f 3791 4066 4067
f 3791 4067 3793
f 3793 4067 4068
f 3793 4068 3795
f 3795 4068 4069
f 3795 4069 3797
f 3797 4069 4070
f 3797 4070 3799
f 3799 4070 4071
f 3799 4071 3801
f 3801 4071 4072
f 3801 4072 3803
f 3803 4072 4073
f 3803 4073 3805
f 3805 4073 4074
f 3805 4074 3807
f 3807 4074 4075
f 3807 4075 3809
f 3809 4075 4076
f 3809 4076 3811
f 3811 4076 4077
f 3811 4077 3813
f 3813 4077 4078
f 3813 4078 3815
f 3815 4078 4079
f 3815 4079 3817
f 3817 4079 4080
f 3817 4080 3819
f 3819 4080 4081
f 3819 4081 3821
f 3821 4081 4082
f 3821 4082 3823
f 3826 4083 4084
f 3826 4084 3827
f 3827 4084 4085
f 3827 4085 3829
f 3829 4085 4086
f 3829 4086 3831
f 3831 4086 4087
f 3831 4087 3833
f 3833 4087 4088
f 3833 4088 3835
f 3835 4088 4089
f 3835 4089 3837
f 3837 4089 4090
f 3837 4090 3839
f 3839 4090 4091
f 3839 4091 3841
f 3841 4091 4092
f 3841 4092 3843
f 3843 4092 4093
f 3843 4093 3845
f 3845 4093 4094
f 3845 4094 3847
f 3847 4094 4095
f 3847 4095 3849
f 3849 4095 4096
f 3849 4096 3851
f 3851 4096 4097
f 3851 4097 3853
f 3853 4097 4098
f 3853 4098 3855
f 3855 4098 4099
f 3855 4099 3857
f 3857 4099 4100
f 3857 4100 3859
f 3859 4100 4101
f 3859 4101 3861
f 3861 4101 4102
f 3861 4102 3863
f 3863 4102 4103
f 3863 4103 3865
f 3865 4103 4104
f 3865 4104 3867
f 3867 4104 4105
f 3867 4105 3869
f 3869 4105 4106
f 3869 4106 3871
f 3871 4106 4107
f 3871 4107 3873
f 3873 4107 4108
f 3873 4108 3875
f 3875 4108 4109
f 3875 4109 3877
f 3877 4109 4110
f 3877 4110 3879
f 3879 4110 4111
f 3879 4111 3881
f 3881 4111 4112
f 3881 4112 3883
f 3883 4112 4113
f 3883 4113 3885
f 3885 4113 4114
f 3885 4114 3887
f 3887 4114 4115
f 3887 4115 3889
f 3889 4115 4116
f 3889 4116 3891
f 3891 4116 4117
f 3891 4117 3893
f 3893 4117 4118
f 3893 4118 3895
f 3895 4118 4119
f 3895 4119 3897
f 3897 4119 4120
f 3897 4120 3899
f 3899 4120 4121
f 3899 4121 3901
f 3901 4121 4122
f 3901 4122 3903
f 3903 4122 4123
f 3903 4123 3905
f 3905 4123 4124
f 3905 4124 3907
f 3907 4124 4125
f 3907 4125 3909
f 3909 4125 4126
f 3909 4126 3911
f 3911 4126 4127
f 3911 4127 3913
f 3913 4127 4128
f 3913 4128 3915
f 3915 4128 4129
f 3915 4129 3917
f 3917 4129 4130
f 3917 4130 3919
f 3919 4130 4131
f 3919 4131 3921
f 3921 4131 4132
f 3921 4132 3923
f 3923 4132 4133
f 3923 4133 3925
f 3925 4133 4134
f 3925 4134 3927
f 3927 4134 4135
f 3927 4135 3929
f 3929 4135 4136
f 3929 4136 3931
f 3931 4136 4137
f 3931 4137 3933
f 3933 4137 4138
f 3933 4138 3935
f 3935 4138 4139
f 3935 4139 3937
f 3937 4139 4140
f 3937 4140 3939
f 3939 4140 4141
f 3939 4141 3941
f 3941 4141 4142
f 3941 4142 3943
f 3943 4142 4143
f 3943 4143 3945
f 3945 4143 4144
f 3945 4144 3947
f 3947 4144 4145
f 3947 4145 3949
f 3949 4145 4146
f 3949 4146 3951
f 3951 4146 4147
f 3951 4147 3953
f 3953 4147 4148
f 3953 4148 3955
f 3955 4148 4149
f 3955 4149 3957
f 3957 4149 4150
f 3957 4150 3959
f 3959 4150 4151
f 3959 4151 3961
f 3961 4151 4152
f 3961 4152 3963
f 3963 4152 4153
f 3963 4153 3965
f 3965 4153 4154
f 3965 4154 3967
f 3967 4154 4155
f 3967 4155 3969
f 3969 4155 4156
f 3969 4156 3971
f 3971 4156 4157
f 3971 4157 3973
f 3973 4157 4158
f 3973 4158 3975
f 3975 4158 4159
f 3975 4159 3977
f 3977 4159 4160
f 3977 4160 3979
f 3979 4160 4161
f 3979 4161 3981
f 3981 4161 4162
f 3981 4162 3983
f 3983 4162 4163
f 3983 4163 3985
f 3985 4163 4164
f 3985 4164 3987
f 3987 4164 4165
f 3987 4165 3989
f 3989 4165 4166
f 3989 4166 3991
f 3991 4166 4167
f 3991 4167 3993
f 3993 4167 4168
f 3993 4168 3995
f 3995 4168 4169
f 3995 4169 3997
f 3997 4169 4170
f 3997 4170 3999
f 3999 4170 4171
f 3999 4171 4001
f 4001 4171 4172
f 4001 4172 4003
f 4173 4174 4175
f 4006 4175 4176
f 4006 4176 4007
f 4017 4177 4178
f 4017 4178 4018
f 4018 4178 4179
f 4018 4179 4019
f 4019 4179 4180
f 4019 4180 4020
f 4020 4180 4181
f 4020 4181 4021
f 4021 4181 4182
f 4021 4182 4022
f 4022 4182 4183
f 4025 4184 4185
f 4025 4185 4026
f 4026 4185 4186
f 4026 4186 4027
f 4027 4186 4187
f 4027 4187 4028
f 4028 4187 4188
f 4028 4188 4029
f 4029 4188 4189
f 4029 4189 4030
f 4030 4189 4190
f 4030 4190 4031
f 4031 4190 4191
f 4031 4191 4032
f 4032 4191 4192
f 4032 4192 4033
f 4033 4192 4193
f 4033 4193 4034
f 4034 4193 4194
f 4034 4194 4035
f 4035 4194 4195
f 4035 4195 4036
f 4036 4195 4196
f 4036 4196 4037
f 4037 4196 4197
f 4037 4197 4038
f 4038 4197 4198
f 4038 4198 4039
f 4039 4198 4199
f 4039 4199 4040
f 4040 4199 4200
f 4040 4200 4041
f 4041 4200 4201
f 4041 4201 4042
f 4042 4201 4202
f 4042 4202 4043
f 4043 4202 4203
f 4043 4203 4044
f 4044 4203 4204
f 4044 4204 4045
f 4045 4204 4205
f 4045 4205 4046
f 4046 4205 4206
f 4046 4206 4047
f 4047 4206 4207
f 4047 4207 4048
f 4048 4207 4208
f 4048 4208 4049
f 4049 4208 4209
f 4049 4209 4050
f 4050 4209 4210
f 4050 4210 4051
f 4051 4210 4211
f 4051 4211 4052
f 4052 4211 4212
f 4052 4212 4053
f 4053 4212 4213
f 4053 4213 4054
f 4054 4213 4214
f 4054 4214 4055
f 4055 4214 4215
f 4055 4215 4056
f 4056 4215 4216
f 4056 4216 4057
f 4057 4216 4217
f 4057 4217 4058
f 4058 4217 4218
f 4058 4218 4059
f 4059 4218 4219
f 4059 4219 4060
f 4060 4219 4220
f 4060 4220 4061
f 4061 4220 4221
f 4061 4221 4062
f 4062 4221 4222
f 4062 4222 4063
f 4063 4222 4223
f 4063 4223 4064
f 4064 4223 4224
f 4064 4224 4065
f 4065 4224 4225
f 4065 4225 4066
f 4066 4225 4226
f 4066 4226 4067
f 4067 4226 4227
f 4067 4227 4068
f 4068 4227 4228
f 4068 4228 4069
f 4069 4228 4229
f 4069 4229 4070
f 4070 4229 4230
f 4070 4230 4071
f 4071 4230 4231
f 4071 4231 4072
f 4072 4231 4232
f 4072 4232 4073
f 4073 4232 4233
f 4073 4233 4074
f 4074 4233 4234
f 4074 4234 4075
f 4075 4234 4235
f 4075 4235 4076
f 4076 4235 4236
f 4076 4236 4077
f 4077 4236 4237
f 4077 4237 4078
f 4078 4237 4238
f 4078 4238 4079
f 4079 4238 4239
f 4079 4239 4080
f 4080 4239 4240
f 4080 4240 4081
f 4081 4240 4241
f 4081 4241 4082
f 4083 4242 4084
f 4084 4242 4243
f 4084 4243 4085
f 4085 4243 4244
f 4085 4244 4086
f 4086 4244 4245
f 4086 4245 4087
f 4087 4245 4246
f 4087 4246 4088
f 4088 4246 4247
f 4088 4247 4089
f 4089 4247 4248
f 4089 4248 4090
f 4090 4248 4249
f 4090 4249 4091
f 4091 4249 4250
f 4091 4250 4092
f 4092 4250 4251
f 4092 4251 4093
f 4093 4251 4252
f 4093 4252 4094
f 4094 4252 4253
f 4094 4253 4095
f 4095 4253 4254
f 4095 4254 4096
f 4096 4254 4255
f 4096 4255 4097
f 4097 4255 4256
f 4097 4256 4098
f 4098 4256 4257
f 4098 4257 4099
f 4099 4257 4258
f 4099 4258 4100
f 4100 4258 4259
f 4100 4259 4101
f 4101 4259 4260
f 4101 4260 4102
f 4102 4260 4261
f 4102 4261 4103
f 4103 4261 4262
f 4103 4262 4104
f 4104 4262 4263
f 4104 4263 4105
f 4105 4263 4264
f 4105 4264 4106
f 4106 4264 4265
f 4106 4265 4107
f 4107 4265 4266
f 4107 4266 4108
f 4108 4266 4267
f 4108 4267 4109
f 4109 4267 4268
f 4109 4268 4110
f 4110 4268 4269
f 4110 4269 4111
f 4111 4269 4270
f 4111 4270 4112
f 4112 4270 4271
f 4112 4271 4113
f 4113 4271 4272
f 4113 4272 4114
f 4114 4272 4273
f 4114 4273 4115
f 4115 4273 4274
f 4115 4274 4116
f 4116 4274 4275
f 4116 4275 4117
f 4117 4275 4276
f 4117 4276 4118
f 4118 4276 4277
f 4118 4277 4119
f 4119 4277 4278
f 4119 4278 4120
f 4120 4278 4279
f 4120 4279 4121
f 4121 4279 4280
f 4121 4280 4122
f 4122 4280 4281
f 4122 4281 4123
f 4123 4281 4282
f 4123 4282 4124
f 4124 4282 4283
f 4124 4283 4125
f 4125 4283 4284
f 4125 4284 4126
f 4126 4284 4285
f 4126 4285 4127
f 4127 4285 4286
f 4127 4286 4128
f 4128 4286 4287
f 4128 4287 4129
f 4129 4287 4288
f 4129 4288 4130
f 4130 4288 4289
f 4130 4289 4131
f 4131 4289 4290
f 4131 4290 4132
f 4132 4290 4291
f 4132 4291 4133
f 4133 4291 4292
f 4133 4292 4134
f 4134 4292 4293
f 4134 4293 4135
f 4135 4293 4294
f 4135 4294 4136
f 4136 4294 4295
f 4136 4295 4137
f 4137 4295 4296
f 4137 4296 4138
f 4138 4296 4297
f 4138 4297 4139
f 4139 4297 4298
f 4139 4298 4140
f 4140 4298 4299
f 4140 4299 4141
f 4141 4299 4300
f 4141 4300 4142
f 4142 4300 4301
f 4142 4301 4143
f 4143 4301 4302
f 4143 4302 4144
f 4144 4302 4303
f 4144 4303 4145
f 4145 4303 4304
f 4145 4304 4146
f 4146 4304 4305
f 4146 4305 4147
f 4147 4305 4306
f 4147 4306 4148
f 4148 4306 4307
f 4148 4307 4149
f 4149 4307 4308
f 4149 4308 4150
f 4150 4308 4309
f 4150 4309 4151
f 4151 4309 4310
f 4151 4310 4152
f 4152 4310 4311
f 4152 4311 4153
f 4153 4311 4312
f 4153 4312 4154
f 4154 4312 4313
f 4154 4313 4155
f 4155 4313 4314
f 4155 4314 4156
f 4156 4314 4315
f 4156 4315 4157
f 4157 4315 4316
f 4157 4316 4158
f 4158 4316 4317
f 4158 4317 4159
f 4159 4317 4318
f 4159 4318 4160
f 4160 4318 4319
f 4160 4319 4161
f 4161 4319 4320
f 4161 4320 4162
f 4162 4320 4321
f 4162 4321 4163
f 4163 4321 4322
f 4163 4322 4164
f 4164 4322 4323
f 4164 4323 4165
f 4165 4323 4324
f 4165 4324 4166
f 4166 4324 4325
f 4166 4325 4167
f 4167 4325 4326
f 4167 4326 4168
f 4168 4326 4327
f 4168 4327 4169
f 4169 4327 4328
f 4169 4328 4170
f 4170 4328 4329
f 4170 4329 4171
f 4171 4329 4330
f 4171 4330 4172
g COL_MX01_upper_deck_candidate_smooth_right_skin_wall_01
usemtl MX01_EnclosureWall
v 1.478080 3.250000 -39.750000
v 1.482670 3.750000 -39.750000
v 1.427990 3.750000 -40.250000
v 1.413040 3.250000 -40.250000
v 1.582400 3.250000 -39.250000
v 1.589240 3.750000 -39.250000
v 1.709530 3.250000 -38.750000
v 1.705370 3.750000 -38.750000
v 1.852200 3.250000 -38.250000
v 1.841010 3.750000 -38.250000
v 2.000000 3.250000 -37.750000
v 1.982700 3.750000 -37.750000
v 2.145920 3.250000 -37.250000
v 2.126700 3.750000 -37.250000
v 2.284800 3.250000 -36.750000
v 2.267210 3.750000 -36.750000
v 2.412880 3.250000 -36.250000
v 2.398770 3.750000 -36.250000
v 2.527340 3.250000 -35.750000
v 2.517040 3.750000 -35.750000
v 2.626330 3.250000 -35.250000
v 2.619310 3.750000 -35.250000
v 2.710460 3.250000 -34.750000
v 2.705710 3.750000 -34.750000
v 2.784070 3.250000 -34.250000
v 2.780660 3.750000 -34.250000
v 2.854470 3.250000 -33.750000
v 2.851880 3.750000 -33.750000
v 2.928300 3.250000 -33.250000
v 2.926550 3.750000 -33.250000
v 3.007410 3.250000 -32.750000
v 3.006790 3.750000 -32.750000
v 3.087380 3.250000 -32.250000
v 3.088010 3.750000 -32.250000
v 3.159940 3.250000 -31.750000
v 3.161550 3.750000 -31.750000
v 3.217620 3.250000 -31.250000
v 3.219620 3.750000 -31.250000
v 3.257360 3.250000 -30.750000
v 3.259150 3.750000 -30.750000
v 3.281020 3.250000 -30.250000
v 3.282200 3.750000 -30.250000
v 3.293510 3.250000 -29.750000
v 3.293930 3.750000 -29.750000
v 3.300320 3.250000 -29.250000
v 3.299890 3.750000 -29.250000
v 3.306130 3.250000 -28.750000
v 3.304580 3.750000 -28.750000
v 3.314460 3.250000 -28.250000
v 3.311300 3.750000 -28.250000
v 3.327830 3.250000 -27.750000
v 3.322320 3.750000 -27.750000
v 3.347860 3.250000 -27.250000
v 3.339110 3.750000 -27.250000
v 3.375340 3.250000 -26.750000
v 3.362420 3.750000 -26.750000
v 3.410540 3.250000 -26.250000
v 3.392520 3.750000 -26.250000
v 3.453600 3.250000 -25.750000
v 3.429630 3.750000 -25.750000
v 3.504710 3.250000 -25.250000
v 3.474050 3.750000 -25.250000
v 3.563870 3.250000 -24.750000
v 3.525910 3.750000 -24.750000
v 3.630830 3.250000 -24.250000
v 3.585020 3.750000 -24.250000
v 3.705370 3.250000 -23.750000
v 3.651290 3.750000 -23.750000
v 3.788040 3.250000 -23.250000
v 3.725510 3.750000 -23.250000
v 3.880270 3.250000 -22.750000
v 3.809500 3.750000 -22.750000
v 3.983430 3.250000 -22.250000
v 3.905090 3.750000 -22.250000
v 4.097110 3.250000 -21.750000
v 4.012490 3.750000 -21.750000
v 4.218030 3.250000 -21.250000
v 4.128880 3.750000 -21.250000
v 4.340130 3.250000 -20.750000
v 4.248690 3.750000 -20.750000
v 4.456280 3.250000 -20.250000
v 4.365010 3.750000 -20.250000
v 4.560360 3.250000 -19.750000
v 4.471770 3.750000 -19.750000
v 4.648900 3.250000 -19.250000
v 4.565150 3.750000 -19.250000
v 4.721250 3.250000 -18.750000
v 4.643970 3.750000 -18.750000
v 4.778830 3.250000 -18.250000
v 4.708940 3.750000 -18.250000
v 4.823910 3.250000 -17.750000
v 4.761660 3.750000 -17.750000
v 4.858900 3.250000 -17.250000
v 4.804030 3.750000 -17.250000
v 4.886050 3.250000 -16.750000
v 4.837950 3.750000 -16.750000
v 4.907210 3.250000 -16.250000
v 4.865130 3.750000 -16.250000
v 4.923660 3.250000 -15.750000
v 4.886700 3.750000 -15.750000
v 4.936070 3.250000 -15.250000
v 4.903250 3.750000 -15.250000
v 4.944820 3.250000 -14.750000
v 4.915060 3.750000 -14.750000
v 4.950360 3.250000 -14.250000
v 4.922630 3.750000 -14.250000
v 4.953420 3.250000 -13.750000
v 4.926880 3.750000 -13.750000
v 4.954850 3.250000 -13.250000
v 4.928910 3.750000 -13.250000
v 4.955410 3.250000 -12.750000
v 4.929720 3.750000 -12.750000
v 4.955580 3.250000 -12.250000
v 4.929990 3.750000 -12.250000
v 4.955620 3.250000 -11.750000
v 4.930060 3.750000 -11.750000
v 4.955630 3.250000 -11.250000
v 4.930070 3.750000 -11.250000
v 4.955630 3.250000 -10.750000
v 4.930080 3.750000 -10.750000
v 4.955630 3.250000 -10.250000
v 4.930080 3.750000 -10.250000
v 4.955630 3.250000 -9.750000
v 4.930080 3.750000 -9.750000
v 4.955630 3.250000 -9.250000
v 4.930080 3.750000 -9.250000
v 4.955630 3.250000 -8.750000
v 4.930080 3.750000 -8.750000
v 4.955630 3.250000 -8.250000
v 4.930080 3.750000 -8.250000
v 4.955630 3.250000 -7.750000
v 4.930080 3.750000 -7.750000
v 4.955630 3.250000 -7.250000
v 4.930080 3.750000 -7.250000
v 4.955630 3.250000 -6.750000
v 4.930080 3.750000 -6.750000
v 4.955630 3.250000 -6.250000
v 4.930080 3.750000 -6.250000
v 4.955630 3.250000 -5.750000
v 4.930080 3.750000 -5.750000
v 4.955630 3.250000 -5.250000
v 4.930080 3.750000 -5.250000
v 4.955630 3.250000 -4.750000
v 4.930080 3.750000 -4.750000
v 4.955630 3.250000 -4.250000
v 4.930080 3.750000 -4.250000
v 4.955630 3.250000 -3.750000
v 4.930080 3.750000 -3.750000
v 4.955630 3.250000 -3.250000
v 4.930080 3.750000 -3.250000
v 4.955630 3.250000 -2.750000
v 4.930080 3.750000 -2.750000
v 4.955630 3.250000 -2.250000
v 4.930080 3.750000 -2.250000
v 4.955630 3.250000 -1.750000
v 4.930080 3.750000 -1.750000
v 4.955630 3.250000 -1.250000
v 4.930080 3.750000 -1.250000
v 4.955630 3.250000 -0.750000
v 4.930080 3.750000 -0.750000
v 4.955630 3.250000 -0.250000
v 4.930080 3.750000 -0.250000
v 4.955630 3.250000 0.250000
v 4.930080 3.750000 0.250000
v 4.955630 3.250000 0.750000
v 4.930080 3.750000 0.750000
v 4.955630 3.250000 1.250000
v 4.930080 3.750000 1.250000
v 4.955630 3.250000 1.750000
v 4.930080 3.750000 1.750000
v 4.955630 3.250000 2.250000
v 4.930080 3.750000 2.250000
v 4.955630 3.250000 2.750000
v 4.930080 3.750000 2.750000
v 4.955630 3.250000 3.250000
v 4.930080 3.750000 3.250000
v 4.955630 3.250000 3.750000
v 4.930080 3.750000 3.750000
v 4.955630 3.250000 4.250000
v 4.930080 3.750000 4.250000
v 4.955630 3.250000 4.750000
v 4.930080 3.750000 4.750000
v 4.955630 3.250000 5.250000
v 4.930080 3.750000 5.250000
v 4.955630 3.250000 5.750000
v 4.930080 3.750000 5.750000
v 4.955630 3.250000 6.250000
v 4.930080 3.750000 6.250000
v 4.955630 3.250000 6.750000
v 4.930080 3.750000 6.750000
v 4.955630 3.250000 7.250000
v 4.930080 3.750000 7.250000
v 4.955630 3.250000 7.750000
v 4.930080 3.750000 7.750000
v 4.955630 3.250000 8.250000
v 4.930080 3.750000 8.250000
v 4.955630 3.250000 8.750000
v 4.930080 3.750000 8.750000
v 4.955630 3.250000 9.250000
v 4.930080 3.750000 9.250000
v 4.955630 3.250000 11.750000
v 4.930070 3.750000 11.750000
v 4.930080 3.750000 11.250000
v 4.955630 3.250000 11.250000
v 4.955620 3.250000 12.250000
v 4.930060 3.750000 12.250000
v 4.955580 3.250000 12.750000
v 4.929990 3.750000 12.750000
v 4.955410 3.250000 13.250000
v 4.929720 3.750000 13.250000
v 4.954850 3.250000 13.750000
v 4.928910 3.750000 13.750000
v 4.953420 3.250000 14.250000
v 4.926880 3.750000 14.250000
v 4.950360 3.250000 14.750000
v 4.922630 3.750000 14.750000
v 4.944810 3.250000 15.250000
v 4.915050 3.750000 15.250000
v 4.936040 3.250000 15.750000
v 4.903220 3.750000 15.750000
v 4.923530 3.250000 16.250000
v 4.886540 3.750000 16.250000
v 4.906700 3.250000 16.750000
v 4.864500 3.750000 16.750000
v 4.884460 3.250000 17.250000
v 4.836010 3.750000 17.250000
v 4.854830 3.250000 17.750000
v 4.799100 3.750000 17.750000
v 4.815180 3.250000 18.250000
v 4.751150 3.750000 18.250000
v 4.762740 3.250000 18.750000
v 4.689660 3.750000 18.750000
v 4.695100 3.250000 19.250000
v 4.612830 3.750000 19.250000
v 4.610420 3.250000 19.750000
v 4.519720 3.750000 19.750000
v 4.507710 3.250000 20.250000
v 4.410250 3.750000 20.250000
v 4.387670 3.250000 20.750000
v 4.285780 3.750000 20.750000
v 4.253640 3.250000 21.250000
v 4.150030 3.750000 21.250000
v 4.111750 3.250000 21.750000
v 4.009140 3.750000 21.750000
v 3.969250 3.250000 22.250000
v 3.870250 3.750000 22.250000
v 3.832110 3.250000 22.750000
v 3.738810 3.750000 22.750000
v 3.703170 3.250000 23.250000
v 3.617050 3.750000 23.250000
v 3.582630 3.250000 23.750000
v 3.504350 3.750000 23.750000
v 3.469790 3.250000 24.250000
v 3.399450 3.750000 24.250000
v 3.364740 3.250000 24.750000
v 3.302060 3.750000 24.750000
v 3.268420 3.250000 25.250000
v 3.212980 3.750000 25.250000
v 3.181700 3.250000 25.750000
v 3.132910 3.750000 25.750000
v 3.104490 3.250000 26.250000
v 3.061480 3.750000 26.250000
v 3.035570 3.250000 26.750000
v 2.997210 3.750000 26.750000
v 2.973240 3.250000 27.250000
v 2.938280 3.750000 27.250000
v 2.916100 3.250000 27.750000
v 2.883360 3.750000 27.750000
v 2.863460 3.250000 28.250000
v 2.832010 3.750000 28.250000
v 2.815330 3.250000 28.750000
v 2.784490 3.750000 28.750000
v 2.771880 3.250000 29.250000
v 2.741150 3.750000 29.250000
v 2.732970 3.250000 29.750000
v 2.701920 3.750000 29.750000
v 2.697800 3.250000 30.250000
v 2.666200 3.750000 30.250000
v 2.664890 3.250000 30.750000
v 2.632810 3.750000 30.750000
v 2.631940 3.250000 31.250000
v 2.600020 3.750000 31.250000
v 2.596200 3.250000 31.750000
v 2.565510 3.750000 31.750000
v 2.555370 3.250000 32.250000
v 2.527220 3.750000 32.250000
v 2.509090 3.250000 32.750000
v 2.484590 3.750000 32.750000
v 2.459830 3.250000 33.250000
v 2.439760 3.750000 33.250000
v 2.412510 3.250000 33.750000
v 2.397050 3.750000 33.750000
v 2.372640 3.250000 34.250000
v 2.361400 3.750000 34.250000
v 2.344480 3.250000 34.750000
v 2.336470 3.750000 34.750000
v 2.330400 3.250000 35.250000
v 2.324160 3.750000 35.250000
v 2.331690 3.250000 35.750000
v 2.325440 3.750000 35.750000
v 2.349610 3.250000 36.250000
v 2.341570 3.750000 36.250000
v 2.385730 3.250000 36.750000
v 2.374370 3.750000 36.750000
v 2.441270 3.250000 37.250000
v 2.425350 3.750000 37.250000
v 2.516290 3.250000 37.750000
v 2.494880 3.750000 37.750000
v 2.610060 3.250000 38.250000
v 2.582270 3.750000 38.250000
v 2.722250 3.250000 38.750000
v 2.687340 3.750000 38.750000
v 2.854350 3.250000 39.250000
v 2.811700 3.750000 39.250000
v 3.009220 3.250000 39.750000
v 2.958780 3.750000 39.750000
v 3.188900 3.250000 40.250000
v 3.131240 3.750000 40.250000
v 3.390920 3.250000 40.750000
v 3.327520 3.750000 40.750000
v 3.605810 3.250000 41.250000
v 3.538650 3.750000 41.250000
v 3.816730 3.250000 41.750000
v 3.748320 3.750000 41.750000
v 4.002970 3.250000 42.250000
v 3.936080 3.750000 42.250000
v 4.145290 3.250000 42.750000
v 4.083850 3.750000 42.750000
v 4.230860 3.250000 43.250000
v 4.181200 3.750000 43.250000
v 4.253090 3.250000 43.750000
v 4.225610 3.750000 43.750000
v 4.207120 3.250000 44.250000
v 4.199650 3.750000 44.250000
v 4.098710 3.250000 44.750000
v 4.110850 3.750000 44.750000
v 3.934940 3.250000 45.250000
v 3.945180 3.750000 45.250000
v 3.742120 3.250000 45.750000
v 3.774200 3.750000 45.750000
v 3.527230 3.250000 46.250000
v 3.640890 3.750000 46.250000
v 1.712610 4.250000 -38.750000
v 1.634240 4.250000 -39.250000
v 1.837760 4.250000 -38.250000
v 1.961570 4.250000 -37.750000
v 2.097950 4.250000 -37.250000
v 2.238900 4.250000 -36.750000
v 2.374750 4.250000 -36.250000
v 2.498440 4.250000 -35.750000
v 2.605790 4.250000 -35.250000
v 2.696480 4.250000 -34.750000
v 2.774800 4.250000 -34.250000
v 2.848480 4.250000 -33.750000
v 2.924780 4.250000 -33.250000
v 3.005980 4.250000 -32.750000
v 3.087690 4.250000 -32.250000
v 3.161440 4.250000 -31.750000
v 3.219590 4.250000 -31.250000
v 3.259120 4.250000 -30.750000
v 3.282110 4.250000 -30.250000
v 3.293630 4.250000 -29.750000
v 3.299070 4.250000 -29.250000
v 3.302670 4.250000 -28.750000
v 3.307360 4.250000 -28.250000
v 3.315090 4.250000 -27.750000
v 3.327110 4.250000 -27.250000
v 3.344110 4.250000 -26.750000
v 3.366460 4.250000 -26.250000
v 3.394530 4.250000 -25.750000
v 3.428730 4.250000 -25.250000
v 3.469320 4.250000 -24.750000
v 3.516330 4.250000 -24.250000
v 3.569980 4.250000 -23.750000
v 3.631430 4.250000 -23.250000
v 3.702920 4.250000 -22.750000
v 3.786790 4.250000 -22.250000
v 3.883820 4.250000 -21.750000
v 3.992110 4.250000 -21.250000
v 4.107010 4.250000 -20.750000
v 4.222450 4.250000 -20.250000
v 4.332580 4.250000 -19.750000
v 4.433200 4.250000 -19.250000
v 4.522150 4.250000 -18.750000
v 4.598890 4.250000 -18.250000
v 4.663840 4.250000 -17.750000
v 4.718020 4.250000 -17.250000
v 4.762830 4.250000 -16.750000
v 4.799630 4.250000 -16.250000
v 4.829390 4.250000 -15.750000
v 4.852510 4.250000 -15.250000
v 4.869240 4.250000 -14.750000
v 4.880160 4.250000 -14.250000
v 4.886460 4.250000 -13.750000
v 4.889600 4.250000 -13.250000
v 4.890930 4.250000 -12.750000
v 4.891400 4.250000 -12.250000
v 4.891540 4.250000 -11.750000
v 4.891580 4.250000 -11.250000
v 4.891580 4.250000 -10.750000
v 4.891580 4.250000 -10.250000
v 4.891580 4.250000 -9.750000
v 4.891580 4.250000 -9.250000
v 4.891580 4.250000 -8.750000
v 4.891580 4.250000 -8.250000
v 4.891580 4.250000 -7.750000
v 4.891580 4.250000 -7.250000
v 4.891580 4.250000 -6.750000
v 4.891580 4.250000 -6.250000
v 4.891580 4.250000 -5.750000
v 4.891580 4.250000 -5.250000
v 4.891580 4.250000 -4.750000
v 4.891580 4.250000 -4.250000
v 4.891580 4.250000 -3.750000
v 4.891580 4.250000 -3.250000
v 4.891580 4.250000 -2.750000
v 4.891580 4.250000 -2.250000
v 4.891580 4.250000 -1.750000
v 4.891580 4.250000 -1.250000
v 4.891580 4.250000 -0.750000
v 4.891580 4.250000 -0.250000
v 4.891580 4.250000 0.250000
v 4.891580 4.250000 0.750000
v 4.891580 4.250000 1.250000
v 4.891580 4.250000 1.750000
v 4.891580 4.250000 2.250000
v 4.891580 4.250000 2.750000
v 4.891580 4.250000 3.250000
v 4.891580 4.250000 3.750000
v 4.891580 4.250000 4.250000
v 4.891580 4.250000 4.750000
v 4.891580 4.250000 5.250000
v 4.891580 4.250000 5.750000
v 4.891580 4.250000 6.250000
v 4.891580 4.250000 6.750000
v 4.891580 4.250000 7.250000
v 4.891580 4.250000 7.750000
v 4.891580 4.250000 8.250000
v 4.891580 4.250000 8.750000
v 4.891580 4.250000 9.250000
v 4.891580 4.250000 11.750000
v 4.891580 4.250000 11.250000
v 4.891540 4.250000 12.250000
v 4.891400 4.250000 12.750000
v 4.890930 4.250000 13.250000
v 4.889600 4.250000 13.750000
v 4.886460 4.250000 14.250000
v 4.880160 4.250000 14.750000
v 4.869230 4.250000 15.250000
v 4.852450 4.250000 15.750000
v 4.829130 4.250000 16.250000
v 4.798690 4.250000 16.750000
v 4.760090 4.250000 17.250000
v 4.711370 4.250000 17.750000
v 4.650080 4.250000 18.250000
v 4.574200 4.250000 18.750000
v 4.482920 4.250000 19.250000
v 4.376720 4.250000 19.750000
v 4.257020 4.250000 20.250000
v 4.126400 4.250000 20.750000
v 3.989090 4.250000 21.250000
v 3.851080 4.250000 21.750000
v 3.718740 4.250000 22.250000
v 3.596610 4.250000 22.750000
v 3.485880 4.250000 23.250000
v 3.385160 4.250000 23.750000
v 3.292490 4.250000 24.250000
v 3.207120 4.250000 24.750000
v 3.129380 4.250000 25.250000
v 3.059540 4.250000 25.750000
v 2.996790 4.250000 26.250000
v 2.939360 4.250000 26.750000
v 2.885340 4.250000 27.250000
v 2.833620 4.250000 27.750000
v 2.784130 4.250000 28.250000
v 2.737480 4.250000 28.750000
v 2.694180 4.250000 29.250000
v 2.654290 4.250000 29.750000
v 2.617430 4.250000 30.250000
v 2.583020 4.250000 30.750000
v 2.550080 4.250000 31.250000
v 2.517210 4.250000 31.750000
v 2.482820 4.250000 32.250000
v 2.446340 4.250000 32.750000
v 2.409160 4.250000 33.250000
v 2.374520 4.250000 33.750000
v 2.346090 4.250000 34.250000
v 2.326520 4.250000 34.750000
v 2.317100 4.250000 35.250000
v 2.318570 4.250000 35.750000
v 2.332210 4.250000 36.250000
v 2.360040 4.250000 36.750000
v 2.403990 4.250000 37.250000
v 2.464790 4.250000 37.750000
v 2.542240 4.250000 38.250000
v 2.636400 4.250000 38.750000
v 2.749250 4.250000 39.250000
v 2.884480 4.250000 39.750000
v 3.045370 4.250000 40.250000
v 3.230970 4.250000 40.750000
v 3.433350 4.250000 41.250000
v 3.637120 4.250000 41.750000
v 3.823190 4.250000 42.250000
v 3.974920 4.250000 42.750000
v 4.086670 4.250000 43.250000
v 4.180480 4.250000 43.750000
v 4.190740 4.250000 44.250000
v 4.159850 4.250000 44.750000
v 1.960780 4.750000 -37.750000
v 1.880850 4.750000 -38.250000
v 2.082990 4.750000 -37.250000
v 2.220870 4.750000 -36.750000
v 2.358080 4.750000 -36.250000
v 2.484590 4.750000 -35.750000
v 2.595170 4.750000 -35.250000
v 2.689090 4.750000 -34.750000
v 2.770430 4.750000 -34.250000
v 2.846480 4.750000 -33.750000
v 2.924100 4.750000 -33.250000
v 3.005460 4.750000 -32.750000
v 3.086600 4.750000 -32.250000
v 3.159670 4.750000 -31.750000
v 3.217540 4.750000 -31.250000
v 3.257280 4.750000 -30.750000
v 3.280780 4.750000 -30.250000
v 3.292760 4.750000 -29.750000
v 3.298330 4.750000 -29.250000
v 3.301550 4.750000 -28.750000
v 3.305170 4.750000 -28.250000
v 3.310950 4.750000 -27.750000
v 3.320020 4.750000 -27.250000
v 3.333050 4.750000 -26.750000
v 3.350490 4.750000 -26.250000
v 3.372810 4.750000 -25.750000
v 3.400480 4.750000 -25.250000
v 3.433850 4.750000 -24.750000
v 3.473100 4.750000 -24.250000
v 3.518750 4.750000 -23.750000
v 3.572200 4.750000 -23.250000
v 3.635880 4.750000 -22.750000
v 3.712220 4.750000 -22.250000
v 3.802330 4.750000 -21.750000
v 3.904820 4.750000 -21.250000
v 4.015840 4.750000 -20.750000
v 4.129980 4.750000 -20.250000
v 4.241740 4.750000 -19.750000
v 4.346700 4.750000 -19.250000
v 4.442040 4.750000 -18.750000
v 4.526370 4.750000 -18.250000
v 4.599330 4.750000 -17.750000
v 4.661350 4.750000 -17.250000
v 4.713400 4.750000 -16.750000
v 4.756620 4.750000 -16.250000
v 4.791810 4.750000 -15.750000
v 4.819300 4.750000 -15.250000
v 4.839350 4.750000 -14.750000
v 4.852640 4.750000 -14.250000
v 4.860480 4.750000 -13.750000
v 4.864520 4.750000 -13.250000
v 4.866320 4.750000 -12.750000
v 4.867010 4.750000 -12.250000
v 4.867220 4.750000 -11.750000
v 4.867280 4.750000 -11.250000
v 4.867290 4.750000 -10.750000
v 4.867300 4.750000 -10.250000
v 4.867300 4.750000 -9.750000
v 4.867300 4.750000 -9.250000
v 4.867300 4.750000 -8.750000
v 4.867300 4.750000 -8.250000
v 4.867300 4.750000 -7.750000
v 4.867300 4.750000 -7.250000
v 4.867300 4.750000 -6.750000
v 4.867300 4.750000 -6.250000
v 4.867300 4.750000 -5.750000
v 4.867300 4.750000 -5.250000
v 4.867300 4.750000 -4.750000
v 4.867300 4.750000 -4.250000
v 4.867300 4.750000 -3.750000
v 4.867300 4.750000 -3.250000
v 4.867300 4.750000 -2.750000
v 4.867300 4.750000 -2.250000
v 4.867300 4.750000 -1.750000
v 4.867300 4.750000 -1.250000
v 4.867300 4.750000 -0.750000
v 4.867300 4.750000 -0.250000
v 4.867300 4.750000 0.250000
v 4.867300 4.750000 0.750000
v 4.867300 4.750000 1.250000
v 4.867300 4.750000 1.750000
v 4.867300 4.750000 2.250000
v 4.867300 4.750000 2.750000
v 4.867300 4.750000 3.250000
v 4.867300 4.750000 3.750000
v 4.867300 4.750000 4.250000
v 4.867300 4.750000 4.750000
v 4.867300 4.750000 5.250000
v 4.867300 4.750000 5.750000
v 4.867300 4.750000 6.250000
v 4.867300 4.750000 6.750000
v 4.867300 4.750000 7.250000
v 4.867300 4.750000 7.750000
v 4.867300 4.750000 8.250000
v 4.867300 4.750000 8.750000
v 4.867280 4.750000 11.750000
v 4.867290 4.750000 11.250000
v 4.867220 4.750000 12.250000
v 4.867010 4.750000 12.750000
v 4.866320 4.750000 13.250000
v 4.864520 4.750000 13.750000
v 4.860480 4.750000 14.250000
v 4.852640 4.750000 14.750000
v 4.839330 4.750000 15.250000
v 4.819200 4.750000 15.750000
v 4.791410 4.750000 16.250000
v 4.755340 4.750000 16.750000
v 4.709890 4.750000 17.250000
v 4.653210 4.750000 17.750000
v 4.583030 4.750000 18.250000
v 4.497770 4.750000 18.750000
v 4.397270 4.750000 19.250000
v 4.282850 4.750000 19.750000
v 4.156930 4.750000 20.250000
v 4.022860 4.750000 20.750000
v 3.885240 4.750000 21.250000
v 3.749760 4.750000 21.750000
v 3.622150 4.750000 22.250000
v 3.506120 4.750000 22.750000
v 3.402380 4.750000 23.250000
v 3.309160 4.750000 23.750000
v 3.224320 4.750000 24.250000
v 3.146740 4.750000 24.750000
v 3.076360 4.750000 25.250000
v 3.013020 4.750000 25.750000
v 2.955680 4.750000 26.250000
v 2.902420 4.750000 26.750000
v 2.851410 4.750000 27.250000
v 2.801690 4.750000 27.750000
v 2.753390 4.750000 28.250000
v 2.707270 4.750000 28.750000
v 2.663950 4.750000 29.250000
v 2.623560 4.750000 29.750000
v 2.585940 4.750000 30.250000
v 2.550800 4.750000 30.750000
v 2.517730 4.750000 31.250000
v 2.485810 4.750000 31.750000
v 2.453950 4.750000 32.250000
v 2.421600 4.750000 32.750000
v 2.389720 4.750000 33.250000
v 2.360640 4.750000 33.750000
v 2.337130 4.750000 34.250000
v 2.321150 4.750000 34.750000
v 2.313670 4.750000 35.250000
v 2.315390 4.750000 35.750000
v 2.327630 4.750000 36.250000
v 2.352460 4.750000 36.750000
v 2.391900 4.750000 37.250000
v 2.447020 4.750000 37.750000
v 2.517970 4.750000 38.250000
v 2.605250 4.750000 38.750000
v 2.710940 4.750000 39.250000
v 2.838800 4.750000 39.750000
v 2.991980 4.750000 40.250000
v 3.169770 4.750000 40.750000
v 3.364640 4.750000 41.250000
v 3.562110 4.750000 41.750000
v 3.743360 4.750000 42.250000
v 3.889370 4.750000 42.750000
v 3.980910 4.750000 43.250000
f 4331 4332 4333
f 4331 4333 4334
f 4335 4336 4332
f 4335 4332 4331
f 4337 4338 4336
f 4337 4336 4335
f 4339 4340 4338
f 4339 4338 4337
f 4341 4342 4340
f 4341 4340 4339
f 4343 4344 4342
f 4343 4342 4341
f 4345 4346 4344
f 4345 4344 4343
f 4347 4348 4346
f 4347 4346 4345
f 4349 4350 4348
f 4349 4348 4347
f 4351 4352 4350
f 4351 4350 4349
f 4353 4354 4352
f 4353 4352 4351
f 4355 4356 4354
f 4355 4354 4353
f 4357 4358 4356
f 4357 4356 4355
f 4359 4360 4358
f 4359 4358 4357
f 4361 4362 4360
f 4361 4360 4359
f 4363 4364 4362
f 4363 4362 4361
f 4365 4366 4364
f 4365 4364 4363
f 4367 4368 4366
f 4367 4366 4365
f 4369 4370 4368
f 4369 4368 4367
f 4371 4372 4370
f 4371 4370 4369
f 4373 4374 4372
f 4373 4372 4371
f 4375 4376 4374
f 4375 4374 4373
f 4377 4378 4376
f 4377 4376 4375
f 4379 4380 4378
f 4379 4378 4377
f 4381 4382 4380
f 4381 4380 4379
f 4383 4384 4382
f 4383 4382 4381
f 4385 4386 4384
f 4385 4384 4383
f 4387 4388 4386
f 4387 4386 4385
f 4389 4390 4388
f 4389 4388 4387
f 4391 4392 4390
f 4391 4390 4389
f 4393 4394 4392
f 4393 4392 4391
f 4395 4396 4394
f 4395 4394 4393
f 4397 4398 4396
f 4397 4396 4395
f 4399 4400 4398
f 4399 4398 4397
f 4401 4402 4400
f 4401 4400 4399
f 4403 4404 4402
f 4403 4402 4401
f 4405 4406 4404
f 4405 4404 4403
f 4407 4408 4406
f 4407 4406 4405
f 4409 4410 4408
f 4409 4408 4407
f 4411 4412 4410
f 4411 4410 4409
f 4413 4414 4412
f 4413 4412 4411
f 4415 4416 4414
f 4415 4414 4413
f 4417 4418 4416
f 4417 4416 4415
f 4419 4420 4418
f 4419 4418 4417
f 4421 4422 4420
f 4421 4420 4419
f 4423 4424 4422
f 4423 4422 4421
f 4425 4426 4424
f 4425 4424 4423
f 4427 4428 4426
f 4427 4426 4425
f 4429 4430 4428
f 4429 4428 4427
f 4431 4432 4430
f 4431 4430 4429
f 4433 4434 4432
f 4433 4432 4431
f 4435 4436 4434
f 4435 4434 4433
f 4437 4438 4436
f 4437 4436 4435
f 4439 4440 4438
f 4439 4438 4437
f 4441 4442 4440
f 4441 4440 4439
f 4443 4444 4442
f 4443 4442 4441
f 4445 4446 4444
f 4445 4444 4443
f 4447 4448 4446
f 4447 4446 4445
f 4449 4450 4448
f 4449 4448 4447
f 4451 4452 4450
f 4451 4450 4449
f 4453 4454 4452
f 4453 4452 4451
f 4455 4456 4454
f 4455 4454 4453
f 4457 4458 4456
f 4457 4456 4455
f 4459 4460 4458
f 4459 4458 4457
f 4461 4462 4460
f 4461 4460 4459
f 4463 4464 4462
f 4463 4462 4461
f 4465 4466 4464
f 4465 4464 4463
f 4467 4468 4466
f 4467 4466 4465
f 4469 4470 4468
f 4469 4468 4467
f 4471 4472 4470
f 4471 4470 4469
f 4473 4474 4472
f 4473 4472 4471
f 4475 4476 4474
f 4475 4474 4473
f 4477 4478 4476
f 4477 4476 4475
f 4479 4480 4478
f 4479 4478 4477
f 4481 4482 4480
f 4481 4480 4479
f 4483 4484 4482
f 4483 4482 4481
f 4485 4486 4484
f 4485 4484 4483
f 4487 4488 4486
f 4487 4486 4485
f 4489 4490 4488
f 4489 4488 4487
f 4491 4492 4490
f 4491 4490 4489
f 4493 4494 4492
f 4493 4492 4491
f 4495 4496 4494
f 4495 4494 4493
f 4497 4498 4496
f 4497 4496 4495
f 4499 4500 4498
f 4499 4498 4497
f 4501 4502 4500
f 4501 4500 4499
f 4503 4504 4502
f 4503 4502 4501
f 4505 4506 4504
f 4505 4504 4503
f 4507 4508 4506
f 4507 4506 4505
f 4509 4510 4508
f 4509 4508 4507
f 4511 4512 4510
f 4511 4510 4509
f 4513 4514 4512
f 4513 4512 4511
f 4515 4516 4514
f 4515 4514 4513
f 4517 4518 4516
f 4517 4516 4515
f 4519 4520 4518
f 4519 4518 4517
f 4521 4522 4520
f 4521 4520 4519
f 4523 4524 4522
f 4523 4522 4521
f 4525 4526 4524
f 4525 4524 4523
f 4527 4528 4526
f 4527 4526 4525
f 4529 4530 4528
f 4529 4528 4527
f 4531 4532 4533
f 4531 4533 4534
f 4535 4536 4532
f 4535 4532 4531
f 4537 4538 4536
f 4537 4536 4535
f 4539 4540 4538
f 4539 4538 4537
f 4541 4542 4540
f 4541 4540 4539
f 4543 4544 4542
f 4543 4542 4541
f 4545 4546 4544
f 4545 4544 4543
f 4547 4548 4546
f 4547 4546 4545
f 4549 4550 4548
f 4549 4548 4547
f 4551 4552 4550
f 4551 4550 4549
f 4553 4554 4552
f 4553 4552 4551
f 4555 4556 4554
f 4555 4554 4553
f 4557 4558 4556
f 4557 4556 4555
f 4559 4560 4558
f 4559 4558 4557
f 4561 4562 4560
f 4561 4560 4559
f 4563 4564 4562
f 4563 4562 4561
f 4565 4566 4564
f 4565 4564 4563
f 4567 4568 4566
f 4567 4566 4565
f 4569 4570 4568
f 4569 4568 4567
f 4571 4572 4570
f 4571 4570 4569
f 4573 4574 4572
f 4573 4572 4571
f 4575 4576 4574
f 4575 4574 4573
f 4577 4578 4576
f 4577 4576 4575
f 4579 4580 4578
f 4579 4578 4577
f 4581 4582 4580
f 4581 4580 4579
f 4583 4584 4582
f 4583 4582 4581
f 4585 4586 4584
f 4585 4584 4583
f 4587 4588 4586
f 4587 4586 4585
f 4589 4590 4588
f 4589 4588 4587
f 4591 4592 4590
f 4591 4590 4589
f 4593 4594 4592
f 4593 4592 4591
f 4595 4596 4594
f 4595 4594 4593
f 4597 4598 4596
f 4597 4596 4595
f 4599 4600 4598
f 4599 4598 4597
f 4601 4602 4600
f 4601 4600 4599
f 4603 4604 4602
f 4603 4602 4601
f 4605 4606 4604
f 4605 4604 4603
f 4607 4608 4606
f 4607 4606 4605
f 4609 4610 4608
f 4609 4608 4607
f 4611 4612 4610
f 4611 4610 4609
f 4613 4614 4612
f 4613 4612 4611
f 4615 4616 4614
f 4615 4614 4613
f 4617 4618 4616
f 4617 4616 4615
f 4619 4620 4618
f 4619 4618 4617
f 4621 4622 4620
f 4621 4620 4619
f 4623 4624 4622
f 4623 4622 4621
f 4625 4626 4624
f 4625 4624 4623
f 4627 4628 4626
f 4627 4626 4625
f 4629 4630 4628
f 4629 4628 4627
f 4631 4632 4630
f 4631 4630 4629
f 4633 4634 4632
f 4633 4632 4631
f 4635 4636 4634
f 4635 4634 4633
f 4637 4638 4636
f 4637 4636 4635
f 4639 4640 4638
f 4639 4638 4637
f 4641 4642 4640
f 4641 4640 4639
f 4643 4644 4642
f 4643 4642 4641
f 4645 4646 4644
f 4645 4644 4643
f 4647 4648 4646
f 4647 4646 4645
f 4649 4650 4648
f 4649 4648 4647
f 4651 4652 4650
f 4651 4650 4649
f 4653 4654 4652
f 4653 4652 4651
f 4655 4656 4654
f 4655 4654 4653
f 4657 4658 4656
f 4657 4656 4655
f 4659 4660 4658
f 4659 4658 4657
f 4661 4662 4660
f 4661 4660 4659
f 4663 4664 4662
f 4663 4662 4661
f 4665 4666 4664
f 4665 4664 4663
f 4667 4668 4666
f 4667 4666 4665
f 4669 4670 4668
f 4669 4668 4667
f 4671 4672 4670
f 4671 4670 4669
f 4338 4673 4674
f 4338 4674 4336
f 4340 4675 4673
f 4340 4673 4338
f 4342 4676 4675
f 4342 4675 4340
f 4344 4677 4676
f 4344 4676 4342
f 4346 4678 4677
f 4346 4677 4344
f 4348 4679 4678
f 4348 4678 4346
f 4350 4680 4679
f 4350 4679 4348
f 4352 4681 4680
f 4352 4680 4350
f 4354 4682 4681
f 4354 4681 4352
f 4356 4683 4682
f 4356 4682 4354
f 4358 4684 4683
f 4358 4683 4356
f 4360 4685 4684
f 4360 4684 4358
f 4362 4686 4685
f 4362 4685 4360
f 4364 4687 4686
f 4364 4686 4362
f 4366 4688 4687
f 4366 4687 4364
f 4368 4689 4688
f 4368 4688 4366
f 4370 4690 4689
f 4370 4689 4368
f 4372 4691 4690
f 4372 4690 4370
f 4374 4692 4691
f 4374 4691 4372
f 4376 4693 4692
f 4376 4692 4374
f 4378 4694 4693
f 4378 4693 4376
f 4380 4695 4694
f 4380 4694 4378
f 4382 4696 4695
f 4382 4695 4380
f 4384 4697 4696
f 4384 4696 4382
f 4386 4698 4697
f 4386 4697 4384
f 4388 4699 4698
f 4388 4698 4386
f 4390 4700 4699
f 4390 4699 4388
f 4392 4701 4700
f 4392 4700 4390
f 4394 4702 4701
f 4394 4701 4392
f 4396 4703 4702
f 4396 4702 4394
f 4398 4704 4703
f 4398 4703 4396
f 4400 4705 4704
f 4400 4704 4398
f 4402 4706 4705
f 4402 4705 4400
f 4404 4707 4706
f 4404 4706 4402
f 4406 4708 4707
f 4406 4707 4404
f 4408 4709 4708
f 4408 4708 4406
f 4410 4710 4709
f 4410 4709 4408
f 4412 4711 4710
f 4412 4710 4410
f 4414 4712 4711
f 4414 4711 4412
f 4416 4713 4712
f 4416 4712 4414
f 4418 4714 4713
f 4418 4713 4416
f 4420 4715 4714
f 4420 4714 4418
f 4422 4716 4715
f 4422 4715 4420
f 4424 4717 4716
f 4424 4716 4422
f 4426 4718 4717
f 4426 4717 4424
f 4428 4719 4718
f 4428 4718 4426
f 4430 4720 4719
f 4430 4719 4428
f 4432 4721 4720
f 4432 4720 4430
f 4434 4722 4721
f 4434 4721 4432
f 4436 4723 4722
f 4436 4722 4434
f 4438 4724 4723
f 4438 4723 4436
f 4440 4725 4724
f 4440 4724 4438
f 4442 4726 4725
f 4442 4725 4440
f 4444 4727 4726
f 4444 4726 4442
f 4446 4728 4727
f 4446 4727 4444
f 4448 4729 4728
f 4448 4728 4446
f 4450 4730 4729
f 4450 4729 4448
f 4452 4731 4730
f 4452 4730 4450
f 4454 4732 4731
f 4454 4731 4452
f 4456 4733 4732
f 4456 4732 4454
f 4458 4734 4733
f 4458 4733 4456
f 4460 4735 4734
f 4460 4734 4458
f 4462 4736 4735
f 4462 4735 4460
f 4464 4737 4736
f 4464 4736 4462
f 4466 4738 4737
f 4466 4737 4464
f 4468 4739 4738
f 4468 4738 4466
f 4470 4740 4739
f 4470 4739 4468
f 4472 4741 4740
f 4472 4740 4470
f 4474 4742 4741
f 4474 4741 4472
f 4476 4743 4742
f 4476 4742 4474
f 4478 4744 4743
f 4478 4743 4476
f 4480 4745 4744
f 4480 4744 4478
f 4482 4746 4745
f 4482 4745 4480
f 4484 4747 4746
f 4484 4746 4482
f 4486 4748 4747
f 4486 4747 4484
f 4488 4749 4748
f 4488 4748 4486
f 4490 4750 4749
f 4490 4749 4488
f 4492 4751 4750
f 4492 4750 4490
f 4494 4752 4751
f 4494 4751 4492
f 4496 4753 4752
f 4496 4752 4494
f 4498 4754 4753
f 4498 4753 4496
f 4500 4755 4754
f 4500 4754 4498
f 4502 4756 4755
f 4502 4755 4500
f 4504 4757 4756
f 4504 4756 4502
f 4506 4758 4757
f 4506 4757 4504
f 4508 4759 4758
f 4508 4758 4506
f 4510 4760 4759
f 4510 4759 4508
f 4512 4761 4760
f 4512 4760 4510
f 4514 4762 4761
f 4514 4761 4512
f 4516 4763 4762
f 4516 4762 4514
f 4518 4764 4763
f 4518 4763 4516
f 4520 4765 4764
f 4520 4764 4518
f 4522 4766 4765
f 4522 4765 4520
f 4524 4767 4766
f 4524 4766 4522
f 4526 4768 4767
f 4526 4767 4524
f 4528 4769 4768
f 4528 4768 4526
f 4530 4770 4769
f 4530 4769 4528
f 4532 4771 4772
f 4532 4772 4533
f 4536 4773 4771
f 4536 4771 4532
f 4538 4774 4773
f 4538 4773 4536
f 4540 4775 4774
f 4540 4774 4538
f 4542 4776 4775
f 4542 4775 4540
f 4544 4777 4776
f 4544 4776 4542
f 4546 4778 4777
f 4546 4777 4544
f 4548 4779 4778
f 4548 4778 4546
f 4550 4780 4779
f 4550 4779 4548
f 4552 4781 4780
f 4552 4780 4550
f 4554 4782 4781
f 4554 4781 4552
f 4556 4783 4782
f 4556 4782 4554
f 4558 4784 4783
f 4558 4783 4556
f 4560 4785 4784
f 4560 4784 4558
f 4562 4786 4785
f 4562 4785 4560
f 4564 4787 4786
f 4564 4786 4562
f 4566 4788 4787
f 4566 4787 4564
f 4568 4789 4788
f 4568 4788 4566
f 4570 4790 4789
f 4570 4789 4568
f 4572 4791 4790
f 4572 4790 4570
f 4574 4792 4791
f 4574 4791 4572
f 4576 4793 4792
f 4576 4792 4574
f 4578 4794 4793
f 4578 4793 4576
f 4580 4795 4794
f 4580 4794 4578
f 4582 4796 4795
f 4582 4795 4580
f 4584 4797 4796
f 4584 4796 4582
f 4586 4798 4797
f 4586 4797 4584
f 4588 4799 4798
f 4588 4798 4586
f 4590 4800 4799
f 4590 4799 4588
f 4592 4801 4800
f 4592 4800 4590
f 4594 4802 4801
f 4594 4801 4592
f 4596 4803 4802
f 4596 4802 4594
f 4598 4804 4803
f 4598 4803 4596
f 4600 4805 4804
f 4600 4804 4598
f 4602 4806 4805
f 4602 4805 4600
f 4604 4807 4806
f 4604 4806 4602
f 4606 4808 4807
f 4606 4807 4604
f 4608 4809 4808
f 4608 4808 4606
f 4610 4810 4809
f 4610 4809 4608
f 4612 4811 4810
f 4612 4810 4610
f 4614 4812 4811
f 4614 4811 4612
f 4616 4813 4812
f 4616 4812 4614
f 4618 4814 4813
f 4618 4813 4616
f 4620 4815 4814
f 4620 4814 4618
f 4622 4816 4815
f 4622 4815 4620
f 4624 4817 4816
f 4624 4816 4622
f 4626 4818 4817
f 4626 4817 4624
f 4628 4819 4818
f 4628 4818 4626
f 4630 4820 4819
f 4630 4819 4628
f 4632 4821 4820
f 4632 4820 4630
f 4634 4822 4821
f 4634 4821 4632
f 4636 4823 4822
f 4636 4822 4634
f 4638 4824 4823
f 4638 4823 4636
f 4640 4825 4824
f 4640 4824 4638
f 4642 4826 4825
f 4642 4825 4640
f 4644 4827 4826
f 4644 4826 4642
f 4646 4828 4827
f 4646 4827 4644
f 4648 4829 4828
f 4648 4828 4646
f 4650 4830 4829
f 4650 4829 4648
f 4652 4831 4830
f 4652 4830 4650
f 4654 4832 4831
f 4654 4831 4652
f 4656 4833 4832
f 4656 4832 4654
f 4658 4834 4833
f 4658 4833 4656
f 4660 4835 4834
f 4660 4834 4658
f 4662 4836 4835
f 4662 4835 4660
f 4664 4837 4836
f 4664 4836 4662
f 4666 4838 4837
f 4666 4837 4664
f 4676 4839 4840
f 4676 4840 4675
f 4677 4841 4839
f 4677 4839 4676
f 4678 4842 4841
f 4678 4841 4677
f 4679 4843 4842
f 4679 4842 4678
f 4680 4844 4843
f 4680 4843 4679
f 4681 4845 4844
f 4681 4844 4680
f 4682 4846 4845
f 4682 4845 4681
f 4683 4847 4846
f 4683 4846 4682
f 4684 4848 4847
f 4684 4847 4683
f 4685 4849 4848
f 4685 4848 4684
f 4686 4850 4849
f 4686 4849 4685
f 4687 4851 4850
f 4687 4850 4686
f 4688 4852 4851
f 4688 4851 4687
f 4689 4853 4852
f 4689 4852 4688
f 4690 4854 4853
f 4690 4853 4689
f 4691 4855 4854
f 4691 4854 4690
f 4692 4856 4855
f 4692 4855 4691
f 4693 4857 4856
f 4693 4856 4692
f 4694 4858 4857
f 4694 4857 4693
f 4695 4859 4858
f 4695 4858 4694
f 4696 4860 4859
f 4696 4859 4695
f 4697 4861 4860
f 4697 4860 4696
f 4698 4862 4861
f 4698 4861 4697
f 4699 4863 4862
f 4699 4862 4698
f 4700 4864 4863
f 4700 4863 4699
f 4701 4865 4864
f 4701 4864 4700
f 4702 4866 4865
f 4702 4865 4701
f 4703 4867 4866
f 4703 4866 4702
f 4704 4868 4867
f 4704 4867 4703
f 4705 4869 4868
f 4705 4868 4704
f 4706 4870 4869
f 4706 4869 4705
f 4707 4871 4870
f 4707 4870 4706
f 4708 4872 4871
f 4708 4871 4707
f 4709 4873 4872
f 4709 4872 4708
f 4710 4874 4873
f 4710 4873 4709
f 4711 4875 4874
f 4711 4874 4710
f 4712 4876 4875
f 4712 4875 4711
f 4713 4877 4876
f 4713 4876 4712
f 4714 4878 4877
f 4714 4877 4713
f 4715 4879 4878
f 4715 4878 4714
f 4716 4880 4879
f 4716 4879 4715
f 4717 4881 4880
f 4717 4880 4716
f 4718 4882 4881
f 4718 4881 4717
f 4719 4883 4882
f 4719 4882 4718
f 4720 4884 4883
f 4720 4883 4719
f 4721 4885 4884
f 4721 4884 4720
f 4722 4886 4885
f 4722 4885 4721
f 4723 4887 4886
f 4723 4886 4722
f 4724 4888 4887
f 4724 4887 4723
f 4725 4889 4888
f 4725 4888 4724
f 4726 4890 4889
f 4726 4889 4725
f 4727 4891 4890
f 4727 4890 4726
f 4728 4892 4891
f 4728 4891 4727
f 4729 4893 4892
f 4729 4892 4728
f 4730 4894 4893
f 4730 4893 4729
f 4731 4895 4894
f 4731 4894 4730
f 4732 4896 4895
f 4732 4895 4731
f 4733 4897 4896
f 4733 4896 4732
f 4734 4898 4897
f 4734 4897 4733
f 4735 4899 4898
f 4735 4898 4734
f 4736 4900 4899
f 4736 4899 4735
f 4737 4901 4900
f 4737 4900 4736
f 4738 4902 4901
f 4738 4901 4737
f 4739 4903 4902
f 4739 4902 4738
f 4740 4904 4903
f 4740 4903 4739
f 4741 4905 4904
f 4741 4904 4740
f 4742 4906 4905
f 4742 4905 4741
f 4743 4907 4906
f 4743 4906 4742
f 4744 4908 4907
f 4744 4907 4743
f 4745 4909 4908
f 4745 4908 4744
f 4746 4910 4909
f 4746 4909 4745
f 4747 4911 4910
f 4747 4910 4746
f 4748 4912 4911
f 4748 4911 4747
f 4749 4913 4912
f 4749 4912 4748
f 4750 4914 4913
f 4750 4913 4749
f 4751 4915 4914
f 4751 4914 4750
f 4752 4916 4915
f 4752 4915 4751
f 4753 4917 4916
f 4753 4916 4752
f 4754 4918 4917
f 4754 4917 4753
f 4755 4919 4918
f 4755 4918 4754
f 4756 4920 4919
f 4756 4919 4755
f 4757 4921 4920
f 4757 4920 4756
f 4758 4922 4921
f 4758 4921 4757
f 4759 4923 4922
f 4759 4922 4758
f 4760 4924 4923
f 4760 4923 4759
f 4761 4925 4924
f 4761 4924 4760
f 4762 4926 4925
f 4762 4925 4761
f 4763 4927 4926
f 4763 4926 4762
f 4764 4928 4927
f 4764 4927 4763
f 4765 4929 4928
f 4765 4928 4764
f 4766 4930 4929
f 4766 4929 4765
f 4767 4931 4930
f 4767 4930 4766
f 4768 4932 4931
f 4768 4931 4767
f 4769 4933 4932
f 4769 4932 4768
f 4771 4934 4935
f 4771 4935 4772
f 4773 4936 4934
f 4773 4934 4771
f 4774 4937 4936
f 4774 4936 4773
f 4775 4938 4937
f 4775 4937 4774
f 4776 4939 4938
f 4776 4938 4775
f 4777 4940 4939
f 4777 4939 4776
f 4778 4941 4940
f 4778 4940 4777
f 4779 4942 4941
f 4779 4941 4778
f 4780 4943 4942
f 4780 4942 4779
f 4781 4944 4943
f 4781 4943 4780
f 4782 4945 4944
f 4782 4944 4781
f 4783 4946 4945
f 4783 4945 4782
f 4784 4947 4946
f 4784 4946 4783
f 4785 4948 4947
f 4785 4947 4784
f 4786 4949 4948
f 4786 4948 4785
f 4787 4950 4949
f 4787 4949 4786
f 4788 4951 4950
f 4788 4950 4787
f 4789 4952 4951
f 4789 4951 4788
f 4790 4953 4952
f 4790 4952 4789
f 4791 4954 4953
f 4791 4953 4790
f 4792 4955 4954
f 4792 4954 4791
f 4793 4956 4955
f 4793 4955 4792
f 4794 4957 4956
f 4794 4956 4793
f 4795 4958 4957
f 4795 4957 4794
f 4796 4959 4958
f 4796 4958 4795
f 4797 4960 4959
f 4797 4959 4796
f 4798 4961 4960
f 4798 4960 4797
f 4799 4962 4961
f 4799 4961 4798
f 4800 4963 4962
f 4800 4962 4799
f 4801 4964 4963
f 4801 4963 4800
f 4802 4965 4964
f 4802 4964 4801
f 4803 4966 4965
f 4803 4965 4802
f 4804 4967 4966
f 4804 4966 4803
f 4805 4968 4967
f 4805 4967 4804
f 4806 4969 4968
f 4806 4968 4805
f 4807 4970 4969
f 4807 4969 4806
f 4808 4971 4970
f 4808 4970 4807
f 4809 4972 4971
f 4809 4971 4808
f 4810 4973 4972
f 4810 4972 4809
f 4811 4974 4973
f 4811 4973 4810
f 4812 4975 4974
f 4812 4974 4811
f 4813 4976 4975
f 4813 4975 4812
f 4814 4977 4976
f 4814 4976 4813
f 4815 4978 4977
f 4815 4977 4814
f 4816 4979 4978
f 4816 4978 4815
f 4817 4980 4979
f 4817 4979 4816
f 4818 4981 4980
f 4818 4980 4817
f 4819 4982 4981
f 4819 4981 4818
f 4820 4983 4982
f 4820 4982 4819
f 4821 4984 4983
f 4821 4983 4820
f 4822 4985 4984
f 4822 4984 4821
f 4823 4986 4985
f 4823 4985 4822
f 4824 4987 4986
f 4824 4986 4823
f 4825 4988 4987
f 4825 4987 4824
f 4826 4989 4988
f 4826 4988 4825
f 4827 4990 4989
f 4827 4989 4826
f 4828 4991 4990
f 4828 4990 4827
f 4829 4992 4991
f 4829 4991 4828
f 4830 4993 4992
f 4830 4992 4829
f 4831 4994 4993
f 4831 4993 4830
f 4832 4995 4994
f 4832 4994 4831
f 4833 4996 4995
f 4833 4995 4832
f 4834 4997 4996
f 4834 4996 4833
f 4835 4998 4997
f 4835 4997 4834
g COL_MX01_upper_deck_candidate_smooth_skin_ceiling
usemtl MX01_EnclosureCeiling
v -3.750000 5.800000 0.250000
v -2.750000 5.800000 0.250000
v -2.750000 5.800000 1.250000
v -3.750000 5.800000 1.250000
v -2.750000 5.800000 2.250000
v -3.750000 5.800000 2.250000
v -2.750000 5.800000 3.250000
v -3.750000 5.800000 3.250000
v -2.750000 5.800000 4.250000
v -3.750000 5.800000 4.250000
v -2.750000 5.800000 5.250000
v -3.750000 5.800000 5.250000
v -2.750000 5.800000 6.250000
v -3.750000 5.800000 6.250000
v -2.750000 5.800000 7.250000
v -3.750000 5.800000 7.250000
v -2.750000 5.800000 8.250000
v -3.750000 5.800000 8.250000
v -2.750000 5.800000 9.250000
v -3.750000 5.800000 9.250000
v -2.750000 5.800000 10.250000
v -3.750000 5.800000 10.250000
v -2.750000 5.800000 11.250000
v -3.750000 5.800000 11.250000
v -2.750000 5.800000 12.250000
v -3.750000 5.800000 12.250000
v -2.750000 5.800000 13.250000
v -3.750000 5.768750 13.250000
v -2.750000 5.755000 14.250000
v -3.750000 5.681250 14.250000
v -2.750000 5.670000 15.250000
v -3.750000 5.562500 15.250000
v -2.750000 5.595000 16.250000
v -3.750000 5.412500 16.250000
v -2.750000 5.390000 17.250000
v -3.750000 5.250000 17.250000
v -2.750000 5.250000 18.250000
v -3.750000 5.100000 18.250000
v -1.750000 5.800000 0.250000
v -1.750000 5.800000 1.250000
v -1.750000 5.800000 2.250000
v -1.750000 5.800000 3.250000
v -1.750000 5.800000 4.250000
v -1.750000 5.800000 5.250000
v -1.750000 5.800000 6.250000
v -1.750000 5.800000 7.250000
v -1.750000 5.800000 8.250000
v -1.750000 5.800000 9.250000
v -1.750000 5.800000 10.250000
v -1.750000 5.800000 11.250000
v -1.750000 5.800000 12.250000
v -1.750000 5.800000 13.250000
v -1.750000 5.800000 14.250000
v -1.750000 5.775000 15.250000
v -1.750000 5.687500 16.250000
v -1.750000 5.556250 17.250000
v -1.750000 5.362500 18.250000
v -2.250000 5.800000 -30.250000
v -1.250000 5.800000 -30.250000
v -1.250000 5.800000 -29.250000
v -2.250000 5.800000 -29.250000
v -1.250000 5.800000 -28.250000
v -2.250000 5.800000 -28.250000
v -1.250000 5.800000 -27.250000
v -2.250000 5.800000 -27.250000
v -1.250000 5.800000 -26.250000
v -2.250000 5.800000 -26.250000
v -1.250000 5.800000 -25.250000
v -2.250000 5.800000 -25.250000
v -1.250000 5.800000 -24.250000
v -2.250000 5.800000 -24.250000
v -1.250000 5.800000 -23.250000
v -2.250000 5.800000 -23.250000
v -1.250000 5.800000 -22.250000
v -2.250000 5.800000 -22.250000
v -1.250000 5.800000 -21.250000
v -2.250000 5.800000 -21.250000
v -1.250000 5.768750 -20.250000
v -2.250000 5.800000 -20.250000
v -1.250000 5.681250 -19.250000
v -2.250000 5.706250 -19.250000
v -1.250000 5.556250 -18.250000
v -2.250000 5.562500 -18.250000
v -1.250000 5.562500 -17.250000
v -2.250000 5.556250 -17.250000
v -1.250000 5.706250 -16.250000
v -2.250000 5.681250 -16.250000
v -1.250000 5.800000 -15.250000
v -2.250000 5.768750 -15.250000
v -1.250000 5.800000 -14.250000
v -2.250000 5.800000 -14.250000
v -1.250000 5.800000 -13.250000
v -2.250000 5.800000 -13.250000
v -1.250000 5.800000 -12.250000
v -2.250000 5.800000 -12.250000
v -1.250000 5.800000 -11.250000
v -2.250000 5.800000 -11.250000
v -1.250000 5.800000 -10.250000
v -2.250000 5.800000 -10.250000
v -1.250000 5.800000 -9.250000
v -2.250000 5.800000 -9.250000
v -1.250000 5.800000 -8.250000
v -2.250000 5.800000 -8.250000
v -1.250000 5.800000 -7.250000
v -2.250000 5.800000 -7.250000
v -1.250000 5.800000 -6.250000
v -2.250000 5.800000 -6.250000
v -1.250000 5.800000 -5.250000
v -2.250000 5.800000 -5.250000
v -1.250000 5.800000 -4.250000
v -2.250000 5.800000 -4.250000
v -0.750000 5.100000 -37.750000
v 0.250000 5.100000 -37.750000
v 0.250000 5.462500 -36.750000
v -0.750000 5.462500 -36.750000
v 0.250000 5.737500 -35.750000
v -0.750000 5.737500 -35.750000
v 0.250000 5.800000 -34.750000
v -0.750000 5.800000 -34.750000
v -0.250000 5.800000 -33.750000
v 0.750000 5.800000 -33.750000
v 0.750000 5.800000 -32.750000
v -0.250000 5.800000 -32.750000
v 0.750000 5.800000 -31.750000
v -0.250000 5.800000 -31.750000
v 0.750000 5.800000 -30.750000
v -0.250000 5.800000 -30.750000
v 0.750000 5.800000 -29.750000
v -0.250000 5.800000 -29.750000
v 0.750000 5.800000 -28.750000
v -0.250000 5.800000 -28.750000
v 0.750000 5.800000 -27.750000
v -0.250000 5.800000 -27.750000
v 0.750000 5.800000 -26.750000
v -0.250000 5.800000 -26.750000
v 0.750000 5.800000 -25.750000
v -0.250000 5.800000 -25.750000
v 0.750000 5.800000 -24.750000
v -0.250000 5.800000 -24.750000
v 0.750000 5.800000 -23.750000
v -0.250000 5.800000 -23.750000
v 0.750000 5.800000 -22.750000
v -0.250000 5.800000 -22.750000
v 0.750000 5.800000 -21.750000
v -0.250000 5.800000 -21.750000
v 0.750000 5.800000 -20.750000
v -0.250000 5.800000 -20.750000
v 0.750000 5.800000 -19.750000
v -0.250000 5.800000 -19.750000
v 0.750000 5.800000 -18.750000
v -0.250000 5.800000 -18.750000
v 0.750000 5.800000 -17.750000
v -0.250000 5.800000 -17.750000
v 0.750000 5.800000 -16.750000
v -0.250000 5.800000 -16.750000
v 0.750000 5.800000 -15.750000
v -0.250000 5.800000 -15.750000
v 0.750000 5.800000 -14.750000
v -0.250000 5.800000 -14.750000
v 0.750000 5.800000 -13.750000
v -0.250000 5.800000 -13.750000
v 0.750000 5.800000 -12.750000
v -0.250000 5.800000 -12.750000
v 0.750000 5.800000 -11.750000
v -0.250000 5.800000 -11.750000
v 0.750000 5.800000 -10.750000
v -0.250000 5.800000 -10.750000
v 0.750000 5.800000 -9.750000
v -0.250000 5.800000 -9.750000
v 0.750000 5.800000 -8.750000
v -0.250000 5.800000 -8.750000
v 0.750000 5.800000 -7.750000
v -0.250000 5.800000 -7.750000
v 0.750000 5.800000 -6.750000
v -0.250000 5.800000 -6.750000
v 0.750000 5.800000 -5.750000
v -0.250000 5.800000 -5.750000
v 0.750000 5.800000 -4.750000
v -0.250000 5.800000 -4.750000
v 0.750000 5.800000 -3.750000
v -0.250000 5.800000 -3.750000
v 0.750000 5.800000 -2.750000
v -0.250000 5.800000 -2.750000
v 0.750000 5.800000 -1.750000
v -0.250000 5.800000 -1.750000
v 0.750000 5.800000 -0.750000
v -0.250000 5.800000 -0.750000
v 0.750000 5.800000 0.250000
v -0.250000 5.800000 0.250000
v 0.750000 5.800000 1.250000
v -0.250000 5.800000 1.250000
v 0.750000 5.800000 2.250000
v -0.250000 5.800000 2.250000
v 0.750000 5.800000 3.250000
v -0.250000 5.800000 3.250000
v 0.750000 5.800000 4.250000
v -0.250000 5.800000 4.250000
v 0.750000 5.800000 5.250000
v -0.250000 5.800000 5.250000
v 0.750000 5.800000 6.250000
v -0.250000 5.800000 6.250000
v 0.750000 5.800000 7.250000
v -0.250000 5.800000 7.250000
v 0.750000 5.800000 8.250000
v -0.250000 5.800000 8.250000
v 0.750000 5.800000 9.250000
v -0.250000 5.800000 9.250000
v 0.750000 5.800000 10.250000
v -0.250000 5.800000 10.250000
v 0.750000 5.800000 11.250000
v -0.250000 5.800000 11.250000
v 0.750000 5.800000 12.250000
v -0.250000 5.800000 12.250000
v 0.750000 5.800000 13.250000
v -0.250000 5.800000 13.250000
v 0.750000 5.800000 14.250000
v -0.250000 5.800000 14.250000
v 0.750000 5.800000 15.250000
v -0.250000 5.800000 15.250000
v 0.750000 5.800000 16.250000
v -0.250000 5.800000 16.250000
v 0.750000 5.768750 17.250000
v -0.250000 5.768750 17.250000
v 0.750000 5.643750 18.250000
v -0.250000 5.643750 18.250000
v 0.750000 5.487500 19.250000
v -0.250000 5.487500 19.250000
v 0.750000 5.487500 20.250000
v -0.250000 5.487500 20.250000
v 0.750000 5.643750 21.250000
v -0.250000 5.643750 21.250000
v 0.750000 5.768750 22.250000
v -0.250000 5.768750 22.250000
v 0.750000 5.800000 23.250000
v -0.250000 5.800000 23.250000
v 0.750000 5.800000 24.250000
v -0.250000 5.800000 24.250000
v 0.750000 5.800000 25.250000
v -0.250000 5.800000 25.250000
v 0.750000 5.800000 26.250000
v -0.250000 5.800000 26.250000
v 0.750000 5.800000 27.250000
v -0.250000 5.800000 27.250000
v 0.750000 5.800000 28.250000
v -0.250000 5.800000 28.250000
v 0.750000 5.800000 29.250000
v -0.250000 5.800000 29.250000
v 0.750000 5.800000 30.250000
v -0.250000 5.800000 30.250000
v 0.750000 5.800000 31.250000
v -0.250000 5.800000 31.250000
v 0.750000 5.800000 32.250000
v -0.250000 5.800000 32.250000
v 0.750000 5.800000 33.250000
v -0.250000 5.800000 33.250000
v 0.750000 5.800000 34.250000
v -0.250000 5.800000 34.250000
v 0.750000 5.737500 35.250000
v -0.250000 5.737500 35.250000
v 0.750000 5.462500 36.250000
v -0.250000 5.462500 36.250000
v 0.750000 5.100000 37.250000
v -0.250000 5.100000 37.250000
v 0.750000 4.993750 38.250000
v -0.250000 4.993750 38.250000
v 0.750000 4.925000 39.250000
v -0.250000 4.925000 39.250000
v 0.750000 4.831250 40.250000
v -0.250000 4.831250 40.250000
v 0.750000 4.800000 41.250000
v -0.250000 4.800000 41.250000
v 0.750000 4.800000 42.250000
v -0.250000 4.800000 42.250000
v 0.750000 4.800000 43.250000
v -0.250000 4.800000 43.250000
v 3.250000 5.586110 11.750000
v 4.250000 5.502780 11.750000
v 4.250000 5.493750 12.750000
v 3.250000 5.602080 12.750000
v 4.250000 5.487500 13.750000
v 3.250000 5.612500 13.750000
v 4.250000 5.456250 14.750000
v 3.250000 5.581250 14.750000
v 4.250000 5.306250 15.750000
v 3.250000 5.456250 15.750000
v 4.250000 5.100000 16.750000
v 3.250000 5.233330 16.750000
v 4.250000 5.011110 17.750000
v 3.250000 5.127780 17.750000
f 4999 5000 5001
f 4999 5001 5002
f 5002 5001 5003
f 5002 5003 5004
f 5004 5003 5005
f 5004 5005 5006
f 5006 5005 5007
f 5006 5007 5008
f 5008 5007 5009
f 5008 5009 5010
f 5010 5009 5011
f 5010 5011 5012
f 5012 5011 5013
f 5012 5013 5014
f 5014 5013 5015
f 5014 5015 5016
f 5016 5015 5017
f 5016 5017 5018
f 5018 5017 5019
f 5018 5019 5020
f 5020 5019 5021
f 5020 5021 5022
f 5022 5021 5023
f 5022 5023 5024
f 5024 5023 5025
f 5024 5025 5026
f 5026 5025 5027
f 5026 5027 5028
f 5028 5027 5029
f 5028 5029 5030
f 5030 5029 5031
f 5030 5031 5032
f 5032 5031 5033
f 5032 5033 5034
f 5034 5033 5035
f 5034 5035 5036
f 5000 5037 5038
f 5000 5038 5001
f 5001 5038 5039
f 5001 5039 5003
f 5003 5039 5040
f 5003 5040 5005
f 5005 5040 5041
f 5005 5041 5007
f 5007 5041 5042
f 5007 5042 5009
f 5009 5042 5043
f 5009 5043 5011
f 5011 5043 5044
f 5011 5044 5013
f 5013 5044 5045
f 5013 5045 5015
f 5015 5045 5046
f 5015 5046 5017
f 5017 5046 5047
f 5017 5047 5019
f 5019 5047 5048
f 5019 5048 5021
f 5021 5048 5049
f 5021 5049 5023
f 5023 5049 5050
f 5023 5050 5025
f 5025 5050 5051
f 5025 5051 5027
f 5027 5051 5052
f 5027 5052 5029
f 5029 5052 5053
f 5029 5053 5031
f 5031 5053 5054
f 5031 5054 5033
f 5033 5054 5055
f 5033 5055 5035
f 5056 5057 5058
f 5056 5058 5059
f 5059 5058 5060
f 5059 5060 5061
f 5061 5060 5062
f 5061 5062 5063
f 5063 5062 5064
f 5063 5064 5065
f 5065 5064 5066
f 5065 5066 5067
f 5067 5066 5068
f 5067 5068 5069
f 5069 5068 5070
f 5069 5070 5071
f 5071 5070 5072
f 5071 5072 5073
f 5073 5072 5074
f 5073 5074 5075
f 5075 5074 5076
f 5075 5076 5077
f 5077 5076 5078
f 5077 5078 5079
f 5079 5078 5080
f 5079 5080 5081
f 5081 5080 5082
f 5081 5082 5083
f 5083 5082 5084
f 5083 5084 5085
f 5085 5084 5086
f 5085 5086 5087
f 5087 5086 5088
f 5087 5088 5089
f 5089 5088 5090
f 5089 5090 5091
f 5091 5090 5092
f 5091 5092 5093
f 5093 5092 5094
f 5093 5094 5095
f 5095 5094 5096
f 5095 5096 5097
f 5097 5096 5098
f 5097 5098 5099
f 5099 5098 5100
f 5099 5100 5101
f 5101 5100 5102
f 5101 5102 5103
f 5103 5102 5104
f 5103 5104 5105
f 5105 5104 5106
f 5105 5106 5107
f 5107 5106 5108
f 5107 5108 5109
f 5110 5111 5112
f 5110 5112 5113
f 5113 5112 5114
f 5113 5114 5115
f 5115 5114 5116
f 5115 5116 5117
f 5118 5119 5120
f 5118 5120 5121
f 5121 5120 5122
f 5121 5122 5123
f 5123 5122 5124
f 5123 5124 5125
f 5125 5124 5126
f 5125 5126 5127
f 5127 5126 5128
f 5127 5128 5129
f 5129 5128 5130
f 5129 5130 5131
f 5131 5130 5132
f 5131 5132 5133
f 5133 5132 5134
f 5133 5134 5135
f 5135 5134 5136
f 5135 5136 5137
f 5137 5136 5138
f 5137 5138 5139
f 5139 5138 5140
f 5139 5140 5141
f 5141 5140 5142
f 5141 5142 5143
f 5143 5142 5144
f 5143 5144 5145
f 5145 5144 5146
f 5145 5146 5147
f 5147 5146 5148
f 5147 5148 5149
f 5149 5148 5150
f 5149 5150 5151
f 5151 5150 5152
f 5151 5152 5153
f 5153 5152 5154
f 5153 5154 5155
f 5155 5154 5156
f 5155 5156 5157
f 5157 5156 5158
f 5157 5158 5159
f 5159 5158 5160
f 5159 5160 5161
f 5161 5160 5162
f 5161 5162 5163
f 5163 5162 5164
f 5163 5164 5165
f 5165 5164 5166
f 5165 5166 5167
f 5167 5166 5168
f 5167 5168 5169
f 5169 5168 5170
f 5169 5170 5171
f 5171 5170 5172
f 5171 5172 5173
f 5173 5172 5174
f 5173 5174 5175
f 5175 5174 5176
f 5175 5176 5177
f 5177 5176 5178
f 5177 5178 5179
f 5179 5178 5180
f 5179 5180 5181
f 5181 5180 5182
f 5181 5182 5183
f 5183 5182 5184
f 5183 5184 5185
f 5185 5184 5186
f 5185 5186 5187
f 5187 5186 5188
f 5187 5188 5189
f 5189 5188 5190
f 5189 5190 5191
f 5191 5190 5192
f 5191 5192 5193
f 5193 5192 5194
f 5193 5194 5195
f 5195 5194 5196
f 5195 5196 5197
f 5197 5196 5198
f 5197 5198 5199
f 5199 5198 5200
f 5199 5200 5201
f 5201 5200 5202
f 5201 5202 5203
f 5203 5202 5204
f 5203 5204 5205
f 5205 5204 5206
f 5205 5206 5207
f 5207 5206 5208
f 5207 5208 5209
f 5209 5208 5210
f 5209 5210 5211
f 5211 5210 5212
f 5211 5212 5213
f 5213 5212 5214
f 5213 5214 5215
f 5215 5214 5216
f 5215 5216 5217
f 5217 5216 5218
f 5217 5218 5219
f 5219 5218 5220
f 5219 5220 5221
f 5221 5220 5222
f 5221 5222 5223
f 5223 5222 5224
f 5223 5224 5225
f 5225 5224 5226
f 5225 5226 5227
f 5227 5226 5228
f 5227 5228 5229
f 5229 5228 5230
f 5229 5230 5231
f 5231 5230 5232
f 5231 5232 5233
f 5233 5232 5234
f 5233 5234 5235
f 5235 5234 5236
f 5235 5236 5237
f 5237 5236 5238
f 5237 5238 5239
f 5239 5238 5240
f 5239 5240 5241
f 5241 5240 5242
f 5241 5242 5243
f 5243 5242 5244
f 5243 5244 5245
f 5245 5244 5246
f 5245 5246 5247
f 5247 5246 5248
f 5247 5248 5249
f 5249 5248 5250
f 5249 5250 5251
f 5251 5250 5252
f 5251 5252 5253
f 5253 5252 5254
f 5253 5254 5255
f 5255 5254 5256
f 5255 5256 5257
f 5257 5256 5258
f 5257 5258 5259
f 5259 5258 5260
f 5259 5260 5261
f 5261 5260 5262
f 5261 5262 5263
f 5263 5262 5264
f 5263 5264 5265
f 5265 5264 5266
f 5265 5266 5267
f 5267 5266 5268
f 5267 5268 5269
f 5269 5268 5270
f 5269 5270 5271
f 5271 5270 5272
f 5271 5272 5273
f 5274 5275 5276
f 5274 5276 5277
f 5277 5276 5278
f 5277 5278 5279
f 5279 5278 5280
f 5279 5280 5281
f 5281 5280 5282
f 5281 5282 5283
f 5283 5282 5284
f 5283 5284 5285
f 5285 5284 5286
f 5285 5286 5287
